question,answer,book,chapter,paragraph
How does Ayurveda approach wellness according to its principles?,"Ayurveda approaches wellness as a highly individualized, holistic approach that takes into account your unique constitutional makeup, how your health shifts according to the seasons and different times of the day. It considers all parts of a persons physical, emotional, and spiritual makeup, including lifestyle and environmental elements, interactions with family, friends, and colleagues, and emphasizes a healthy regimen that factors in food, rest, daily routines, and mindbody practices such as meditation and yoga. The famous Ayurvedic saying is With proper diet and lifestyle, there is no need for medicine without proper diet and lifestyle, there is no use for medicine. It treats the whole individualnot just symptoms of an illness.",Ayurveda: Ancient Wisdom for a Modern Lifestyle,1,15
"Can you explain how I can find balance in my body according to Ayurveda, considering the mahabhutas are key to understanding this system?","the mahabhutas is key to understanding Ayurveda because these elements combine in infinite variety to create our personal mindbody constitutions, and they are the building blocks for creating balance When the body is out of balance, mahabhutas with opposite qualities are used to return that imbalance to balance ie , health and wellbeing The panchamahabhutas are fundamental to",Ayurveda: Ancient Wisdom for a Modern Lifestyle,1,23
What kind of approach is being used to diagnose and treat me according to Ayurveda?,Ayurvedic diagnosis and treatment,Ayurveda: Ancient Wisdom for a Modern Lifestyle,1,24
What are the three bodilymetabolic types called doshas in Ayurveda and how do they derive from the five mahabhutas?,"the Three Doshas Ayurveda identifies three bodilymetabolic types, called doshas. These doshasknown as Vata, Pitta, and Kapha are biological energies that govern the physiology, psychology, and subtle energy of the body The doshas are essentially our guides for choosing foods, activities, and lifestyle habits that create and maintain balance within our unique constitution The three doshas derive from the five mahabhutasthe elements of natureand are closely related to the qualities of each element Heres how the five mahabhutas combine to create the three doshas Vata Air Space Pitta Fire Water Kapha Water Earth According to Ayurveda, were born with a proportion of the doshas thats unique to us While everyone has some proportion of all three doshas on a cellular level, we typically have one predominant dosha along with a strong secondary dosha Our physical and mental characteristics will be associated with these two doshas They are also the doshas most likely to be affected by dietary and lifestyle imbalances Its also possible, though rare, that someone might be tridoshic in other words, that person has an equal amount of all three doshas",Ayurveda: Ancient Wisdom for a Modern Lifestyle,1,26
"Could you please explain to me about the five subdoshas associated with each of Vata, Pitta, and Kapha doshas, their locations within anatomical areas, and any health concerns they might be related to?","gain a better understanding of your health and to be more precise in advising you how to make lifestyle changes that support mind body balance Although the subdoshas are most often used as diagnostic tools by experienced health practitioners, they can help you get a clearer picture of Ayurvedas subtleties and the general characteristics of each dosha The three doshas are each divided into five subdoshas, which are located within an anatomical area Each subdosha is associated with a health concern that should be addressed Following is a list of the subdoshas for the Vata, Pitta, and Kapha doshas 2The three doshas are each divided into five subdoshas, which are located within anatomical area.",Ayurveda: Ancient Wisdom for a Modern Lifestyle,1,68
"What two Ayurvedic principles guide the treatment of an imbalance in the body, and how can I adjust my lifestyle or diet to balance them when trying to manage certain conditions?","two fundamental Ayurvedic principles 1 Samanya Like increases like, 2 Vishesha Opposites decrease each other In Ayurveda, when an imbalance manifests in the body, we treat it by increasing the opposite quality. For instance, if youre too hot a condition we might call aggravated Pitta because heat is a Pitta quality, you can reduce the heat or pacify the Pitta by drinking something cold, taking a swim, or ingesting Ayurvedic herbs with cooling properties. Another common example is a person whos predominantly Kapha and whos trying to lose weight. Kapha is characterized by a rounder body type and by gunas such as heavy, slow, cool, oily, damp, and stable. To lose weight, the Kapha person will want to balance these gunas with their opposites and decrease excess fat tissue associated with an imbalance of Kapha. Therefore, that person will want to favor foods that are lighter easier and faster to digest low in fat moderate in protein and that taste bitter, pungent, and astringent. The 10 Pairs of Gunas",Ayurveda: Ancient Wisdom for a Modern Lifestyle,1,80
What qualities are associated with each dosha in Ayurveda and how do they help us determine what pacifies or aggravates a dosha?,"1 Light Light Heavy 2 Cold Hot Cold 3 Dry Oily Oily 4 Sharp Sharp Dull 5 Mobile Mobile Stable Slow 6 Hard Soft Soft 7 Rough Smooth Smooth 8 Liquid Liquid Dense Solid 9 Subtle Subtle Gross 10 Clear Clear CloudyThe Gunas for Each DoshaThe gunas are important in Ayurveda because each is associated with a different dosha, and each helps us identify what pacifies or aggravates a dosha From reading about the three doshas and their subdoshas, you may already have begun to see a pattern in the qualities that indicate those doshas For convenience, though, it helps to see which gunawhich qualitiesare present in which doshas If a dosha possesses a particular guna, then adding qualities of a similar guna will aggravate that dosha For instance, a person with a dominant Vata dosha is likely to feel cool in general because that guna is typical of Vata In winter, when temperatures drop, the Vatas chilly feeling probably intensifies because cold weather is compounding an already cool body sensation We call that an aggravation of the Vata dosha",Ayurveda: Ancient Wisdom for a Modern Lifestyle,1,95
"If my current state of health shows an altered constitutional makeup and a state of the doshas that doesnt match my prakriti, could Ayurveda help me reestablish my natural balance by removing the cause of imbalance or introducing the opposite quality?","Yes, Ayurveda reestablishes the persons natural balance by removing the cause of the imbalance or by introducing the opposite quality",Ayurveda: Ancient Wisdom for a Modern Lifestyle,1,120
"Is proper digestion essential to my overall health in Ayurveda, both physically and emotionally?","Yes, good digestion is essential to your overall health in Ayurveda, both physically and emotionally.",Ayurveda: Ancient Wisdom for a Modern Lifestyle,1,144
"What is the Ayurvedic understanding of Agni, its role in metabolism, and how can I maintain its strength?","From an Ayurvedic point of view, agni is embodied in Pitta, which contains both the fire and water elements and is the force of metabolism and digestion. It is present in the two aspects of metabolism Catabolism the breaking down of a substance into a smaller substance and Anabolism the creation or building of tissue from smaller components. Agni cannot exist by itselfit is always contained by Pitta. In addition to transforming substances, agni is also responsible for the power of appetite and the degree of body temperature. Certain habits or behaviors can disturb and weaken agni, including Overeating, Irregular eating, Intake of heavy, cold, old, or contaminated food, Eating foods that arent suited to your dosha, Eating when you have indigestion, Inappropriate adaptation to your geographic location, time, or season, Suppression of natural urges, Excessive fasting, and Faulty administration of purification procedures. When your agni is strong, food is welldigested and all wastes are eliminated via urine, feces, and sweat. There are a number of simple ways to help keep your agni functioning optimally 1 Drink warm water containing the juice of half a lemon each morning Lemon detoxifies the liver and stimulates peristalsis, which eliminates constipation, 2 Avoid icecold beverages they reduce agni and opt for warm water or hot tea, 3 Make lunch your biggest meal of the day because thats when your agni is strongest, 4 Eat a light dinner at least two hours before bed when agni, like you, rests, 5 Choose warm, cooked foods over raw ones because theyre easier to digest, 6 Cook with digestionaiding herbs and spices ginger root, mint, cinnamon, and fennel seeds, 7 Exercise daily A brisk walk or a yoga class stimulates your metabolism and digestion. Ama Blockage and Toxins in Your System",Ayurveda: Ancient Wisdom for a Modern Lifestyle,1,146
"Doctor, could you explain to me what Ama is?",Ama is the undigested food residue that lodges itself within the,Ayurveda: Ancient Wisdom for a Modern Lifestyle,1,147
"If I have poor digestion and low agni, what symptoms might I experience according to Ayurveda?","tissues and organs when digestion is poor and agni is low From a Western medical perspective, this relates to tissue sludge such as excess fat, plaque, and cholesterol that clog the major channels of the body Too much ama creates fatigue, generalized pain throughout the body, depression, susceptibility to infections, a dull appetite, and oversensitive digestion Stagnation such as constipation, sinus congestion, and difficulty breathing Waking up tired, lethargic, energyless A tongue coated with white mucus, especially in the morning Feeling achy and stiff A sense of heaviness in the body as a whole or in the abdomen Lacking mental clarity and concentration Frequent indigestion, gas, bloating, andor stomachaches Theres a saying in Ayurveda that You have to be careful about what you eat, or your food will begin to eat you This occurs through the development of ama, which leads to obesity and a host of diseases From an Ayurvedic perspective, poor digestion and an excess of ama is linked to most major illnesses or problems, even those extending beyond the gastrointestinal tract In considering digestion, Ayurveda considers how well were digesting our thoughts, emotions, and sensory impressions on a daily basis Improper digestion in these areas can lead to a host of physical and mental disorders Its important to note here that in Ayurveda, digestion isnt always just the gastrointestinal process we learn about in biology class Digestion also refers to experiences that we process through the five sensesand the emotions that result For instance, the words you speak and hear during a heated argument with your partner could result in feelings of anger or fear When you ingest those emotions, the body responds in much the same way as if you ate a handful of jalapeo peppers you would feel physically ill Undigested emotions can lead to your stomach",Ayurveda: Ancient Wisdom for a Modern Lifestyle,1,148
What are three ways I can reduce and treat Ama according to Ayurveda?,Three Ways to Reduce and Treat Ama,Ayurveda: Ancient Wisdom for a Modern Lifestyle,1,149
"If I have formed ama in my system, what can I do to reduce it? And if I want to prevent creating ama, what dietary and lifestyle recommendations should I follow for my dosha? Also, what treatments should I undergo to flush out ama that has already been absorbed by the tissues?","2 Reduce If ama has already formed, adjust your diet, take detoxifying Ayurvedic herbs, and fast3 T reat Undergo purifying panchakarma treatments see page 46 to flush out ama that has already been absorbed by the tissues",Ayurveda: Ancient Wisdom for a Modern Lifestyle,1,150
"What should I know about incorporating the Six Tastes into my diet according to my dosha or individual body type, and how can it help me balance my constitution?","through simple ingredients6 Sweet Earth Water Cold Damp Heavy Kapha Sour Earth Fire Hot Damp Heavy Pitta Salty Earth Water Hot Heavy Moist Pitta Kapha Bitter Air Space Ether Cold Dry Light Vata Pungent Fire Air Hot Dry Light Pitta Vata Astringent Air Space Ether Cold Dry Light VataIts best to incorporate the Six Tastes into your diet and then fine tune these tastes according to your dosha or individual body type For instance, if youre a Pitta type, your body may run a little hotter or more acidic than someone of a different dosha Youll still want some pungent foods in your diet, but you would want to tailor your food choices to contain less heating or acidic foods Likewise, if you naturally have a predominance of Kapha in your constitution and are trying to lose weight, you may need to decrease the excess fat tissue associated with an imbalance in Kapha If thats the case, youll want to favor foods that are lighter, easier to digest, low in fat, moderate in protein, and rich in bitter, pungent, and astringent tastes In addition to encompassing a complete nutritional spectrum, a balance of the six tastes will help reduce food cravingsa key component of learning to eat in a way that balances your constitution",Ayurveda: Ancient Wisdom for a Modern Lifestyle,1,161
"What is the effect of the six tastes on my doshas, doctor?",The Effect of the Six Tastes on the Doshas,Ayurveda: Ancient Wisdom for a Modern Lifestyle,1,162
"What are the mahabhutas associated with each taste and how do they affect each dosha, as well as what tastes should I minimize if theyre already present in my dosha and which ones should I favor for balancing the primary dosha Im working to reduce?","This chart7 shows the mahabhutas in each of the tastes and how the particular qualities of a taste affect each dosha Again, youll want to minimize the amounts of a taste that you eat if its already present in your dosha This is an example of one of the basic Ayurvedic principles like increases like VATA Salty, Sweet, Sour Bitter, Astringent, Pungent PITTA Sweet, Bitter, Astringent Pungent, Sour, Salty KAPHA Bitter, Pungent, Astringent Sweet, Salty, Sour Below is a quick look at the tastes that are most recommended for each dosha and those that can actually aggravate a dosha if you eat too much of them 8 Remember that no matter what your doshic makeup, you will want to consume all six tastes in your diet, but you should favor tastes that balance the primary dosha youre working to reduce",Ayurveda: Ancient Wisdom for a Modern Lifestyle,1,163
"Can using certain spices at every meal help balance my doshas, aid digestion, and have medicinal benefits such as fighting inflammation, improving circulation, relieving gas, bloating, and indigestion, reducing arthritis, and even potentially preventing cancer?",Yes,Ayurveda: Ancient Wisdom for a Modern Lifestyle,1,191
What is the Ayurvedic daily routine called dinacharya thats recommended for good health and wellbeing?,Ayurvedic daily routine called dinacharya is the way a person would ideally spend the day for good health and wellbeing. Heres an outline of it,Ayurveda: Ancient Wisdom for a Modern Lifestyle,1,206
"What adjustments should I make to my diet and lifestyle according to the associations between seasons and doshas, as per the text?","Seasonal changes, including weather and temperature, affect our level of balance and require us to make adjustments to what we eat and how we exercise If needed, use balancing techniques in the chart on the next page to counter the effects of seasonal influences, especially during the weeks of transition between seasons In general Simplify your diet Use occasional fasting as a tool because it allows the body to rest and readjust to changes in weather and patterns of eating Cultivate peace and clarity by releasing negative emotions Eat fresh, local produce year round Avoid foods that are not in season whenever possible",Ayurveda: Ancient Wisdom for a Modern Lifestyle,1,208
"If Im feeling dizzy, exhausted, or on the verge of cramping, could it be a sign that Im out of balance as a Vata type?","Feeling dizzy, exhausted, or on the verge of cramping are all signs of Vata imbalance",Ayurveda: Ancient Wisdom for a Modern Lifestyle,1,243
"What is the detoxifying process offered by Ayurveda called, which involves oil massages, steamsweat treatments, herbal enemas, nasal administrations of herbs and oils, andor gentle laxatives and emetics to cleanse the body of ama that could contribute to illness?","Detoxification Eating, exercising, and living in harmony with your dosha are essential for maintaining good health, yet Ayurveda offers an additional method for flushing ama out of the body When the seasons change, or if you need to address a particular health concern, you may need to cleanse and rebalance doshas that are aggravated or deficient In Ayurveda, this detoxifying process is called panchakarmaliterally five actions or five treatments in Sanskrit Done under the care of an Ayurvedic practitioner, panchakarma is tailored to your dosha Depending on your particular needs, it involves oil massages, steamsweat treatments, herbal enemas, nasal administrations of herbs and oils, andor gentle laxatives and emetics All of these techniques cleanse the body of ama that has been absorbed by the tissues and that could contribute to illness",Ayurveda: Ancient Wisdom for a Modern Lifestyle,1,280
What are some of the most common Panchakarma treatments according to Ayurveda and what do they involve?,"a qualified Ayurvedic physician, who determines your prakriti and prescribes the therapies best suited to your imbalances and health concerns if any T rained therapists administer the procedures in a specific sequence Panchakarma treatments are comfortable and deeply soothing, although some people experience periods of discomfort associated with toxin release Heres a list of some of the most common panchakarma treatments14 Abyanga A relaxing, herbaloil massage that removes impurities by stimulating arterial and lymphatic circulation Shirodhara A stream of warm, herbinfused oil is poured over the forehead to create a profoundly calming effect on mind, body, and spirit Garshana A dry, lymphatic skin brushingdone with either wool or a silk gloveenhances circulation and cleanses the skin Swedana This therapeutic steam bath is done by keeping the patients head and heart cool while the rest of the body is heated Sweating removes mental, emotional, and physical toxins lodged deep in the tissues finished with a lymphatic massage The result is radiant skin and release of stagnant lymphatic toxins Basti An herbal enema that flushes toxins out of the colon Nasya An herbal preparation andor oil drops are inhaled through the nose the result is that the sinuses are cleared of excessive mucus Five Senses Therapy This treatment combines the therapeutic effects of all five senses for holistic body and spirit harmonizing Each of the five senses is associated with one of the five mahabhutas 1 Sound Vedic hymns and mantras that correlate to each imbalance are played 2 Touch Therapeutic touch enlivens vital points on the body called marma. 3 Taste Flavors from herbal medicines are helpful to dosha balance 4 Sight Selected Ayurvedic colors fill the room 5 Smell Individualized aromatherapy is used",Ayurveda: Ancient Wisdom for a Modern Lifestyle,1,286
Could you please provide me with the BodyType Questionnaire to help determine my predominant Ayurvedic Dosha or bodytype?,2 The Body Type Questionnaire The body type q uestionnaire that follows should be filled in to help ascertain your predominant Ayurvedic dosha or body type,everyday_Ayurvedha,1,5
"Could it be possible that my imbalance is in one of the doshas, given that Ive ticked many boxes on the lower part of the vata, pitta or kapha questionnaire pages?","If you have ticked many of the boxes on the lower part of the vata, pitta or kapha questionnaire pages this indicates an imbalance in that particular dosha",everyday_Ayurvedha,1,5
"Could my frequent imbalances and feelings of being ungrounded be related to being a predominantly Vata body type, especially when I get excessively cold or exposed to noisy, busy environments with excessive movement?","Thus, is we are a predominantly Vata body type and we become excessively cold or are exposed to noisy, busy environments with excess mov ement we will soon become imbalanced and un grounded",everyday_Ayurvedha,1,5
"Doctor, could there be an imbalance in my Vata that might be causing my skin and hair to become dry, rough, and thin?","You need to balance the movement of Vata if many of the following conditions are present Your skin or hair is dry, rough and thin",everyday_Ayurvedha,1,5
What dietary and environmental recommendations are suggested for balancing the Vata dosha according to Ayurveda?,"Avoid loud, noisy envi ronments Rest for short periods throughout the day Avoid excessive use of VDU displays 10 The Vata balancing diet Favour warm, hearty, nourishing foods with added butteroil favour salty, sour and sweet tastes",everyday_Ayurvedha,1,5
"Doctor, should I drink hot water throughout the day to help eliminate impurities and stabilize my Vata?",Sip hot water throughout the day to flush out impurities and balance Vata,everyday_Ayurvedha,1,5
"Doctor, I have noticed that my skin is overly oily and prone to acne. Could it be due to an imbalance in pitta?",You need to balance the heat of pitta if many of the following conditions are present Your skin is overly oily and prone to acne,everyday_Ayurvedha,1,5
"Doctor, what tips do I need to follow for balancing Pitta?","Tips for balancing Pitta Follow a Pitta balancing diet and avoid overly hot, spicy or sour foods",everyday_Ayurvedha,1,5
What foods and spices should I avoid to prevent aggravating acid and pitta in my intestines and blood?,"Avoid very oily, salty, sour, fermented or pungent foods and spices such as chillies , alcohol , pickles, vinegar , hard or pungent cheeses , citrus fruits , sour cream, yoghurt , tomatoes, garlic, onions and chillies as they will aggravate the acid and pitta in the intestines and blood",everyday_Ayurvedha,1,5
"Could my weight issue be related to Kapha imbalance because of low digestive fire agni and slow metabolism, even when I consume minimal amounts of food?","A Kapha related weight imbalance is due to a lack of digestive fire low agni and low metabolic rate so even though we may eat very small amounts of food, we still tend to gain weight",everyday_Ayurvedha,1,5
"Could emotional stress lead to me eating when Im not hungry or seeking something sweet to pacify my mood, which might contribute to kapha imbalances and weight gain?",Emotional stress is another ke y factor in kapha imbalances and weight gain and can manifest as eating when you are not hungry or looking for something sweet to pacify a bad mood,everyday_Ayurvedha,1,5
Could an excess of these substances potentially lead to vata aggravation and body dehydration?,In excess they can aggravate vata and dehydrate the body,everyday_Ayurvedha,1,5
"Doctor, if I have a pitta imbalance, can I take cool drinks between my meals?",If you have a pitta imbalance you can take cool drinks in between meals,everyday_Ayurvedha,1,5
"Could accumulation of toxins in my physiology be causing most of my current health issues, as per Ayurveda?","According to ayurveda, the build up of ama or toxins i n the physiology is the root cause of most disorders",everyday_Ayurvedha,1,5
"How should I modify my lifestyle and diet, as a Vatatype, during this season to keep my Vata dosha in balance?",Vata types especially must try to follow a Vata pacifying routine and diet at this time of year to prevent Vata dosha f r o m drifting out of balance,everyday_Ayurvedha,2,2
"Is summer similar to the Pitta dosha, and if I have a tendency towards Pittatype imbalances, do I need to stay cool and follow a Pitta pacifying routine and diet?","Summer is hot, just like Pitta dosha, and those prone to Pitta type imbalances should keep cool and follow a Pitta pacifying routine and diet",everyday_Ayurvedha,2,2
"What kind of diet and routine should I follow to avoid flu, cold, and blocked sinuses, being a Kapha type?","Kapha t y pes should follow a Kapha pacifying diet and routine to keep their bodies in balance and free from the usual complaints of flu, cold and blocked sinuses",everyday_Ayurvedha,2,2
Is there anything about this treatment that specifically helps balance my vata and pitta doshas?,Pacifies the doshas especially vata pitta,everyday_Ayurvedha,2,2
"Could applying oil to my ears help with any ear disorders caused by an increase in vata, and also potentially alleviate stiffness in my neck and jaw?",Applying oil to the ears rectifies disorders of the ear which are due to increased vata it also improves stiffness in the neck and jaw,everyday_Ayurvedha,2,2
"Doctor, how does this treatment enhance my vision, pacify vata, reduce my sciatica symptoms, and tone local veins and ligaments?","It also enhances vision, pacifies vata, reduces sciatica symptoms and tones local veins and ligaments",everyday_Ayurvedha,2,2
"Is there a specific breathing exercise that can help cool my mind and body, particularly for Pitta imbalances?",41 Here are some variations that will help with specific dosha imbalances within the physiology Left Nostril Breathing Pitta Pranayama This breathing exercise helps cool the mind and body and is excellent for Pitta imbalances,everyday_Ayurvedha,2,2
Could it be that I have an imbalance of Pitta because my left nostril is blocked and Ive been feeling overheated?,If the left nostril is blocked the body often feels overheated a Pitta imbalance,everyday_Ayurvedha,2,2
"Does this treatment pacify all three doshas, create balance, enhance digestion, improve immunity, dissolve impurities in my tissues, banish fatigue, stop early aging, and retard weight gain?","It also pacifies all three doshas, creates balance, enhances diges tion, improves immunity, dissolves impurities in the tissues, bani sh es fatigue, stops early aging and retards weight gain",everyday_Ayurvedha,2,2
"Could excessive exercise potentially lead to fatigue, a loss of skin and facial glow, aggravation of pitta and vata, and strain on my respiratory and cardiovascular systems?","However, too much exercise can be damaging, causing fatigue, lack of glow in the skin and face, pitta and vata aggravation and strai n on the respiratory and cardiovascular systems",everyday_Ayurvedha,2,2
"Do twiceyearly courses of panchakarma treatments lasting between ten and fourteen days each help maintain my body in peak condition, preventing it from overflowing?",Twice yearly courses of panchakarma treatments of ten to fourteen days duration help maintain the body in peak condition they keep the barrel from overflowing,everyday_Ayurvedha,3,2
What are the benefits of Panchakarma and why should I rest my mind and digestive system for a successful detox?,"The be nefits of Panchakarma Cleanses the digestive tract Increases energy and vitality Balances the mind Stre ngthe ns the immune system Reduces stress and anxiety Improves digestion, assimilation Eliminates disease causing free radicals Strengthens the endocrine system Creates clarity of mind Releases negative emotions Reduces mental chatter Increases muscle strength and tone Strengthens and regenerat es bone tissue Balances the nervous system Decreases cholesterol Unblocks arteries Balances high and low blood pressure Eliminates toxins and metabolic waste Detoxifies the liver and blood Increases health and happiness Improves complexion and skin tone For a detox to be totally successful we must first rest the mind and the digestive system as these are our two m ost energy demanding activities",everyday_Ayurvedha,3,2
"What is the stage two treatment called, and what does it involve according to Ayurveda?",Stage two pretreatment purvakarma Purvakarma involves ingesting a fatty age nt snehana such as ghee clarified butter for several days in order to gradually penetrate all seven bodily tissues and release their stored toxins,everyday_Ayurvedha,3,2
What is the treatment schedule for this detoxification process and when should I take the Snehana substance?,"Day 1 Cleanses the colon of ama and mala waste Day 2 Balances and nourishes the vata areas of th e body and calms the mind Day 3 Balances and nourishes the pitta areas, especially the blood rakta and lymph ra s a Day 4 Draws toxins from the kapha areas of the body, especially the muscle tissue mamsa Day 5 Draws toxins from the kapha areas of the body especially the adiposefat tissue meda Day 6 Draws toxins from bone tissue and balances vata asthi Day 7 Draws toxins from the bone marrow and nerve tissue and balances vata majj a Day 8 Draws toxins from the reproductive tissue semen ovum shukra The snehana substance is taken early in the morning and replaces breakfast",everyday_Ayurvedha,3,2
What is the treatment for stage three according to Ayurveda?,"62 Stage three purgation virechana Virechana is an orally administered, h er binduced purgative treatment that moves acidic secretion s and impurities ama from the pitta regions mainly the blood, liver, gall bladder and small intestines to the rectum",everyday_Ayurvedha,3,2
At what times should I take this treatment according to Ayurveda?,"It is usually adminis tered very early in the morning, or during pitta time when pittarelated ama naturally accumulates in the pitta regions",everyday_Ayurvedha,3,2
"Should my meals be relatively hot, spicy and sour for boosting pittarelated secretions?","The meal should be relatively hot, spicy and sour tasting as these tastes help promote pittarelated secretions",everyday_Ayurvedha,3,2
"Do I experience mild cramping or burning sensations occasionally? If so, could it be related to pittarelated ama being expelled from my body?",Mild cramping or burning sensations occasionally occur due to pitta related ama being expelled,everyday_Ayurvedha,3,2
"Should I avoid consuming any cold food or drinks at this point because it might shrink my bodily channels, aggravate vata and further strain my weakened digestive fire?","It is very important at this stage not to eat or drink anything cold as this will shrink the bodily channels, aggravate vata and tax an a lready weakened digestive fire",everyday_Ayurvedha,3,2
"Could this treatment be beneficial for my pittarelated disorders such as malabsorption, acne, dermatitis, psoriasis, eczema, leprosy, leukoderma, hyperacidity, colitis, urticaria, hemorrhoids, headaches, migraine and allergies?","It is excellent for all pittarelated disorders such as malabsorption, acne, dermatitis, psoriasis, eczema, leprosy, leukoderma, hyperacidity, colitis, urticaria, hemorrhoids, headaches, migraine and allergies",everyday_Ayurvedha,3,2
"Could this treatment be effective for my conditions such as gout, fever, skin diseases, hematemesis, hemorrhoids, anemia, worms, headaches, chest pains, burning eyes, cataracts, asthma, jaundice, epilepsy, ascitis, lactation disorders, disorders of the bones and joints, gynecological disorders?","It is excellent for persons suffering from gout, fever, skin diseases, hematemesis, hemorrhoids, anemia, worms, headaches, chest pains, burning eyes, cataracts, asthma, jaundice, epilepsy, ascitis, lactation, disorders of the bones and joints and gynecological disorders",everyday_Ayurvedha,3,2
"Does the Virechana treatment, which is part of the graduated diet samsarjana krama in stage four, temporarily lower my digestive fire as ama is drawn back into my digestive tract and then expelled from my body?",63 Stage four graduated diet samsarjana krama Virechana treatment temporarily lowers the digestive fire as ama is drawn back into the digestive tract and then expelled from the body,everyday_Ayurvedha,3,2
"What is the main treatment, following Virechana, for nourishing and balancing vata and flushing impurities from the colon?",64 Stage five enema basti therapy Virechana is followed by basti w hich is the main t reatment for nourishing and balancing vata and also for flushing impurities from the colon,everyday_Ayurvedha,3,2
Can balancing the energy of vata through basti help in preventing toxins ama from generating disease by preventing them from moving from the gastrointestinal tract into deeper tissues?,By balancing the energy of v a t a through basti we are able to control the onset of disease as we prevent toxins ama from being carried from the gastrointestinal tract into the deeper tissues where they can generate disease,everyday_Ayurvedha,3,2
"Could Basti therapy be a treatment option for my vata disorders such as osteoporosis, Alzheimers disease, Parkinsons disease, multiple sclerosis, muscular dystrophy, constipation, low back pain, sciatica, rheumatism, arthritis, gout, epilepsy or mental fatigue?","Basti therapy is used to treat vata disorders such as osteoporosis, Alzheimers disease, Parkinsons disease, multiple sclerosis, muscular dystrophy, constipation, low back pain, sciatica, rheumatism, arthritis, gout, epile psy and mental fatigue",everyday_Ayurvedha,3,2
"Are there any changes happening to my body at progressively deeper levels each day during the cleansing process, particularly regarding vata, pitta, kapha, and the seven tissues?","Each day the cleansing process reaches progressively deeper levels of the physiology, clearing the energetic pathways of vata, pitta a nd kapha and nourishing and purifying th e seven tissues dhatus",everyday_Ayurvedha,3,2
"Could you please tell me about the common rasayana herbs and the truly magnificent Rasayana called Chywanaprash or Amrit Kalash, which are often used in Ayurvedic treatments?","The most common rasayana h er b s include Ashwagandha w hic h pacifies and balances vata Amalaki which improves clarity of mind while also balancing both pitta and vata Brahmi and Manjista w hic h p a c i f y pitta Turmeric for purifying the blood, eliminating excess mu cus and soothing sore throats Ginger, black pepper and Pippali w hic h improve the digestion and pacify kapha Aloe Vera which cleanses the liver and blood and is good for balancing pitta Licorice for balancing Vata Peppermint for balancing Pitta and Kapha Cinnamon, cayenne, ginger and clov e for removing ama However, one of the most truly magnificent Rasayanas is Chywanaprash or Amrit Kalash which has been used in India as an elixir of life for thousands of years",everyday_Ayurvedha,3,2
What activities should I avoid after my p anchakarma treatment to ensure its success?,"For p anchakarma to be successful we need time to assimilate the benefits and regain our energy levels we should avoid undue mental and physical stress, late nights, excessive travel, strenuous exercise, prolonged sunbathing, cold water, cold or rainy weather and sexual activity for a least a week following the last treatment",everyday_Ayurvedha,3,2
"Is there any treatment that can improve my complexion, help with gout, lumbago, stiffness, aches, and strains by pacifying the pitta dosha, and is suitable for massage?","It improves complexion by pacifying pitta dosha and, used during massage, is excellent for gout, lumbago, stiffness, aches and strains",everyday_Ayurvedha,3,2
"What are the benefits of undergoing a Svedana herbal steam treatment, and how does it affect my condition specifically?","Other benefits Balances vata Promotes deep relaxation Harmonises the h o r m o n a l s y s t e m Relaxes the nervous system Improves complexion Improves memor y Good for headaches, migraine, insomnia and mental stress Good for high blood pressure, restlessness and anxiety Svedana A herbal steam treatment allowing the body to perspire while the head is kept cool",everyday_Ayurvedha,3,2
"What are the benefits of Netra Tarpana, a cleansing treatment for my eyes, and what is its process?","Benefits Helps resolve emotional imbalances Increased calmness and clarity in the mind Increases confidence and feelings of selfwor t h Balances the nervous system Netra Tarpana This is a cleansing, soothing and cooling treatment for the eyes using warm, h er b a l i s e d ghee to gently bathe the eyes for five to ten minutes",everyday_Ayurvedha,3,2
"Can Nasya therapy shirovirechana help with spinal problems, joint problems, digestion issues, restlessness, and balance vata? Additionally, is it used to stimulate mucus secretion and dissolveloosen mucus in the nasal and sinus passages?","Benefits Balances vata Helps relieve spinal problems Helps joint problems Improves the digestion Calms the mind and relives restlessness Nasya therapy shirovirechana Herbalised powders, oils and herbs are administered via the nostril s to stimulate the secretion of mucus and thereby dissolve and loosen mucus lodged in the nasal and sinus passages",everyday_Ayurvedha,3,2
"Could the excess of plasma in my body be causing issues like increased kapha, accumulation of saliva and phlegm, loss of appetite, nausea, congestion, cysts, or benign tumors?","When there is an excess of plasma , kapha increases and we become prone to accumulations of saliva and phlegm, loss of appetite, nausea, congestion, cysts and benign tumo urs",everyday_Ayurvedha,3,2
"Could excess blood in my body potentially lead to skin diseases, abscesses, fevers, inflammation, bleeding disorders, an enlarged liver and spleen, high blood pressure hypertension, jaundice, weak digestion, burning or redness in the eyes, skin, and urine?","Excess blood creates skin diseases, abscesses, fevers, inflammation, bleeding disorders, enlarged liver and spleen, hypertens ion, jaundice, weak digestion and burning or redness in the eyes, skin and urine",everyday_Ayurvedha,3,2
"Do these herbs help in rebalancing Vata, Pitta, and Kapha within my bodys energetic aspects and specifically target any specific tissues or organs?","These herbs target specific dhatus or tissues and rebalance Vata, Pitta and kapha, the energetic aspect of the body",everyday_Ayurvedha,3,2
Why is it not advisable to have a massage treatment in the morning during my castor oil detox?,Why cant I have massage treatments during the morning of my castor oil detox? Massage therapy administered during the hours following purgation therapy with castor oil are contra indicated because they will interfere with the detoxing that the castor oil has induced in your tissues,everyday_Ayurvedha,3,2
"Could leaving toxic residue from undigested food in my body lead to an imbalance, illness, or disease?","Ama is undigested food and if th i s toxic residue is left in the body it interferes with the functioning of the tissues and leads to imbalance, illness and disease",everyday_Ayurvedha,3,2
"Doctor, what can I expect from this treatment in terms of balancing my Pitta and Kapha levels, stopping diarrhea, stopping bleeding, healing wounds, stopping excessive sweating, and having an antiinflammatory effect?","It balances pitta and kapha, stops diarrhoea, stops bleeding , heals wounds, stops sweating and is antiinflammatory",everyday_Ayurvedha,4,2
Will this substance affect my pitta dosha?,It indicates t he effect the substance will have on pitta dosha,everyday_Ayurvedha,4,2
"Could any treatments you suggest help with issues related to my liver and gall bladder as well as controlling diarrhea and dysentery, reducing acidity, cooling and purifying my blood, and dispelling damp heat?","In regard to pitta they dispel damp heat, cool and purify the blood, reduce acidity, control diarrhoea and dysentery and help in conditions related to the liver and gall bladder",everyday_Ayurvedha,4,2
"If I have conditions that are primarily of a vata nature, what heating emmenagogues could potentially help me?","Heating emmenagogues are indicated when causes are more of a vata nature and include angelica, asafoetida, cinnamon, ginger, myrrh, parsley and turmeric",everyday_Ayurvedha,4,2
"Doctor, what cooling nervines help pacify pitta dosha according to Ayurveda and include bhringaraj, chamomile, gotu kola, hops, jatamamsi, mullein, peppermint, sandalwood, St.Johns Wort and wild yam?","Cooling nervines help pacify pitta dosha and include bhringaraj, chamomile, gotu kola, hops, jatamamsi, mullein, peppermint, sandalwood, St.Johns Wort and wild yam",everyday_Ayurvedha,4,2
Which dosha is out of balance in my body and what lifestyle and dietary changes can I make to bring it back into balance?,He will establish which dosha has gone out of balance an d then suggest lifestyle and dietary changes to help bring the offending dosha back into balance,everyday_Ayurvedha,4,2
"Doctor, if my underlying dosha causing the problem is vata, which has the qualities of bitter, light, cold, and dry, could you prescribe me herbs with opposite qualities sweet, heavy, warming, and moistening?","Thus, if the underlying dosha that is causing the problem is vata, which has the qualities of bitter, light, cold and dry, he may prescribe herbs that have opposite qualities to this sweet, heavy, warming and moistening",everyday_Ayurvedha,4,2
"Will there be other herbs added to my treatment plan for addressing the imbalance in my dosha, as well as any issues with my tissues dhatus and channels shrotas?","Other herbs will be added to treat the imbalanced dosha, whilst others may be added to treat the tissues dhatus and channels shrotas involved",everyday_Ayurvedha,4,2
"Doctor, could this treatment help manage my symptoms of hyperacidity, ulcers, colitis, Crohns disease, candida, fistulas, or hemorrhoids in the gastrointestinal tract?","In the gastrointestinal tract it helps with hyperacidity, ulcers, colitis, crohns disease, candida, fistulas and haemorrhoids",everyday_Ayurvedha,4,2
"Could this treatment be helpful for my inflammatory bowel disease, detoxify my bowel, neutralize my stomach acidity, relieve my constipation, and heal my gastric ulcers?","It is effective for treating inflammatory bowel disease, detoxifying the bowel, neutrali sing stomach acidity, relieving constipatio n and healing gastric ulcers",everyday_Ayurvedha,4,2
What information is given in this Ayurvedic text?,"Condition Treatment Strategy Action Acne Neem Sarsaparilla formula Cleanses blood Triphala plus Detoxifies the bowel Neem tincture Aloe Vera juice Aloe gel external Neem Sandalwood cream external Arthritis Turmeric Boswellia formula Antiinflammatory Triphala plus Clears toxins Turmeric tincture Mahanarayan oil external Asthma child Chywanaprash Tonifies lungs Turmeric tinctu re Stops inflammation and phlegm Revitalizing tea Asthma adult Licorice Ginger formula Reduces wheezing Chywanaprash Tones lungs Asafoetida formula Antispasmodic Triphala plus Gently regulates the bowel Revitalising tea Mahanarayan oil Back pain Turmeric tincture Stops pain Ashwagandha tincture Strengthens spine Ashwagandha plus Mahanarayan oil External Candida Neem capsule or tincture Kills candida Asafoetida plus Reduces gas and bloating Shatavari plus Clears dischar ges Triphala plus Regulates bowel Detox tea Stops bloating Catarrh Trikatu Reduces mucus Licorice Ginger formula Nasya nasal oil Clears sinuses Revitalising tea Cellulite Guggul plus Reduces fat Gotu Kola tincture Specific for cell ulite Mahanarayan oil Shatavari Plus Benefits female health Cholesterol Guggul plus Reduces cholesterol Turmeric tincture Reduces cholesterol Aloe vera juice Hemp seed oil Reduces LDL and congestion Revitalising tea Chronic Fatigue A shwagandha plus Tonifies m en Shatavari plus Tonifies w o m en Triphala plus When there is constipation Asafoetida plus Bloating Amla Peppermint formula D i a r r h o ea Chywanaprash Boosts immunity Cold Sores Andrographis Holy Basil formula Anti viral Neem cream 94 Colds Trikatu Reduces mucus Licorice Ginger formula Recovery from colds and coughs Andrographis Holy Basil formula Reduces infection Nasya nasal oil Clears the nose Revitalising tea C o n s t i p a t i o n Triphala plus Evacuates bowel Triphala Regulates bowel Asafoetida plus Bloating and gas Chywanaprash Hemp seed oil Lubricates dryness Aloe vera juice Cough Licorice Ginger formula Nourishes lungs and stops coughing Trikatu Clears phlegm Soothing t ea Clears phlegm and soothes throat Chywanaprash Bhringaraj oil Cystitis Gokshura Shatavari formula Regulates urinary system Neem capsules C l ea r s i n f e ct i on Detox tea Eases urination Dermatitis Neem Sarsaparilla formula Cleans skin Neem tincture Reduces inflammation Guduchi plus C l ea r s t h e l i v er Triphala plus Clears constipation Aloe vera juice Antiinflammatory Neem cream Aloe vera gel Hemp seed oil Bhringaraj oil, Neem oil external D i a r r h o ea Amla Peppermint formul a Asafoetida plus Stops cramps Detox tea Stops cramps Digestive Problems Trikatu Stimulates digestive enzymes Asafoetida plus Erratic appetite with gas Amla Peppermint formula Acidity Aloe vera juice Detox tea Stops bloating E cz em a Neem Sarsaparilla formula Stops inflammation Guduchi plus Reduces toxins in liver Triphala plus Clears bowel Neem cream Stops infections Aloe vera juice Clears toxins, anti inflammatory Aloe gel Reduces inflammation Peppermint water spra y Stops itching Hemp seed oil Antiinflammatory Brahmi oil, Bhringaraj oil Fatigue Ashwagandha plus Male energy Shatavari plus Female energy Triphala plus Cl ea rs stagnation Chywanaprash Fertility Shatavari plus Boosts fertility in women A sh w agandha plus Boosts fertility in men Triphala plus Cl ea rs congestion R o s e w a t er Nourishes uterus Chywanaprash Ashwagandha oil Flatulence Asafoetida plus Stops flatulence Triphala plus Regulates the bowel Ashwagandha and Gotu kola f o r m u l a Reduces stress on the bowel 95 Glandular Fever Ashwagandha Plus For strengthening Andrographis Holy Basil formula For clearing the virus Chywanaprash Ha ir Loss Amla Peppermint formula Nourishes hair Bhringraj oil Coconut oil Halit osis Triphala plus To clear congestion Asafoetida plus To regulate appetite Amla Peppermint formula To regulate appetite Aloe vera juice Regulates bowel Peppermint water spray Hay fever Peppermint Pippali formula Reduces inflammation and irritation Trikatu Antihistamine, reduces secretions Aloe vera juice Protects liver Rose water eye drops Stops itching and soothes inflammation N a s y a o i l Heartburn Amla Peppermint formula Stops acid Aloe vera juice Cools stomach Rosewa t e r Antacid Ashwagandha Gotu Kola formula Reduces stress Refreshing tea reduces burning Heart Conditions Arjuna Hawthorn formula Strengthens heart Turmeric tincture Increases circulation Amla tincture Strengthens heart Hemp seed oil Reduces LDL and congestion Love tea Soothes heart Hypertension Punarnava plus Clear fluids and regulates BP A l o e v er a Stops inflammation Triphala plus Reduces congestion Ashwagandha Valerian formula Reduces stress Soothing tea I B S Triphala plus With constipation Asafoetida plus With gas and cramps Amla Peppermint formula With diarrhoea and irritation Ashwagandha Valerian formula For str ess A l o e v er a ju i ce Cleans bowel and stops irritation Refreshing tea Mens Heal th Ashwagandha plus Tones reproductive system Guduchi plus D e t o x f o r l i v e r A l o e v er a ju i ce Clears liver and heart Chywanaprash Menopause Shatavari plus Stops sweats, mood swings Shatavari Balances hormones A l o e v er a ju i ce Stops flush es R os e wa t er s p r a y For hot flushes Refreshing tea Reduces heat Chywanaprash Migraine Guduchi plus Helps to clean liver Amla Peppermint formula Prevents irritating acid Ashwagandha Valerian formula Calms str ess Refreshing tea A l o e v er a j uice, Brahmi oil Mouth Ulcers Neem tincture Reduces inflammation Andrographis Holy Basil formula Boosts immunity Amla Peppermint formula Reduces inflammation Aloe juice H ea l s u l cer s Refreshing tea 96 Osteoporosis Ashwagandha plus Tonifies skeletal system Shatavari plus Regulates oestrogenprogesterone balance Turmeric Boswellia formula Increase blood flow to bones Chywanaprash Painful Periods Shatavari plus Stops spasms Turmeric tincture Reduces inflammatory prostaglandi ns A l o e v er a ju i ce Clears congestion Triphala plus If associated with constipation Soothing tea For painful periods Piles Triphala plus Gives soft stool Gotu Kola Turmeric formula Reduces venous congestion Guduchi plus Regulates porta l vein A l o e v er a ju i ce Pregnancy Shatavari Increases lactation R os e wa t er s p r a y Uplifts mood Prostatiti s Gokshura Shatavari formula Eases urination, reduces blockages D et ox t ea Psoriasis Neem Sarsaparilla formula Clear lesions Triphal a plus Clears bowel Aloe Vera juice Protect liver Neem cream Aloe gel Hemp seed oil Reduces inflammation Brahmi oil, Neem oil external Sinus Trikatu Opens sinuses Licorice Ginger formula Prevents blockage Nasya nasal oil Stops conges ti on Revitalising tea Sleep Ashwagandha Valerian formula Sedative Stress Ashwagandha Gotu Kola formula D a y s t r e s s Ashwagandha Valerian formula Night stress Brahmi plus For concentration Brahmi oil T h y r o i d Guggul plus Regulates thyroid Travel Sickness Asafoetida plus Settles digestion Ashwagandha Gotu Kola formula Relaxant Trikatu Regulates appetite Varicose Veins Gotu Kola Turmeric formula Increases venous return Turmeric Increases circulation Weight Loss Guggul plus Reduces cholesterol and weight Punarnava plus Clears fluids Womens Health Shatavari plus Nourishes re productive system Shatavari Balances hormones Aloe Vera juice Aloe gel Rose water spray Reproduced with the kind permission of Sebast ian Pole of Pukka Herbs see resources",everyday_Ayurvedha,4,2
What does 100 Nasya home treatment involve according to Ayurveda?,"100 Nasya home treatment Nasya is the nasal administration of medicinal herbs, decoctions and o ils to alleviate complaints that occur above the clavicl e",everyday_Ayurvedha,5,2
"Doctor, could this white coating on my tongue be ama or undigested food that may be causing my bad breath?",This white coating is ama or undigested food and it often the cause of bad breath,everyday_Ayurvedha,5,2
"Doctor, Ive been experiencing tired, hot, achy or gritty eyes frequently. Am I likely a Pitta type that might benefit from this treatment mentioned in Ayurveda?","It is especially beneficial for Pitta types who are more prone to eye complaints and is indicated for eyes that are frequently tired, hot, achy or gritty",everyday_Ayurvedha,5,3
"Doctor, I am experiencing daily discomfort related to premenstrual, menstrual, premenopausal, and menopausal symptoms across all ages. Is there a treatment for balancing my female cycle?","106 Balancing the female cycle Everyday women of all ages exp erience a need for relief from pre menstrual, menstrual, pre menopausal and menopausal symptoms",everyday_Ayurvedha,5,3
"What herbs can help reduce symptoms related to premenstrual syndrome, infertility, menopause, irregular or painful menstrual cycles, and excessive menstrual flow?","Herbs that are known t o reduce symptoms associated with premenstrual syndrome, infertility, menopause and irregular or painful menstrual cycles include Ashoka which is astringent, sedative, haemostatic, and it is particularly good for those with an uncomfortably profuse menstr ual flow Shatavari which is a nutritive tonic and anti spasmodic it also contains glucosides which are a food precursor of estrogen",everyday_Ayurvedha,5,3
"Could you please suggest a treatment for my Vata Type PMS symptoms which include nervous tension, mood swings, anxietydepression insomnia forgetfulnessconfusion constipation light amount of flow menstrual paincrampsbackache extended length of period with dark, clotted flow irregularity of periods or flow?","Treatment of Vata Type PMS Symptoms of vata imbalance , as they manifest in rela tion to the menstrual cycle include nervous tension, mood swings, anxietydepression insomnia forgetfulnessconfusion constipation light amount of flow menstrual paincrampsbackache extended length of period with dark, clotted flow irregularity of periods or flow",everyday_Ayurvedha,5,3
"Doc, could my premenstrual syndrome symptoms such as irritabilityanger, increased appetite, headaches especially migraines, excessive body heat or sweating, diarrhea or increased bowel movements, skin rashesacne, excessive menstrual bleeding, increased frequency of periods, and a bright red flow during my period be related to Pitta imbalance? If so, what could be the treatment for this type of PMS according to Ayurveda?","Treatment of Pitta type PMS Symptoms of pitta imbalance , as they manifest in relation to the menstrual cycle include irritabilityanger increased appetite headache especial ly migraine excessive body heat or sweating diarrhoea or increased bowel movements skin rashesacne excessive menstrual bleeding increased frequency of periods bright red flow",everyday_Ayurvedha,5,3
"Doctor, what diet should I follow to reduce Pitta?",Follow a Pitta pacifying diet,everyday_Ayurvedha,5,3
"Could the symptoms Im experiencing during my period such as weight gain, fluid retention, breast enlargement, abdominal bloating, acne, menstrual stiffness in back and joints, and pale, mucousy menstrual flow be due to Kapha imbalance? If so, what could be the treatment for this?","Treatment of Kapha type PMS Symptoms of Kapha imbalance as they manifest in relation to the menstrual cycle include weight gain fluid retention breast enlargement abdominal bloating acne menstrual stiffness in back and joints pale, mu cousy menstrual flow",everyday_Ayurvedha,5,3
"Doctor, could vitiated or disturbed vata dosha potentially cause imbalance within my joints leading to pain and discomfort?","According to ayurveda, vitiated or disturbed vata dosha can create imbalance within the joints resulting in pain and discomfort",everyday_Ayurvedha,5,3
Could it be that my worsening symptoms indicate the presence of ama and the condition called amavata?,"If the symptoms are aggravated, then there is ama present, a condition known as amavata",everyday_Ayurvedha,5,3
"If my symptoms improve after oil massage, should I continue with it? And if so, when can I expect the treatment to start focusing on removing the underlying causes and balancing my vata dosha?","If the symptoms are alleviated by the oil massage , o r s t a y t h e s a m e , t h e n t h e treatment will begin with the removal of the causative factors and balancing vata dosha",everyday_Ayurvedha,5,3
"Doctor, could the dryness of vata potentially lead to my joints becoming rough and brittle due to a decrease in the lubricating qualities of kapha?",The dryness of vata can deplete the lubricatin g qualities of kapha and joint surfaces can become rough and brittle,everyday_Ayurvedha,5,3
"Doctor, could the popping and cracking, muscle tics, and spasms Ive been experiencing be symptoms of vata imbalance in my joints?","Common symptoms of vata imbalance in the joints are dryness, popping and cracking, and muscle tics and spasms",everyday_Ayurvedha,5,3
"Doctor, what specific diet should I follow and when should I take my meals to pacify Vata?","Follow vata pacifying diet, taking meals at regular times each day",everyday_Ayurvedha,5,3
"Doctor, in what circumstances does ama travel through my entire body due to misdirected or vitiated vata?","In a condition of amavata, ama is carried by misdirected or vitiated vata into general circulation throughout the body",everyday_Ayurvedha,5,3
"Doctor, when does the synovial fluid lose its highly viscous quality and change into a sticky toxic substance. Is it when it interacts with the kapha in the joi nt spaces?,","When it interacts with the kapha in the joi nt spaces, the synovial fluid loses its highly viscous quality and changes into a sticky toxic substance",everyday_Ayurvedha,5,3
What are the primary reasons for ama accumulation according to Ayurveda?,"The primary causes for accumulation of ama are improper diet, excessive exercise, exhaustion due to overwork, extreme worry, and the use of alcohol",everyday_Ayurvedha,5,3
What should be done to alleviate the condition of amavata according to Ayurveda?,"For the condition of amavata, removing the causative factors and eliminating ama fr om the body are paramount",everyday_Ayurvedha,5,3
"Doctor, what treatment is given to help balance my doshas and rejuvenate my joint and bone tissue?",Treatment to balance the doshas and rejuvenate the joint and bone tissue ensues,everyday_Ayurvedha,5,3
"Do my allergies to pollen and other plant materials possibly indicate an imbalance in my Kapha dosha that affects my lungs, sinuses, and fluid balance?","Allergies to pollen and other plant materials also involve an imbalance of the Kapha dosha, which controls the lungs, sinuses, and fluid balance in the body",everyday_Ayurvedha,5,3
"Do I experience watery eyes, sneezing, coughing, and fatigue when my Kapha is out of balance due to allergen exposure?","When Kapha is out of balance, exposure to allergens stimulates symptoms like watery eyes, sneezi ng, coughing and fatigue",everyday_Ayurvedha,5,3
"Could I benefit from the AmaReducing Program for one month? This includes sipping hot water every half hour, drinking warm lemon water daily, avoiding dairy and wheat while favoring fruits and vegetables, eating a big lunch and a lighter dinner of soup, exercising for half an hour each day, retiring to bed by 1000 p.m., waking up with the sun, and if I have rhinitis or excess dryness, this might be a Vata cause and would likely respond well to Vata treatments?","You may also want to try this Ama Reducing Program for one month Sip plain hot water every half hour Drink eight to ten glasses of warm lemon water each day Avoid dairy and wheat and favour fruits and vegetables Eat a big, relaxing meal at lunchtime and a lighter meal of soup for dinner Exercise for at least half an hour each day Retire to bed by 1000 p m Waking up with the sun If you are suffering from rhinitis or excess dryness, this is a Vata cause and would most likely respond well to the Vata treatments",everyday_Ayurvedha,5,3
"Could I potentially find relief for my sinusitis, internal heat, and excessive irritabilityanger with Pitta treatments?","If you are suffering from sinusitis, internal heat, or excessive irritability or anger, you may benefit from using the Pitta treatments",everyday_Ayurvedha,5,3
"Doctor, am I at a higher risk of experiencing hypersensitivity reactions if I have a vata body type according to Ayurveda?",Vata causes The vata body type is susceptible to various hypersensitivity reactions,everyday_Ayurvedha,5,3
"Could my allergic rhinitis be due to an imbalance in the vata dosha, potentially causing excessive dryness in my body?","In the case of allergic rhini tis, a vata imbalance will cause excessive dryness in the body",everyday_Ayurvedha,5,3
"Do allergic symptoms often occur in conditions related to Vata, due to the bodys production of mucous triggered by dryness?","The dryness alone will also trigger the body to produce mucous, making allergic symptoms a common vata condition",everyday_Ayurvedha,5,3
"Do such distractions aggravate the vata aspects of my digestion, causing the production of ama and hypersensitivity reactions?","Such distractions aggravate the vata aspects of digestion, producing ama and hypersensitivity reactions",everyday_Ayurvedha,5,3
"What treatments are recommended for Vata, and what causes Pitta?",Vata treatments Nasya sniff sesame oil deeply into both nostrils two to three times a day Triphala take teaspoon per day on an empty stomach Ginger root tea take three to four cups per day also also chew small pieces as a lozenge Pitta causes The pitta type will be subject to an accumulation of heat in the body and blood,everyday_Ayurvedha,5,3
"Doctor, what should I do to purify my blood using pittapacifying herbs and manage any dryness, as per the treatment for vata?","The blood must be purified with pitta pacifying herbs and the dryness must be dealt with, as in the case of vata",everyday_Ayurvedha,5,3
What are the treatments for Pitta and what causes Kapha imbalances?,"Pitta treatments Take teaspoon of cumin seed as a lozenge during th e day Triphala take teaspoon twice a day on an empty stomach Nasya sniff coconut oil deeply into both nostrils two to three times a day Turmeric powder take teaspoon with cup warm milk, three times a day after meals Neem leaf tea drink 3 4 cups per day as a detoxifier Kapha causes The kapha body type is classically the most susceptible to allergies and kapha imbalances and is often mislabeled the causative factor in most allergic conditions",everyday_Ayurvedha,5,3
What specific herbs and spices should I use to pacify kapha and remove excess mucous according to the treatment?,"In this regard, the treatment is straightforward with the focus on pacifying kapha with bitt er, astringent, and pungent herbs and spices, in order to remove excess mucous",everyday_Ayurvedha,5,3
Could my chronic allergic symptoms be due to imbalances in vata and kapha?,"Imbalances in vata and kapha, for example, can easily create chronic allergic symptoms",everyday_Ayurvedha,5,3
What are the Kapha treatments according to the text I provided?,"Kapha treatments Trikatu take teaspoon with raw honey before each meal Sitopladi take teaspoon with raw honey three times a day on an empty stomach Licorice take teaspoon with warm water after meals Maintain a liquid diet one day per week, as ama reducing therapy",everyday_Ayurvedha,5,3
"Doctor, as a Pitta type, am I advised to stay away from excessive sunlight and should I keep myself cool? And, if so, are drinking plenty of water and using a good sunscreen part of that advice?",Pitta types should avoid too much sun and keep cool plenty of water and a good sun cream,everyday_Ayurvedha,5,3
"Do these treatments help with febrile diseases, lung issues, liver problems, spleen disorders, bleeding conditions, cancer, fever, heat stroke, and alcohol detoxification?","They are good for febrile diseases, lung, liver, spleen and bleeding disorders, cancer, fever, heat s troke and alcohol detoxification",everyday_Ayurvedha,8,2
Is this drink balancing for both my vata and pitta dosha types?,This drink is balancing for vata and pitta dosha types,everyday_Ayurvedha,8,2
"Could Maharishi AyurVeda purification treatments affect my physiological and psychological health, as mentioned in Waldschutz R 1988 study?",Waldschutz R 1988 Influence of Maharishi Ayur Veda purification treatments on physiological and psychological health,everyday_Ayurvedha,10,2
"Doctor, are the symptoms of Pitta in Ayurveda characterized by increased hunger and thirst, early graying and loss of hair, and increased mole formations?","This phenomenon is beautifully noted in Ayurveda by observing that Pitta is characterized by increased hunger and thirst, an early graying and loss of hair, and increased mole formations",Ayurvedha_food_and_nutritions,1,1
"Doctor, Ive noticed that as I am growing older, my appetite seems to be quite unpredictable. Could it be related to a predominance of Vata dosha?","Old age is characterized by a predominance of Vata and therefore is marked by vishamagni , causing an erratic appetite",Ayurvedha_food_and_nutritions,1,1
"Could my symptoms of chronic skin conditions such as eczema, lethargy, chronic fatigue syndrome, or various joint and connective tissue disorders be related to ama digestion as per Ayurveda?","Some common clinical conditions related to ama are as follows Chronic skin conditions including eczema Lethargy, chronic fatigue syndrome Various joint and connective tissue disorders Ama digestion therefore has become the foremost principle of treatment of such conditions in Ayurveda",Ayurvedha_food_and_nutritions,1,1
"Are there any specific Rasayanas, like Shilajatu for Prameha or Tubarak for Kustha, as mentioned by Susruta and his commentator Dalhana?","On the other hand, as pointed out by Susruta and commentator Dalhana, certain Rasayanas are claimed to be disease specifi c such as Shilajatu for Prameha and Tubarak for Kustha 10",Ayurvedha_food_and_nutritions,2,1
"Could you please explain to me, apart from the three Doshas and seven Dhatus, what are the other significant biomechanisms involved in human physiology, and where are they located regarding digestion and metabolism?","Besides the three Doshas and seven Dhatus , the other most important biomechanisms involved in human physiology are the 13 types of Agnis located in the gut Jatharagni , in tissues seven Dhatvagnis , and in molecules fi ve Bhutagnis , which are responsible for the entire process of digestion of food and its metabolism",Ayurvedha_food_and_nutritions,2,1
"Could an unhealthy lifestyle cause Agnibala Vaisamya, Ojabala Dosha, and Sroto distortion, potentially resulting in various ailments and compromised immune states?","An unhealthy life style leads to Agnibala Vaisamya , Ojabala Dosha , and Sroto distortion, leading in turn to a variety of ailments and immunocompromised states",Ayurvedha_food_and_nutritions,2,1
"Are different kinds of tangible and intangible environmental factors, as depicted in Ayurvedic classics in the context of AyogaAtiyogaMithyayoga of KalaBuddhiIndriyartha, popularly described as KalaParinam, Prajnaparadha, and Asatmyendriyartha Samyoga, the causes for ill health and disease?","Similarly, different kinds of tangible and intangible environmental factors, as depicted in Ayurvedic classics in the context of AyogaAtiyogaMithyayoga of KalaBuddhiIndriyartha , popularly described as KalaParinam , Prajnaparadha , and Asatmyendriyartha Samyoga , obviously lead to ill health and disease",Ayurvedha_food_and_nutritions,2,1
"What are the primary causes of all diseases according to Ayurveda, and what is stated about other tangible causes?",The three classical categories of aetiological factors have been considered as primary causes of all diseases in Ayurveda all other tangible causes of disease are secondary to these primary causes 12,Ayurvedha_food_and_nutritions,2,1
"I have been experiencing Agnibala Vaisamya, Ojabala Vaisamya, and Sroto distortion. Could these be causing problems with my overall health as per Ayurvedic principles?","This phenomenon simultaneously brings about biological morbidity, e.g., Agnibala Vaisamya , Ojabala Vaisamya , and Sroto distortion, which forms the basic matrix of pathology of all diseases according to Ayurveda",Ayurvedha_food_and_nutritions,2,1
"If I have a preference for certain tastes, like spicy, salty, sweet, sour or bitter, could it potentially lead to an imbalance in my Dosha and contribute to diseases supported by that Dosha?","A basic concept in pathology is that a person addicted or prone to seeking out specifi c tastes will take on the qualities of these elements in his or her body, which will cause in imbalance in the corresponding Dosha, further leading to diseases supported by this particular Dosha",Ayurvedha_food_and_nutritions,3,1
"What are the effects and Dosha changes for AMLA sour, LAVANA salt, KATU pungent, TIKTA bitter and KASHAYA astringent as per Ayurveda?","Lubricant, cold and heavy nourishes and stimulates healing Obesity, excessive sleep, cough, fever, eye diseases, excessive mucus production Pitta Kapha AMLA sour Solid heat Vata Appetiser, light, hot, and lubricant induces salivation, energizes the body, strengthens sense organs, stimulates mind, increases peristaltic movement Promotes thirst, sensitivity in teeth, blood disorders, burning sensation generates heat in muscles, suppuration in wounds Pitta Kapha L AVA NA salt Liquid Heat Vata Improves appetite and digestion, removes stiffness, acts as laxative, opens channels Vitiates blood, causes skin diseases, internal bleeding, in ammation, impotency, wrinkles in skin, gray hair, baldness Pitta Kapha KATU pungent Air heat Vata Clarifi es sense organs reduces obesity, blocks channels, promotes appetite and sweating acts against itching and microorganisms Causes burning sensation, impotency, giddiness, thirst, pain, tremors Pitta Kapha TIKTA bitter Air space Vata Improves digestion, reduces both fat and muscles if taken in excess Causes dryness of mouth and skin, reduces tissues, obstructs channels, leads to emaciation and psychic disorders Pitta Kapha KASHAYA astringent Air solid Vata Qualities like moping, restraining, compressing, roughness Causes problems with normal speaking , atulence, blackish discoloration, obstruction of feces, urine, atus, semen, spasms, convulsions Pitta Kapha S",Ayurvedha_food_and_nutritions,3,1
Do the properties and qualities of different foods influence which Dosha they make balanced or unbalanced?,The properties and qualities of food items in uence the individual Dosha that makes them balanced or unbalanced,Ayurvedha_food_and_nutritions,3,1
Could the absorption of Ama into my system lead to the development of chronic and immunosuppressive diseases?,"Later Ama gets absorbed into the system, developing a very pathophysiological process in the body, leading to chronic and immunosuppressive diseases",Ayurvedha_food_and_nutritions,3,1
"What does Virudha mean according to Ayurveda, regarding doshas?",Virudha means anything that aggravates the Dosha s but does not expel them from the body 4,Ayurvedha_food_and_nutritions,3,1
"Could consuming incompatible foods during summer and winter, incorrect preparation methods, improper combinations, or food that doesnt suit my daily diet regimen, digestive power, Dosha, intestinal nature, state of health, treatment, cooking method, taste, quality, or proper eating rules cause many illnesses?","These foods are incompatible during summer and winter Agni virudha Food that affects the agni, e.g., consumption of heavy food when the power of digestion is mild , light food when digestion is strong Matra virudha Food that acts as a toxin when combined in varying quantities, e.g., honey and ghee in equal amounts Satmya virudha Foods that are contrary to ones daily diet regimen, e.g., sweet and cold food by someone accustomed to hot and spicy substances Dosha virudha Food that is contrary to the Dosha involved Sanskar virudha Improper mode of preparation, e.g., baked instead of cooked Veerya virudha Combination of different veerya food items, e.g., mixing of cold potency food with warm Koshta virudha Food that is contrary to an individuals intestinal nature, e.g., food with a laxative effect in a person with loose stools Avastha virudha Food that is contrary to a particular state of health, e.g., consumption of Vataaggravating food after physical exercise and exertion Krama virudha Food that is consumed in the wrong order, e.g., before emptying waste materials, when one is not hungry, or after the onset of hunger Parihara virudha Food that is contrary to a disease pathology, e.g., cold foods following consumption of ghee Upachara virudha Food combination that is not suitable during particular treatments, e.g., heavy food during panchakarma treatments Paaka virudha Food that should not be combined during cookingimproper method of cooking, e.g., undercooked, overcooked, burned during cooking Samyoga virudha Improper combination of food items, e.g., sour substances with milk Hridaya virudha Foods that do not taste good or are not pleasant to the taste Sampada virudha Food that is of poor quality, e.g., not ripened, putrefi ed Vidhi virudha Food that goes against the rules of proper eating, e.g., eating in open, public places 3 The Concept of Diet in Ayurveda and Its Implications for the Modern World32 The consumption of incompatible foods is a major cause of many illnesses",Ayurvedha_food_and_nutritions,3,1
"What types of food and drinks should I avoid if I am experiencing heat, thirst, liquor intoxication, burning sensation, internal bleeding, poisoning, or fainting?","3.6 General Dietary Guidelines Type of food For whom and when Cold food articles and drinks Those suffering from heat, thirst, liquor, intoxication, burning sensation, internal bleeding, poisoning, and fainting Hot food Sufferers from the vitiation of kapha and vata following poor vakarma and panchakarma dry body Oily food Those with Vata problems, rough body , overindulgence in physical or sexual activity Rough food Those who are obese, have excess kapha in their body, have prameha diabetes Liquid diet Those who are emaciated, weak, or thirsty continuedS",Ayurvedha_food_and_nutritions,3,1
"What are convalescent foods, as they seem to hold great significance in Ayurvedic conjunction with treatments?","Rastogi ed., Ayurvedic Science of Food and Nutrition , DOI 10.100797814614962817, Springer ScienceBusiness Media New York 20147.1 Introduction What Are Convalescent Foods? Perhaps nowhere else in medical science other than Ayurveda is a convalescent diet pathya given so much importance in conjunction with treatment according to Ayurveda, a treatment without pathya is considered to be of no signifi cance",Ayurvedha_food_and_nutritions,6,1
"What are Yavagu, as mentioned in the text for convalescent food practices in Ayurveda?",Table 7.1 Eightfold components and properties of Ashta Guna Manda Components English name Property Dhanyaka Coriander Clears the bladder Shunthi Zingiber offi cinale Eliminates Kapha Marich Piper nigrum Enhances digestion Pippali Piper longum Eliminates fever Saindhava salt Rock salt Enhances blood Hingu Asafetida Eliminates Vata Rice Oryza sativa Vitalizer Munga Faciolus mungo Eliminates Pitta 7 Convalescent Food Practices in Ayurveda70 Yavagu Yavagu refer to ricebased therapeutic preparations where the rice is cooked in water pretreated with herbs specifi c to certain disease conditions,Ayurvedha_food_and_nutritions,7,1
"Doctor, is the bhakta made from roasted rice suitable for treating poisoning and respiratory tract diseases?",This bhakta that is made of roasted rice is suitable in treating poisoning and respiratory tract diseases,Ayurvedha_food_and_nutritions,7,1
What information is given in this Ayurvedic text?,Type of YavaguPeya by therapeutic action Components Yavagu for lower abdominal pain Yamaka honey and salt mixed together Madira Purgative yavagu Shaka Maamsa Tila Sesame seeds Maasha Antidiarrheal yavagu Jaamun seed Mango seed Bilva fruit Aegle marmelos Yavagu for drastic purgation Yavakshara Chitraka Plumbago zeylanica Hingu Asafoetida Amala veta Prokinetic yavagu Haritaki Terminalia chebula Pippali Mula root of Piper longum Shunthi Zingiber offi cinale Yavagu to eliminate discomfort caused by excess Ghrita consumption Buttermilk Yavagu to eliminate discomfort caused by excess taila intake Buttermilk Yavagu for irregular fever Sesame cakes Yavagu for throat diseases Cow meat Dadima Punica granatum Yamaka oil and Ghrita mixed in equal proportion Barley Pippali Piper longum Yavagu to eliminate pain in male reproductive system Amala Embelica offi cinalis Yavagu for improved reproductive function Chicken meat Yavagu for alcoholism Masha fried in Ghrita and cooked in milk Upodika shaka Yavagu to decrease appetite Curd Milk Apamarga seeds Acyranthus aspera Godha meat Table 7.3 continuedS,Ayurvedha_food_and_nutritions,7,1
"Could fresh staples, specifically navanna, potentially contribute significantly to my issues with Prameha, which is the Ayurvedic equivalent of diabetes mellitus?","Incidentally, navanna fresh staple is said to be a prominent causative factor in Prameha , an Ayurvedic corollary to diabetes mellitus",Ayurvedha_food_and_nutritions,7,1
"Doctor, could you explain if most diseases related to psychophysiologic and pathologic changes in the body are caused by imbalances in three different doshas according to Ayurveda?","According to Ayurveda, most diseases connected with psychophysiologic and pathologic changes in the body are caused by imbalances in three different doshas i.e., Vata , Pitta , and Kapha",Ayurvedha_food_and_nutritions,8,1
"Could the chronic inflammation Ive been experiencing be a sign of tumorigenesis, as described by Ayurveda?",Ayurveda describes the different stages of tumorigenesis as chronic in ammatory and intractable diseases with the possibility of developing malignancy,Ayurvedha_food_and_nutritions,8,1
"Could my lifestyle errors, such as unhealthy foods, poor hygiene, or poor behavior, physical trauma, imbalances in Vata, Pitta, and Kapha lead to injury of the inner layer of the dermis Rohini the sixth layer of the skin and the formation of abnormal blood vessels, possibly causing cancer as mentioned in 28?","According to Ayurveda, cancer results from lifestyle errors, such as unhealthy foods, poor hygiene, or poor behavior, or from physical trauma, all leading to imbalances of Vata , Pitta , and Kapha , resulting in injury to the inner layer of the dermis Rohini the sixth layer of the skin and the formation of abnormal branches of blood vessels 28",Ayurvedha_food_and_nutritions,8,1
"Could my current swelling be Granthi, as its round, hard, and bulging, caused by an aggravation of Vata and Kapha affecting muscle, blood, and fatty tissues?","Granthi has been described as a round, hard, and bulging swelling produced owing to the aggravation of Vata and Kapha , vitiating the muscle, blood, and fatty tissues",Ayurvedha_food_and_nutritions,8,1
"Could my slowgrowing swelling be due to an imbalance in doshas that particularly affects muscle, blood, and fatty tissues?","Pal85slowly growing swelling produced owing to the aggravation of doshas, vitiating the muscle, blood, and fatty tissues",Ayurvedha_food_and_nutritions,8,1
"Which types of swellings might be inflammatory or noninflammatory based on the involvement of certain doshas?,","Both types of swelling can be in ammatory or nonin ammatory, depending on the doshas involved",Ayurvedha_food_and_nutritions,8,1
"Could the different symptoms Im experiencing be due to an imbalance in one or more of my bodily systems such as Vata, Pitta, or Kapha?","The different pathophysiologies leading to the same presentation is dealt with under the subdivisions of the disease where imbalances of various bodily systems like Vata, Pitta , or Kapha are attributed to the cause of the disease",Ayurvedha_food_and_nutritions,8,1
"Doctor, could you explain how cancer pathogenesis in Ayurveda is explained?",Cancer pathogenesis in Ayurveda is explained on the basis of Tridoshas,Ayurvedha_food_and_nutritions,8,1
"Could my symptoms such as anemia, cachexia, or anorexia be related to the progression of cancer? Are these symptoms mentioned in Ayurvedic literature?","Various signs and symptoms, viz., anemia, cachexia, or anorexia, arising due to the progression of the cancer have also been described in detail in the classic Ayurvedic literature 29",Ayurvedha_food_and_nutritions,8,1
What factors cause the vitiation of doshas according to the text?,"The factors responsible for the vitiation of doshas are as follows 9 a Vataaggravating factors excessive intake of bitter, pungent, astringent, dry foods and stressful conditions",Ayurvedha_food_and_nutritions,8,1
"Doctor, could you explain to me the factors that might cause an aggravation of Pitta according to Ayurveda?","b Pittaaggravating factors excessive intake of sour, salty, fried foods and excessive anger",Ayurvedha_food_and_nutritions,8,1
Are there factors that can aggravate Kapha according to Ayurveda?,"c Kaphaaggravating factors excessive intake of sweet, oily food and a sedentary lifestyle",Ayurvedha_food_and_nutritions,8,1
"Can garlic be used to treat my asthma, bronchitis, chest congestion, or any skin diseases like leprosy or leucoderma according to Ayurveda?","In Ayurveda garlic is used for the treatment of various conditions like asthma, bronchitis, and chest congestion, skin diseases like leprosy, and skin conditions like leucoderma",Ayurvedha_food_and_nutritions,8,1
"Doctor, are there any traditional treatments for cancer using Sadabahar or Catharanthus roseus Madagascar periwinkle according to Ayurvedic medicine?","Sadabahar or Catharanthus roseus , commonly known as Madagascar periwinkle, has been used routinely for centuries in Ayurvedic medicine for the treatment of several diseases, including cancer",Ayurvedha_food_and_nutritions,8,1
What information is given in this Ayurvedic text?,Pal95 Table 8.1 Herbs and plants used in Ayurvedic anticancer treatment Scientifi c name SanskritHindi name English name Abrus precatorius Gunja Coral bead vine Agati grandi ora Gaachmunga Hummingbird tree Albizzia lebbeck Sirisha Rain tree Allium sativum Lasuna Garlic Aloe vera Kumari Aloe Alstonia scholaries Sapta parni Milky pine Amorphopallus campanulatus Jimikand Elephant foot yam Amura rohitaka Harinkhana Rohituka tree Anacardium occidentale Kajutaka Cashew Anona squamosa Sitaphala Custard apple Annona atemoya Sugar apple Aristolochia indica Ishwari Birthwort Asparagus racemosa Shatawari Asparagus Azadiracta indica Nimba Margosa tree Bacopa monnieri Brahmi Indian penny wort Baliospermum montanum Hastidanti Wild castor Barleria prionitis Kuranta Porcupine ower Basella rubra Pui Ki sag Ceylon spinach Bauhinia racemosa Kanchanara Mountain ebony Berberis aristata Daru haridra Indian ophthalmic barberry Berginia ligulata Prashanbheda Winter begonia Boswellia serrata Shallaki Indian olibanum Calotropis gigantean Arka Gigantic swallow wort Caesalpinia sappa Baka Sappanwood Capparis spinosa Himsra Caper Capparis sepiaria Kanthari Wild caper bush Cassia fi stula Bandarlauri Golden shower tree Cedrus deodara Devadaru Devdar Centella asiatica Mandukaparni Gotu kola Curcuma longa Haridra Turmeric Cymbopogon citrates Bhustrina Lemongrass Datura metal Dhattura Angels trumpet Elephantopus scaber Mayurashikhaa Elephants foot Euphoria hirta Dugdhika Hairy spurge Euphorbia neriifolia Sehund Indian spurge tree Ficus bengalensis Bargad Banyan Ficus glomerata Udumbara Goolar fi g Flacourtia romontchi Vikankata Indian plum Gynandropis pentaphylla Hurhur Spider ower Heliotropium indicum Hathsura Indian heliotrope Holarrhena antidysenterica Kutaja Kurchi tree Hygrophila spinosa Gokulakanta Hydrophilia Inula cappa Gaaitihaare Sheeps ear Ixora undulata Kukurajihva West Indian jasmine Jasminum auriculatum Juuhi Jasmine Juniperus indica Hapusha Black juniper continued8 FoodBased Interventions for Cancer Management An Ayurvedic Perspective96 Scientifi c name SanskritHindi name English name Lagenaria vulgaris Lauki Bottle gourd Leea macrophylla Hathikana Dinda Luffa cylindrical Ghia torai Sponge gourds Madhuca indica Mahua Butter tree Mallotus philippensis Kamala Kamala tree Manilkara hexandra Khirni Ceylon iron wood Melia azadirachta Maha nimba Neem tree Moringa oleifera Shigru Horseradish tree Musa sapientum Kela Banana Nerium indicum Kara veera Oleander Nigella sativa Krishna jeeraka Black cumin Occimum sanctum Tulasi Holy basil Oxoxylum indicum Bhutvriksha Midnight horror Pandanus odoratissimum Kevada Screw pine Paederia foetida Gandha prasarani Chinese fever vine Phyllantus fraternus Niruri Leaf ower Picrorrhiza kurroa Katuki Kutki Piper betle Nagavalli Betel leaf pepper Piper longum Pippali Indian long pepper Pisum sativum Kalaya Garden pea Plumbago zeylanica Chitraka Leadwort Plumbago rosea Rakta chiktraka Radix plumbago Podophyllum hexandrum Ban kakari Himalayan mayapple Pongamia glabra Karanja Indian beech Prosopis cineraria Khejrishami Prosopis Pterospermum acerifolium Muchukunda Mapleleaved bayur tree Rubia cordifolia Manjistha Indian madder Saussurea lappa Kustha Costus root Saraca indica Ashoka Ashoka tree Semecarpus anacardium Bhallataka Varnish tree Sinapis dichotoma Serson Indian rape Solanum xanthocarpum Choti Katheri Yellowberried nightshade Soymida febrifuga Raktarohan Indian redwood Syzygium cumini Jamun Black plum Symplocos racemosa Lodhra Lodh tree Taxus buccata Talispatr Himalayan yew Tectona grandis Sagon Teak Tinospora cordifolia Guduchi Indian tinospora Terminalia arjun Arjun White marudah Terminalia chebula Harra Chebulic myrobalan Tylophora asthmatica Aja dweshi Indian ipecac Vernonia species Sahadevi Ironweed Vitis vinifera Draksha Grape Vinca rosea Sadabahar Periwinkle Withania somnifera Ashwagandha Indian ginseng Xantium strumarium Chota dhatura Burdock datura Source Garodia et al,Ayurvedha_food_and_nutritions,8,1
What is the title of Singhs 2002 work on Ayurvedic cancer treatment and its new paradigm?,Singh RH 2002 An assessment of the ayurvedic concept of cancer and a new paradigm of anticancer treatment in ayurveda,Ayurvedha_food_and_nutritions,8,1
"Could you please provide me with the diagnosis and treatment for conditions like Galaganda, Gandamala, apaci, granthi, and arbuda as mentioned in Dash B, Kashyap L 1987?","Dash B, Kashyap L 1987 Diagnosis and treatment of Galaganda, Gandamala, apaci, granthi and arbuda",Ayurvedha_food_and_nutritions,8,1
"Could this treatment be beneficial for my conditions like indigestion, constipation, flatulence, hyperacidity, bronchial asthma, obesity, high blood pressure, or gout?","It is considered a universal remedy for treating most disease conditions and is especially recommended in treating disorders such as, for example, indigestion, constipation, atulence, hyperacidity, bronchial asthma, obesity, high blood pressure, and gout 21",Ayurvedha_food_and_nutritions,10,1
Why might I get sick according to Ayurveda?,"Your jathar agni will be extinguished, your poorly digested food will create ama , and the accumulation of ama will eventually lead to disease",Ayurvedha_food_and_nutritions,11,1
"Could my inappropriate diet, mithya ahara, be acting as a generic promoter for various diseases and their specific pathogenesis?","Giving emphasis to food as the cause of health as well as of disease, mithya ahara inappropriate diet has been considered a generic disease promoter where specifi city of the food causing disease may be linked with the pathogenesis of a specifi c disease",Ayurvedha_food_and_nutritions,12,1
Could certain foods or foodrelated behaviors be linked to my health issues according to Ayurveda?,12.3.2 Questioning About Food Finding Its Relevance to Ayurveda Ayurveda links a huge number of food related behavior to a variety of diseases,Ayurvedha_food_and_nutritions,12,1
"Could my current illness be due to an unwholesome diet, as it is considered a primary cause for many diseases in Ayurveda, and my diseases dosha variability might also be linked to the type of food I consume?",Apathya or unwholesome diet is being considered as the primary cause to almost every disease enlisted in Ayurveda and the disease dosha variability is often found linked with the type of actual food which is consumed,Ayurvedha_food_and_nutritions,12,1
"What are the traditional understanding, dietary incompatibility, dietary supplements and nutraceuticals, food and material components, holistic and inclusive approach, host biofactors, lifestyle factor, Pathya and Apathya, Prakriti and Vikriti, processing and consumption, pronature approach, Rasayana therapy, recommendations and the Index related to in Ayurveda by Banerjee, S?","traditional understanding , 21 dietary incompatibility , 19 dietary supplements and nutraceuticals , 1920 food and material components see Food and material components holistic and inclusive approach , 18 host biofactors see Host biofactors, ayurvedic nutrition lifestyle factor, health and disease , 22 Pathya and Apathya , 15 Prakriti and Vikriti , 18 processing and consumption , 19 pronature approach , 18 Rasayana therapy , 16 recommendations , 140141 Index 170 B Banerjee, S",Ayurvedha_food_and_nutritions,12,1
"Could my sensoryspecific satiety SSS, stresslinked food behavior, chronic life stress, emotionalnonemotional eating patterns, highfat and lowfat snack consumption, workplace stress, and inammation be related to my diet and behavior?","See Sensoryspecifi c satiety SSS Star anise Illicium verum , 115 Stresslinked food behavior, Ayurvedics asta aahara vidhi vesheshayatana , 39 diseases ATF3, stress gene , 40 cortisol , 40 psychological stress , 40 vagal activation , 41 food behavior chronic life stress , 41 crosssectional survey , 42 Dutch Eating Behaviour Questionnaire DEBQ , 42 emotional nonemotional eater , 41 emotion induction , 41 highfat HF and lowfat LF snacks , 42 selfadministered questionnaires , 42 stresseating relationship , 42 suppression, effects , 4142 unhealthy food and depression , 4243 foodconsumerenvironment matrix , 39 food consumption accessory foods Ishta sarvopakaranam , 44 ambience and mental attitude, guidelines , 45 appropriate place Ishte deshe , 43 preferences and requirements A tmanambhisamikshya samyaka , 45 social gatherings , 43 specifi c eating principles , 43 talking Ajalpana laughing Ahasana , 44 while eating Tanmana bhunjeet , 45 workplace stress , 43 in ammation, diet and behavior , 4041 Sugimura, T",Ayurvedha_food_and_nutritions,12,1
"What conditions and treatments does Urdhvanga Chikitsa cover for the ear, nose, throat, eyes, head, neck, and above region?","Urdhvanga Chikitsa Diseases and treatment of Ear, Nose, Throat, Eyes and Head neck and above region5",Ashtanga Hridaya,1,22
What is the relationship between a balanced state of three Doshas and my overall health?,"Perfect balance of three Doshasleads to health, imbalance in Tridosha leads to diseases.",Ashtanga Hridaya,1,26
Is Vishama Agni associated with an imbalance of the Vata dosha?,Vishama Agni Influenced by Vata,Ashtanga Hridaya,1,36
What is Samsarga and Sannipata in terms of Ayurvedas Dosha imbalance?,"The increase, decrease of individual Doshas, or imbalance of couple of these Doshas is called asSamsarga. And imbalance of all the three Doshas together is called as Sannipata.",Ashtanga Hridaya,1,58
What symptoms might a person with a Vata body type experience if they are exposed to dry cold weather?,"If a Vata body type person exposes himself to dry cold weather, his drynessand in turn Vata will increase, leading to dry skin",Ashtanga Hridaya,1,68
"question What symptoms does the wind cause according to Ayurveda?, answer t tatrdy mruta ghnanti traya tiktdaya kapham kaya tikta madhur pittamanya tu kurvate",tatrdy mruta ghnanti traya tiktdaya kapham kaya tikta madhur pittamanya tu kurvate,Ashtanga Hridaya,1,73
What foods or tastes increase the Pitta dosha?,"Sour, salt and pungent tastes increase Pitta.",Ashtanga Hridaya,1,74
What is the definition of health and disease according to Ayurveda?,Definition of health and disease rogastu doavaiamya doa smyam arogat Imbalance in Tridosha is disease,Ashtanga Hridaya,1,87
"question What are the two types of diseases according to Ayurveda, as mentioned in the text?, answer Types of disease Nija roga Disease caused due to imbalance in internal factors",Types of disease Nija roga Disease caused due to imbalance in internal factors,Ashtanga Hridaya,1,88
Can excessive consumption of hot foods cause gastritis?,"For example, eatingexcessive hot substances, leading to gastritis.Agantu Roga Disease caused due to external factors",Ashtanga Hridaya,1,88
What is the treatment known as Shamana that helps bring the Doshas back to normalcy and is useful during the early stages of diseases?,"Shamana Palliative treatment which brings the Dosha to normalcy, useful in initial stagesof diseases2",Ashtanga Hridaya,1,100
"What is Shodhana, a treatment that purifies the body?",Shodhana Purification treatment which expels imbalanced Dosha out of body,Ashtanga Hridaya,1,100
"question What are the Shodhana purification and Shamana palliative treatments for Vata, Pitta, and Kapha according to Ayurveda?, answer ExamplesFor Vata Basti suppositories is the Shodhana treatment, and oil is Shamana treatment.For pitta Virechana Purgation is Shodhana and Ghee is Shamana.For Kapha Vamana emesis is Shodhana and Honey is Shamana.","ExamplesFor Vata Basti suppositories is the Shodhana treatment, and oil is Shamana treatment.For pitta Virechana Purgation is Shodhana and Ghee is Shamana.For Kapha Vamana emesis is Shodhana and Honey is Shamana.",Ashtanga Hridaya,1,101
What conditions are considered impossible to cure according to this Ayurvedic text?,"and also those which havemixture of factors enumerated in previous verses are krcchra sadhya curable with difficulty .Diseases which have features entirely opposite of curable diseases, which have stayed for longperiod of time, involving all the important tissues and vital organs, which have produced anxietyfear of death, delusion and restlessness which are presenting fatal signs and which causes lossof sense organs are impossible to cure",Ashtanga Hridaya,1,133
"question What is the treatment for the imbalanced doshas, as described in Dosopakramaniya Adhyaya?, answer Dosopakramaniya adhyaya treatment of the dosas.14",Dosopakramaniya adhyaya treatment of the dosas.14,Ashtanga Hridaya,1,143
What is the treatment for fever?,Jvara cikitsita treatment of fevers.2,Ashtanga Hridaya,1,154
What treatment is suggested for a bleeding disorder or disease?,Raktapitta cikitsita treatment of bleeding disease.3,Ashtanga Hridaya,1,154
"question What is the treatment for cough?, answer Kasa cikitsita treatment of cough.4",Kasa cikitsita treatment of cough.4,Ashtanga Hridaya,1,154
"question What is the treatment for breathlessness and hiccups?, answer SvasaHidhma cikitsita treatment of dyspnoea and hiccup.5",SvasaHidhma cikitsita treatment of dyspnoea and hiccup.5,Ashtanga Hridaya,1,154
"question What is the treatment for vomiting, heart disease, and excessive thirst?, answer ChardiHrdrogaTrsna cikitsita treatment of vomiting, heart disease and thirst.7","ChardiHrdrogaTrsna cikitsita treatment of vomiting, heart disease and thirst.7",Ashtanga Hridaya,1,154
What is the treatment for alcohol intoxication according to Ayurveda?,Madatyaya cikitsita treatment of alcoholic intoxication.,Ashtanga Hridaya,1,154
"question What is the treatment for hemorrhoids?, answer Arsas cikitsita treatment of haemorrhoids.9",Arsas cikitsita treatment of haemorrhoids.9,Ashtanga Hridaya,1,157
What is the treatment for diarrhea according to Ayurveda?,Atisara cikitsita treatment of diarrhoea.10,Ashtanga Hridaya,1,157
"question What is the treatment for a duodenal disorder, as mentioned in Ayurveda?, answer Grahani dosa cikitsita treatment of duodenal disorder.11",Grahani dosa cikitsita treatment of duodenal disorder.11,Ashtanga Hridaya,1,157
What is the treatment for retention of urine?,Mutraghata cikitsita treatment of retention of urine.12,Ashtanga Hridaya,1,157
"question What is the treatment for diabetes according to Ayurveda?, answer Prameha cikitsita treatment of diabetes.13",Prameha cikitsita treatment of diabetes.13,Ashtanga Hridaya,1,157
"question I have an issue with my scrotum, its swollen and there seems to be a lump. Is there any treatment for this?, answer Vraddhivrddhi cikitsita treatment of abscess, enlargement of the scrotum.14","Vraddhivrddhi cikitsita treatment of abscess, enlargement of the scrotum.14",Ashtanga Hridaya,1,157
"question What is the treatment for an abdominal tumor according to Ayurveda?, answer Gulma cikitsita treatment of abdominal tumour.15",Gulma cikitsita treatment of abdominal tumour.15,Ashtanga Hridaya,1,157
"question What is the treatment for an enlarged abdomen, as mentioned in Ayurveda?, answer Udara cikitsita treatment of enlargement of the abdomen.16",Udara cikitsita treatment of enlargement of the abdomen.16,Ashtanga Hridaya,1,157
"question What is the treatment for anemia?, answer Pandu roga cikitsita treatment of anaemia.17",Pandu roga cikitsita treatment of anaemia.17,Ashtanga Hridaya,1,157
"question What is the treatment for dropsy according to Ayurveda?, answer Svayathu sopha cikitsita treatment of dropsy.18",Svayathu sopha cikitsita treatment of dropsy.18,Ashtanga Hridaya,1,157
"question What is the treatment for leprosy, as per Ayurvedic texts?, answer Kustha cikitsita treatment of leprosy.20",Kustha cikitsita treatment of leprosy.20,Ashtanga Hridaya,1,157
What treatment is prescribed for both leucoderma and parasites?,Svitrakrimi cikitsita treatment of leucoderma and parasites.21,Ashtanga Hridaya,1,157
"question What is the treatment for nervous system diseases?, answer Vata vyadhi cikitsita treatment of diseases of the nervous system.22",Vata vyadhi cikitsita treatment of diseases of the nervous system.22,Ashtanga Hridaya,1,157
"question What is the treatment for diseases in children?, answer Balamaya pratisedha treatment of diseases of children.3",Balamaya pratisedha treatment of diseases of children.3,Ashtanga Hridaya,1,163
"question What is the treatment for evil spirits according to Ayurveda?, answer Balagraha pratisedha treatment of evil spirits.4",Balagraha pratisedha treatment of evil spirits.4,Ashtanga Hridaya,1,163
"question What is the treatment for insanity according to Ayurveda?, answer Unmada pratisedha treatment of insanity.7",Unmada pratisedha treatment of insanity.7,Ashtanga Hridaya,1,163
What is the treatment for epilepsy according to Ayurveda?,Apasmara pratisedha treatment of epilepsy.8,Ashtanga Hridaya,1,163
"question What is the treatment for diseases affecting my eyelids?, answer Vartma roga pratsedha treatment of diseases of eyelids.10",Vartma roga pratsedha treatment of diseases of eyelids.10,Ashtanga Hridaya,1,163
"What is the treatment for diseases affecting the fornices, sclera, and cornea?","Sandhisitasita roga pratisedha treatment of diseases of fornices, sclera and cornea.",Ashtanga Hridaya,1,163
What is the treatment for blindness according to Ayurveda?,Limgnasa pratisedha treatment of blindness.15,Ashtanga Hridaya,1,166
"question What is the treatment for diseases affecting my entire eye?, answer Sarvaksi roga pratisedha treatment of diseases of the whole eye.17",Sarvaksi roga pratisedha treatment of diseases of the whole eye.17,Ashtanga Hridaya,1,166
What is the treatment for diseases of the ear?,Karna roga pratisedha treatment of diseases of the ear.19,Ashtanga Hridaya,1,166
What is the treatment for nasal diseases?,Nasa roga pratisedha treatment of diseases of the nose.21,Ashtanga Hridaya,1,166
"question What is the treatment for mouth diseases?, answer Mukha roga pratisedha treatment of diseases of the mouth.23",Mukha roga pratisedha treatment of diseases of the mouth.23,Ashtanga Hridaya,1,166
What is the treatment for headrelated diseases?,Siro roga pratisedha treatment of diseases of the head.25,Ashtanga Hridaya,1,166
"question What is the treatment for ulcers according to Ayurveda?, answer Vrana pratisedha treatment of ulcers.26",Vrana pratisedha treatment of ulcers.26,Ashtanga Hridaya,1,166
What is the treatment for traumatic wounds as per Ayurveda?,Sadyo vrana pratisedha treatment of traumatic wounds.27,Ashtanga Hridaya,1,166
"question What is the treatment for a rectal fistula according to Ayurveda?, answer Bhagandara pratisedha treatment of rectal fistula.29",Bhagandara pratisedha treatment of rectal fistula.29,Ashtanga Hridaya,1,166
"question What is the treatment for minor diseases?, answer Ksudra roga pratisedha treatment of minor diseases.33",Ksudra roga pratisedha treatment of minor diseases.33,Ashtanga Hridaya,1,166
"question What is the knowledge related to diseases affecting the genital organs?, answer Guhya roga vijnaniya knowledge of diseases of genital organs.34",Guhya roga vijnaniya knowledge of diseases of genital organs.34,Ashtanga Hridaya,1,166
"question What is the treatment for diseases of genital organs?, answer Guhya roga pratisedha treatment of diseases of genital organs.35",Guhya roga pratisedha treatment of diseases of genital organs.35,Ashtanga Hridaya,1,166
"question What is the treatment for a snake bite?, answer Sarpa visa pratisedha treatment of snake bite poison.37",Sarpa visa pratisedha treatment of snake bite poison.37,Ashtanga Hridaya,1,166
"What is the treatment for poison from a mouse, rabid dog, or any other similar animals?","Musikaalarka visa pratisedha treatment of poison of mouse, rabid, dog etc..39",Ashtanga Hridaya,1,166
"I have been experiencing symptoms such as indigestion, vomiting, shortness of breath, cough, fever, facial paralysis, excessive thirst, ulcers in my mouth, heart disease, eye problems, issues with my head and ears. Could you help identify the condition I might be suffering from?","people suffering from indigestion,vomiting, dyspnoea, cough, fever, facial paralysis, excessive thirst, ulceration of mouth, heartdisease, diseases of eyes, head and ears.",Ashtanga Hridaya,2,11
What treatment is recommended to drain out secretions from my eyes that are caused by an excess of Kapha?,"Rasanjana aqueous extract of Berberis aristata, should be applied once in a week,to drain out Kapha secretions from the eyes.",Ashtanga Hridaya,2,16
Which conditions should I avoid consuming betel leaf due to?,"Those suffering from wounds, bleeding diseases, dryness, redness of eye, poisoning,repeated unconsciousness, intoxication and from tuberculosis should avoid betel leaf chewing.",Ashtanga Hridaya,2,20
"question What treatment is suggested to alleviate the symptoms of old age, fatigue, and poor vision?, answer , abhyangam caret nityam, sa jar ramavtah di prasda pui yu susvapna sutvakdrhyakt ira ravaapdeu ta vieea layet varjyobhyanga kaphagrasthaktasamuddhi ajribhi",", abhyangam caret nityam, sa jar ramavtah di prasda pui yu susvapna sutvakdrhyakt ira ravaapdeu ta vieea layet varjyobhyanga kaphagrasthaktasamuddhi ajribhi",Ashtanga Hridaya,2,22
"When should I avoid massage according to Ayurveda, considering my dosha imbalance?","Massage should be avoided when there is increase of Kapha in the body,soon after Shodhana Panchakarma procedure and during indigestion.",Ashtanga Hridaya,2,23
I have a disease that originates from Vata or Pitta. Should I avoid exercise?,"People with diseases originating from Vata and Pitta, children,elders, people with indigestion problem should not do exercise",Ashtanga Hridaya,2,28
What treatment is recommended after oblutions for Vata imbalance?,"So, after attending tooblutions, one should resort to Abhaynga oil massage with oils that have Vata balancingproperties",Ashtanga Hridaya,3,22
Why might I be experiencing multiple diseases?,It diminishes the digestive fire Agni and gives rise to manydiseases,Ashtanga Hridaya,3,38
"What treatments are recommended for quickly controlling Kapha, according to Ayurveda?","Hence Kapha should be controlled quickly, by resorting to strong emesis therapyVamana Panchakarma procedure, Nasya nasal medication and other therapies.Food should also be chosen to mitigate Kapha, that are easily digestible and dry moisturefree,fatfree.",Ashtanga Hridaya,3,38
"Why should I avoid using salt, pungent and sour foods, heavy physical exercises, and exposure to sunlight during this season?","Kaphadecreases day by day and Vata increases consequently, hence avoid use of salt, pungent and sourfoods, heavy physical exercises and exposure to sunlight, during this season",Ashtanga Hridaya,3,50
"I have been exposed to a lot of summer heat. Could this debilitate me further, causing my doshas to become vitiated?","It is already debilitated by summer, itundergoes further decrease and gets vitiated by the Doshas",Ashtanga Hridaya,3,73
What factors can cause an aggravation of the Doshas according to Ayurveda?,"The Doshas get aggravated by theeffect of thick clouds full of water, cold wind having snow, dirty water because of rain, warmthof the earth and sourness.",Ashtanga Hridaya,3,73
What causes many diseases according to Ayurveda?,The poor strength of digestive activity the Doshas start vitiating one another and cause manydiseases.Hence all general measures to mitigate imbalanced Doshas and to improve digestive activityshould be adopted,Ashtanga Hridaya,3,74
I have been experiencing a sudden increase in Pitta since autumn began. Could this be due to exposure to the warm rays of the sun during rainy season?,"When he gets suddenly exposed tothe warm rays of Sun, the Pitta, which has undergone increase in Varsha rainy season becomesgreatly aggravated during sharath autumn",Ashtanga Hridaya,3,85
What are the adverse effects of suppressing flatus?,Adhovata abrodha adverse effects of suppressing flatus,Ashtanga Hridaya,4,11
What health issues might occur due to continual suppression of the urge to pass gas?,"By suppression of the urge of flatus farting, on a continuous basis, one becomes prone toabdominal bloating, tumor,Udavarta bloating, gaseous distension of abdomenRuk abdominal painKlma tiredness, exhaustion without doing anythingblockage of flatus, constipation and difficulty in urinationloss of vision andloss of digestive powerdiseases related to upper part of stomach and heart",Ashtanga Hridaya,4,13
What is causing most of the issues I am experiencing?,Most of the problems explained are dueto Vata imbalance.,Ashtanga Hridaya,4,14
What are the bad effects of suppressing the urge to defecate according to Ayurveda?,Bad effects of suppressing urge to defecate Shakrut Nirodhaja Roga,Ashtanga Hridaya,4,15
What are the symptoms I might be experiencing with this condition?,"Pindikodveshta twisting pain of calf musclesPratishyaya running noseShiroruja headacheUrdhvavayu upward movement of Vata,Parikarta anal itching sensationHrudayasya Uparodhana stiffening feeling in chest regionMukhena Vit pravrutti foul breath, feces vomiting.",Ashtanga Hridaya,4,17
"What symptoms might I experience if I have Angabhanga, Ashmari, and the pain in my penis and bladder region as described?","Angabhanga body pain,Ashmari Urinary calculiPain in penis and bladder region.Diseases that are mentioned in flatus and faeces may also occur in this condition.",Ashtanga Hridaya,4,20
"What treatments are recommended for diseases caused by the suppression of flatus, feces, and urine?","To treat the diseases arising from suppression of flatus, feces and urine, the following should begiven.Varti Rectal and urethral suppositoriesAbhyanga Oil massageAvagaha tub bath, sitz bathSvedana sweating therapy, sudation therapyBastikarma rectal enemaAnnapaanam ca vidbhedhi all food that help to induce purgation should be administered.",Ashtanga Hridaya,4,25
"I have been suppressing my belching for a while now. Could this be causing anorexia, lack of interest in food, tremors, constipation, stiffness in the chest region, bloating, cough, cold, and hiccups?","Suppression of belching may causeAruchi Anorexia, lack of interest in taking foodKampa tremorsVibandha constipationHrudayo Raso stiffening sensation in chest regionAdhmana bloating, gaseous distension of abdomenKasa cough, coldHidhma hiccup",Ashtanga Hridaya,4,32
What treatments are suggested in Ayurveda to induce sneezing and regulate Vata movement?,"Teekshna Dhooma powerful herbal smoking, Anjana Collyrium Navaa Snuffing Arkavilokana seeing Sun directly for a few seconds Massage, Oleation and sudation therapies are also mentioned as treatment. All these are done to induce sneezing and to regularize Vata movement.",Ashtanga Hridaya,4,41
What could cause a decrease in my digestion power and an increase in Vata?,"Light meals, with oily substance such as ghee, which is hotwarm in nature.Note Fasting causes decrease in digestion power and increase in Vata",Ashtanga Hridaya,4,55
What symptoms might I experience if I have trouble sleeping?,"Suppression of sleep causesMoha delusionMurdha Akshi Gourava heaviness of head and eyesAlasya laziness, lassitudeJrumbhika yawningAngabhanga bodyache, myalgia",Ashtanga Hridaya,4,58
What kind of treatments are suggested for balancing the Vata dosha?,"Here,Vata balancing activitiestreatment should be taken up.",Ashtanga Hridaya,4,74
"What are the symptoms mentioned for Aruchi, Bhrama, and Gulma according to Ayurveda?","Aruchi Anorexia, lack of interest in taking foodBhrama delusionGulma Abdominal tumor, bloating",Ashtanga Hridaya,4,80
Can suppressing vomiting lead to any skin or eye issues?,"Suppression of vomiting causesVisarpa Herpes, spreading skin diseaseKotha allergic skin rashesKushta skin diseasesAkshi Roga eye disordersKandu itching sensationPandu Anemia, intial stages of liver diseasesJvara feverKasa cough, coldShwasa Asthma, COPD, wheezing, breathing difficultyHrullasa nausea vomiting sensationVyanga Pigmented patches on faceShvayathu oedema, inflammation",Ashtanga Hridaya,4,84
What are the different forms of Panchakarma treatment mentioned in Ayurveda?,Gandusha garglingDhumapana herbal smokeRooksha aahara Vamana eating dry food and inducing vomitingVyayama exerciseAsra Sruti Blood letting in case of skin diseasesVirechana purgation type of Panchakarma treatment.,Ashtanga Hridaya,4,87
Can suppressing vomiting lead to an imbalance in the Pitta?,Note Suppression of vomiting causes Pitta imbalance,Ashtanga Hridaya,4,88
What is the main objective of the treatments youve mentioned for addressing my health issue?,Hence most of the treatment above istargeted to balance or eliminate Pitta.,Ashtanga Hridaya,4,88
What health issues may arise due to suppression of ejaculation?,"Suppression of ejaculation causesSravana oozing of semenGuhya Vedana pain in groinShvayathu oedema, inflammationJvara feverHrid Vyatha cardiac pain, distressMutrasanga Obstruction to the flow of urine and difficultyAngabhanga bodyache, myalgiaVruddhi HerniaAshma stone formationShandata Impotency",Ashtanga Hridaya,4,93
What causes diseases as per Ayurveda?,"All diseases are caused due toVegodeerana initiation of urges forcefullyVegadhaaraana Suppression of naturally initiated urges.For those common diseases arising from these acts, specific treatments have been counted so far.By disturbing the nature, it is Vata that is mainly vitiated",Ashtanga Hridaya,4,105
What can happen if I do not clear out Doshas and waste products at suitable times?,One must exercise precaution to clear out Doshas and waste products at suitable times.Accumulation of such toxins could lead to their aggravation and subsequently even death mayoccur due to this.,Ashtanga Hridaya,4,111
Can the Doshas that have been balanced through fasting and digestionpromoting therapies become aggravated again?,The Doshas that are balanced out by Langhana fasting etc and Pachana digestion promotingtherapies may sometime get reaggravated soon,Ashtanga Hridaya,4,114
"What treatment should I consider after undergoing Panchakarma procedure, according to Ayurveda?","After proper Panchakarma procedure at suitable times, rejuvenation treatment Rasayana therapyshould be taken up, with suitable tonics and aphrodisiacs.",Ashtanga Hridaya,4,118
What causes traumatic diseases as per Ayurveda?,Traumatic diseases caused by external factors,Ashtanga Hridaya,4,126
What are the general guidelines for treating all types of diseases according to Ayurveda?,"Avoidance of improper activities of body, mind and speech by willful transgression of rules,control of the senses, remembering previous experiences and acting rightly,good knowledge of the habitat, season and the self,adherence to rules of good conduct and ritualsPeaceful procedures as mentioned in Atharva Veda,Worship of celestial powers Grahashanti astronomical palliative proceduresStaying away from Bhuta evil spirits, microbesRespective treatment followed as per the principles explained above, are the general guidelines totreat all types of diseases.",Ashtanga Hridaya,4,134
"question How can I get rid of accumulated Doshas that have arisen from winter?, answer The accumulated Doshas arising from winter should be expelled during Vasanta spring, question What should I do to eliminate Doshas that have built up due to summer?, answer That arising from Summer Greeshma should be expelled during Abhrkla Varsha Ritu rainy season, question How can I remove the Doshas that have accumulated due to the rainy season?, answer That arising from rainy season should be expelled during Ghnatyaya Sharad Autumn season, question What measures can help me avoid diseases caused by changes in seasons?, answer By this, people will not become victims of diseases born by the effect of the seasons.","The accumulated Doshas arising from winter should be expelled during Vasanta springThat arising from Summer Greeshma should be expelled during Abhrkla Varsha Ritu rainy season.That arising from rainy season should be expelled during Ghnatyaya Sharad Autumn seasonBy this, people will not become victims of diseases born by the effect of the seasons.",Ashtanga Hridaya,4,137
"Can dirty water mixed with mud, algae, weeds, and leaves that is not exposed to sunlight and wind, a mixture of old and fresh, thick, not easily digestible, frothy, containing worms, hot by nature, cause tingling of teeth by being very cold?","Water which is dirty, mixed with mud, algae, weeds and leaves, which is not exposed to sunlightand wind, which is a mixture of old and fresh, which is thick, not easily digestible, frothy,containing worms, hot by nature, causes tingling of teeth by being very cold, that rain waterwhich is unseasonal or though seasonal that of the first rain before the appearance of AgastyaNakshatra, that contaminated with the webs, saliva, urine, faeces of spider etc., and such otherpoisonous materials, should not be used for drinking",Ashtanga Hridaya,5,20
"Why should I avoid consuming too much or little water if I have poor digestion, abdominal tumors, anemia, enlarged abdomen, diarrhea, hemorrhoids, diseases of the duodenum, dropsy?","Water should not be consumed or consumed in very little quantity, by those suffering from poordigestive function, tumors of the abdomen, anaemia, enlargement of the abdomen, diarrhoea,haemorrhoids, diseases of the duodenum, dropsy.Excepting for Sharad autumn and Nidagha summer even healthy persons should drink lessquantity of water in all other seasons 1314",Ashtanga Hridaya,5,35
What symptoms does this treatment relieve?,"RelievesHidhama relives hiccup,Adhmana flatulence,Anila aggravation of VataShleshma aggravation of KaphaIt is ideal on the days of Panchakarma therapyNavajvara fever of recent originKasa cold, cough",Ashtanga Hridaya,5,47
"question I have been suffering from excessive thirst and an imbalance of Pitta and Vata. Can this Ayurvedic treatment I found relieve these symptoms, increase my appetite, and cleanse my urinary bladder?, answer RelievesTrushna thirst,Pittanila hara balances Pitta and Vata.Deepana increases hunger andBastishodhana cleanses urinary bladder.19","RelievesTrushna thirst,Pittanila hara balances Pitta and Vata.Deepana increases hunger andBastishodhana cleanses urinary bladder.19",Ashtanga Hridaya,5,58
What are the properties of Ushtra ksheera milk of camel that make it useful for treatment?,Ushtra ksheera milk of camel isIshat ruksha slightly dryushna hotLavana salty tasteDeepana increases digestion strengthLaghu easy to digestVatakaphaa shastam useful in Vata and KaphaKrumi relieves worm infestationShopha anti inflammatoryUdara useful in ascitesArshas haemorrhoids,Ashtanga Hridaya,5,81
"Can curd help with conditions like anorexia, chronic and recurrent fever, rhinitis, dysuria, or malabsorption syndrome?","Curd Useful inaruchau useful in anorexiaVishamaJwara chronic, recurrent feverPeenasa rhinitisMutrakruchra dysuriaGrahani malabsorption syndrome",Ashtanga Hridaya,5,102
"question What conditions can this treatment be useful for, according to Ayurveda?, answer Useful inShopha inflammatory conditionsUdara ascitesArsha hemorrhoidsGrahani malabsorption syndromeMutradosha, Mutragraha urine infection, dysuriaAruchi anorexiaPleeha splenomegalyGulma abdominal distentionGhritavyapat in indigestion caused by excess consumption of gheeGara visha chronic intoxication andPandu anemia","Useful inShopha inflammatory conditionsUdara ascitesArsha hemorrhoidsGrahani malabsorption syndromeMutradosha, Mutragraha urine infection, dysuriaAruchi anorexiaPleeha splenomegalyGulma abdominal distentionGhritavyapat in indigestion caused by excess consumption of gheeGara visha chronic intoxication andPandu anemia",Ashtanga Hridaya,5,109
What are the therapeutic benefits of fresh Navanita butter according to Ayurveda?,"Fresh Navanita butter isVrushya aphrodisiac,Sheeta coolantVarna, bala, agnikrut improves skin complexion, strength and digestion strength.Sangrahi abosrbent, useful in diarrhoeaVatapittasruk jit balances Vata, Pitta and detoxifies blood",Ashtanga Hridaya,5,113
"I have been experiencing persistent cough, could this herbal remedy also help with that?",Useful inKshaya chronic respiratory disorders leading to emaciationArsha hemorrhoidsArdita vata paralysisKasa cough,Ashtanga Hridaya,5,114
What conditions does Purana Ghrita old ghee help treat according to Ayurveda?,"Purana Ghrita old ghee is used in the treatment ofMada intoxication,Apaspara epilepsy,Murcha fainting,Shira, karna, akshi yoni roga diseases of the head, ear, eye and vaginaOld ghee cleanses and heals wounds",Ashtanga Hridaya,5,123
Can consuming halfcooked molasses cause a slight imbalance in the three doshas due to its heavy nature and tendency to block secretions?,"Phanita half cooked molasses is heavy hard to digest, Abhisyandi increasing the secretionsin the tissues pores and blocking them, causes mild increase of Tridosha and cleanses the urineby increasing its quantity.",Ashtanga Hridaya,5,146
"What medication can help manage increased Vata, which might be beneficial for various diseases?",it is an efficient Vatahara drug mitigates the increased Vata and so very useful inmany diseases.,Ashtanga Hridaya,5,180
"Could the use of linseed Uma oil or Kusumbha oil aggravate skin issues, Kapha, and Pitta?","Taila of Uma linseed and Kusumbha are hot in potency, produce diseases of the skin, aggravateKapha and Pitta.",Ashtanga Hridaya,5,188
What does fresh wine do to the Doshas in the body?,"Fresh wine is hard to digest increases of all the Doshas, whereas old ones decreaseContra indication for wines Wine should not be consumed hot.It should not be consumed by person undergoing Virechana purgation panchakarma therapyIt should be avoided by hungry personWines which are very strong or very weak, which are very clear like water or very turbid andthose which are spoilt, should not be used for drinking",Ashtanga Hridaya,5,200
What conditions does Sura help with regarding the abdomen and digestive system?,"Sura is useful in abdominal tumors, enlargement of the abdomen, heamorrhoids, duodenaldiseases, is lubricating, hard to digest, mitigates Vata, causes increase of fat, blood, milk, urineand Kapha",Ashtanga Hridaya,5,203
"Does consuming Sura made from barley Hordeum vulgare lead to constipation and difficulty in digestion, and if so, does it also affect all three doshas?","Sura prepared from Yava Barley Hordeum vulgare barley causes constipation, is difficult todigest, nonunctuous and aggravates all the three Doshas",Ashtanga Hridaya,5,209
"Can Mardvika help with anaemia, diabetes, hemorrhoids, or intestinal parasites?","Mardvika wine prepared from grapes is scraping, good to the heart, not very hot in potency,sweet,Sara promotes natural movement of body fluids laxative, causes slight increase of Pitta andAnila Vata, useful in anaemia, diabetes, hemorrhoids and worms intestinal parasites",Ashtanga Hridaya,5,216
What food is difficult to digest and aggravates the Vata dosha?,"is inferior in properties than grapes, aggravates Vata, and hard for digestion",Ashtanga Hridaya,5,219
What doshas does Sidhu prepared from fermenting sugarcane juice affect?,"Sidhu prepared from fermenting sugarcane juice aggravates Vata and Pitta, decreaseslubrication and diseases of Kapha, obesity, dropsy, enlargement of the abdomen andhaemorrhoids that prepared by cooking sugarcane juice is best",Ashtanga Hridaya,5,229
What conditions is Sukta wine prepared from roots and tubers traditionally used for according to Ayurveda?,"Sukta wine prepared from roots and tubers increases the moisture of blood, Pitta and Kapha,expels Vata in downward directions, very hot in potency, is penetrating, causes dryness, sour,good to the heart, increases taste appetite, is Sara promotes bowel movements laxative,enhances hunger, is cold to touch, useful in anaemia, diseases of the eye and worms",Ashtanga Hridaya,5,235
"What is a decoction enema made from that aggravates Pitta, relieves fatigue and exhaustion, increases appetite, helps urinary bladder pain, benefits the heart, digests easily, and balances Vata and Kapha?","have been slightly cooked or merely washed is purgative, penetrating, hot in potency,aggravates Pitta, cold to touch, relieves fatigue and exhaustion, increases appetite and hunger,useful in pain of the urinary bladder, ideal for use as Asthapana decoction enema, good to theheart, easy to digest, balances Vata and Kapha.",Ashtanga Hridaya,5,242
"What properties does Yavaka, Haayana, Paamshu, Vashpa, Naishadha varieties of rice have according to Ayurveda?","Yavaka, Haayana, Paamshu, Vashpa, Naishadha varieties of rice areSvadu sweet,Ushna hot in potency,Guru hard to digest,Shleshmapittala increases Kapha and PittaSnigdha unctuous, oilyAmlapaka undergoes sour taste conversion after digestionSrushtamutrapureesha increases bulk and volume of faeces and urineThey are bad in their reverse order.",Ashtanga Hridaya,6,15
"What are the properties of this substance, according to Ayurveda?","It isSnigdha unctuous, oilyGrahi absorbent, useful in malabsorption syndrome and diarrheaLaghu light to digestSvadu sweetTridoshaghna balances all the three DoshasSthira brings in stabilityHima coolant",Ashtanga Hridaya,6,18
"What conditions might cause an increase in the volume of urine and faeces, a rise in body heat, and an imbalance of the three doshas?","It increases volume of urine and faeces, increases body heat and causes imbalanceof Tridosha",Ashtanga Hridaya,6,25
"What conditions is this treatment useful for, according to Ayurveda?",Useful inMutrameda urinary disorderPitta Kapha imbalance disorders,Ashtanga Hridaya,6,34
What are the properties of black gram according to Ayurveda?,"Black gram isSnigdha unctuous,Balya increases strength,increases kapha and PittaMalakara increases bulk of faeces,Sara laxative,Guru not easily digestible,Ushna hot in potency,Vatahara mitigate Vata,Madhura sweet in taste,shukra vruddhikara, Virekakrut increases semen and promotes ejaculation strength",Ashtanga Hridaya,6,62
I recently had Panchakarma therapy and Ive been experiencing issues with my throat and eyes. Is it appropriate for me to consume Mudgasupa soup of green gram as a treatment?,"Mudgasupa soup of green gram is good for health, for those who have undergonePanchakarma purification threrapies and for those suffering from ulcers, diseases of the throatand eyes",Ashtanga Hridaya,6,99
What conditions does Kulattha Supa horse gram soup help with according to Ayurveda?,"Kulattha Supa horse gram soup isVatanulomi initiates normal movement of VataUseful inGulma abdominal tumor, tuni and pratituni pains of the groin region 33",Ashtanga Hridaya,6,101
What foods might be harmful for my eyes according to Ayurveda?,"Eatables prepared from Tila sesamum, Pinyaka residue of sesamum after the oil is takenout, dried leafy vegetables, germinated grains, shaaki vaaka balls of fried rice dried in sunand then fried in oil are not good for eyes, increase the doshas, cause debility and are hard todigest",Ashtanga Hridaya,6,105
"What food can I consume to increase my semen amount and also reduce vata, according to Ayurveda?","Meat of cataka increases kapha, is unctuous, mitigates vata and best to increase semen",Ashtanga Hridaya,6,174
"Can consuming gomamsa flesh of cow, bull, bullock help with dry cough, exhaustion, excess hunger, intermittent fevers, chronic nasal catarrh, emaciation, and diseases caused by an increase in vata?","Gomamsa flesh of cow, bull, bullock cures dry cough, exhaustion, excess hunger, intermittentfevers, chronic nasal catarrh, emaciation, and diseases caused by increase of vata independently.65.",Ashtanga Hridaya,6,187
What are the effects of Vidari on my health as it relates to treatment?,"Vidari mitigates vata and pitta, is diuretic, sweet in taste, and cold in potency, prolongs life bygiving strength, makes the body stout, good for the throat, hard to digest, aphrodisiac andrejuvenator.",Ashtanga Hridaya,6,238
"What foods increase kapha and vata doshas and might cause difficulties in bowel movements, delayed digestion, and excessive tissue secretion?","Kusmaa ash gourd, Tumba alabu, Kalinga, karkaru, evaru, tindisa, trapusa, cinaka,cirbhataall cause increase of kapha and vata, breaks the hard faeces, stays long withoutdigestion inside the stomach, causes more secretion in the tissues, sweet in taste and at the end ofdigestion and not easily digestible",Ashtanga Hridaya,6,241
"What are the effects of Tumba alabu and the mentioned fruits kalinga, ervaru, and cirbhita on my body according to Ayurveda?","Tumba alabu is very dry causes dryness, absorbentkalinga, ervaru and cirbhita when tender mitigate pitta and are cold in potency, but when ripe areopposite in qualities, these which are overripe and separated from its attachment, will be alkalinein taste, increase pitta, mitigate kapha, and vata, improves taste and appetite, good for the heart,cures enlargement of the prostate, distention of abdomen and easily digestible",Ashtanga Hridaya,6,246
"What are some foods that can help eliminate urine and faeces, are slightly dry, sweet, salty, increase vata and kapha, and are not easily digestible?","Kalamba, Nalika kapotacarana, marsa, kutinjara, kutumbaka, cilli vastuka, latvaka, lonika,karutaka, gavadhuka, jivanta, jhun jhu, edagaja, yavasaka yavanisaka, suvarchala and aluka ofdifferent kinds, leaves of legumes used for soup and of laksmana are all sweet, slightly dry, salty,increases vata and kapha, not easily digestible, cold in potency, help elimination of urine andfaeces, stay long in the stomach for digestion if cooked in steam, juice taken out and mixed withoils, they will not cause much aggravation of the dosas 9395",Ashtanga Hridaya,6,252
"I have some health issues like artificial poisoning, dropsy, Kapha, and Vata. Are there any treatments that involve slightly alkaline, pungent and bitter substances that can help improve my digestion and break down hard faeces?","The two kinds ofvarsabhu and kalasaka are slightly alkaline, pungent and bitter, improve digestion, break the hardfaeces and cure artificial poisoning, dropsy, kapha and vata",Ashtanga Hridaya,6,256
What conditions might I experience if I consume Vamsakarira tender shoots of bamboo?,"Vamsakarira tender shoots of bamboo causes dryness inside, heartburn and increase of vataand pitta",Ashtanga Hridaya,6,262
"What traditional Ayurvedic remedy is used to treat enlargement of the spleen, hemorrhoids, and help with digestion issues while also reducing excess kapha and vata?","Pattura kindles digestion, is bitter, cures enlargement of spleen, haemorrhoids and mitigateskapha and vata",Ashtanga Hridaya,6,264
"I have a disease possibly caused by worms, Im also suffering from a chronic cough and feel my kapha has increased. Can Kasamarda help me with these symptoms and improve my bowel movement?","Kasamarda cures disease caused by worms, cough and increase of kapha and moves the bowels.",Ashtanga Hridaya,6,266
"What are the properties of Kousumbha, and how does it affect my body?","Kousumbha is dry, hot in potency, sour, hard to digest increase pitta and makes the bowels tomove.",Ashtanga Hridaya,6,268
"Can consuming tender radish that lacks a definite taste, which is slightly alkaline and bitter, help in curing abdominal tumors, cough, respiratory conditions, ulcers, diseases of the eye and throat, hoarseness of voice, bloating, and rhinitis?","Radish that is tender, and not having definite tatste, is slightly alkaline and bitter, balancesDoshas, easy to digest, hot in potency and cures abdominal tumors, cough, respiratory conditions,ulcers, diseases of eye and throat, hoarseness of voice, bloating, and rhinitis",Ashtanga Hridaya,6,274
Why does consuming a bigsized radish cause an increase in all three doshas?,"Radish, big in sizeis hard to digest, pungent in taste and at the end of digestion, not in potency, increases all thethree doshas, hard to digest and is abhishynadi indigestion plus sticky to the gut.When cooked with fats it mitigates vata the dried one causes increase of the dosha",Ashtanga Hridaya,6,274
What is recommended for treating hemorrhoids of kaphaVata origin according to Ayurveda?,"Grinjanaka carrot is best suitable to persons suffering from haemorrhoids of kapha Vataorigin, for fomenting the pile masses and eating it is penetrating, water absorbent and notsuitable to those who have pitta predominance",Ashtanga Hridaya,6,288
"I have been experiencing some respiratory issues like cough and difficulty breathing. Ive also noticed a persistent thirst and intoxication. Are grapes Draksa beneficial for these conditions as they are said to cure diseases of vata, pitta, and rakta?","Draksa grapes is best among fruits, is aphrodisiac, good for the eyes, helps elimination of urineand faeces, sweet in taste and the end of digestion, unctuous, slightly astringent, cold potency, hardto digest, cures diseases of vata, pitta and rakta better taste in the mouth, intoxication, thirst,cough, fever, respiratory conditions, hoarseness, injury to the lungs and chronic respiratorydiseases",Ashtanga Hridaya,6,297
What can cause gas and aggravate my doshas when I consume ripe Bilva phala bael fruit?,"Bilva phala bael fruit when ripe is hard to digest, aggravates the doshas and causes flatusunripe fruit kindles digestion, mitigates vata and kapha both are water absorbant",Ashtanga Hridaya,6,314
Could eating unripe Kapittha fruit affect my throat health and potentially increase the levels of the three doshas?,"Amakapittha unripe Kapittha is bad to the throat, and increases the three doshas",Ashtanga Hridaya,6,316
What is the effect of consuming Jamun fruit on my digestive system and doshas?,"Jambava Jamun fruit is not easily digestible, stays long inside the stomach, cold in potency,causes aggravation of vata especially, absorbs moisture from urine and faeces, bad for throat andmitigates kapha and pitta 127",Ashtanga Hridaya,6,318
What effect does bala amra tender unripe mango have on the doshas according to Ayurveda?,"Bala amra tender unripe mango increases Vata, Rakta blood and pitta when its seed is fullyformed, it increases Kapha and Pitta when it is ripe it is not easily digestible, mitigates vata,increases kapha and semen",Ashtanga Hridaya,6,322
What diseases can Pilu help cure according to Ayurveda?,"Pilu increases pitta, mitigates kapha and vata, is purgative, cures diseases of the spleen,haemorrhoids, worms, abdominal tumors that variety of pilu which has bitter sweet taste is notvery hot in potency and mitigates all three dosas 130.",Ashtanga Hridaya,6,325
What conditions can the fleshy part and tendril of matulunga bigger variety of lemon help alleviate or cure?,"The skin of matulunga bigger variety of lemon fruit is better, pungent and unctous, mitigatesvata its fleshy part makes the body stout, is sweet in taste, mitigates vata and pitta and noteasily digestible its tendril is easily digestible cures cough, asthma, hiccup, alchoholicintoxication dryness of the mouth, disorders of vata and kapha, constipation, vomiting, loss oftaste, abdominal tumor, enlargement of the abdomen, haemorrhoids, colic and dyspepsia 131133",Ashtanga Hridaya,6,326
"question What effects does the outer rind and fleshy part of bhallataka fruit have on my body?, answer Tadasthignisamam medhyam kaphavataharam param","Bhallataka marking nut The outer rind and fleshy part of bhallataka fruit makes the bodystout, sweet in taste, cold in potency its seed is just like fire in properties, increases intelligenceand effectively mitigates kapha and vata",Ashtanga Hridaya,6,327
"What is the effect on doshas when consuming Draksa grapes, Parusaka, and Karamardaka in their green state?","Draksa grapes and parusaka and karamardaka, in their green state are sour, increase pitta andkapha, hard to digest, hot in potency, mitigate vata and laxative",Ashtanga Hridaya,6,335
What conditions does Bida salt help to cure according to Ayurveda?,"Bida salt produces both upward and downward movement of kapha and vata, kindles digestion,cures constipation, flatulence, obstruction, of flatus, colic and heaviness of the abdomen",Ashtanga Hridaya,6,361
"What is the nature of Pamsuttha regarding pH level, dosha aggravation, and ease of digestion?","Pamsuttha is slightly alkaline, aggravates kapha and not easilt digestible.",Ashtanga Hridaya,6,371
"Can Yavakshara Kshara prepared from barley help in treating my abdominal tumors, heart diseases, duodenal disease, anemia, splenic disorders, distension of the abdomen, throat diseases, asthma, haemorrhoids and cough caused by kapha?","Yavakshara Kshara prepared from barley mitigates abdominal tumors, diseases of the heart,duodenal disease, anaemia, splenic disorders, distension of the abdomen, diseases of the throat,asthma, haemorrhoids and cough arising from kapha",Ashtanga Hridaya,6,377
"What effects do ksharas have on my body, particularly regarding their ability to destroy worms, aid digestion, break up hard masses, and vitiate pitta and blood?","All ksharas are veryTeekshna penetrating ushna very hot in potency,krumijit destroy wormsLaghu easily digestiblePitta Asruk dushana vitiate pitta and bloodPaki helps in digestion, causes healing of woundsChedya help break up hard masses,ahrudya not good for the heart, punctures the tissuesbeing pungent and salty in taste are not good to semen, ojas essence of the tissues , hairs andeye vision 151",Ashtanga Hridaya,6,380
"Can asa foetida help with abdominal distension, colic, and improve my appetite and digestion?","Hingu asa foetida mitigates vata, kapha, cues distension of the abdomen and colic, aggravatespitta, pungent in taste and at the end of digestion, enhances taste, hunger, digestion and is easilydigestible",Ashtanga Hridaya,6,382
What health conditions does Haritaki help to treat according to Ayurveda?,"Haritaki is astringent, sweet at the end of digestion, dry causes dryness devoid of lavanapossesses the remaining five tastes easily digestable, kindles hunger, helps digestion, improvesintelligence, best to maintain youth, hot in potency, laxative, bestows long life, strengthens themind and the sense organs, cures leprosy and other skin diseases discolouration, disorders ofvoice, chronic intermittent fevers, diseases of the head, and eyes, anaemia, heart disease,jaundice, disease of the duodenum, consumption, dropsy, diarrhoea, obesity, fainting, vomiting,worms intestinal parasites, dyspnoea, cough, excess salivation, haemorrhoids, disease of thespleen, distention of the abdomen, enlargement of the abdomen, obstruction of channels,abdominal tumors, stiffness of the thing, loss of taste anorexia0 and many other disease arisingfrom aggravation of kapha and vata",Ashtanga Hridaya,6,389
"Can Triphala haritaki, amalaki and vibhitaki help with my eye diseases, skin issues, obesity, diabetes, excess tissue moisture, aggravation of kapha or blood disorders as mentioned in Ayurveda?","Thus, the Triphala haritaki, amalaki and vibhitaki, together is a best rejuvenator of the body,cures diseases of the eyes, heals wounds and cures skin diseases, excess moisture of the tissues,obesity, diabetes, aggravation of kapha and Asra blood 159.",Ashtanga Hridaya,6,396
"Can Chitraka leadwort help with conditions like dropsy, hemorrhoids, worm infestation, leprosy, and other skin diseases due to its digestive properties similar to fire?","Chitraka leadwort is similar to fire in digesting thing and cures dropsy, haemorrhoids, wormsand leprosy and othe skin diseases.",Ashtanga Hridaya,6,419
"I have been diagnosed with abdominal tumor, spleen disease, enlargement of the abdomen, distension, or colic. Can panchakolaka, which includes pippali, pippalimula, cavya, citraka and excludes marica, help improve my condition and hungerdigestion?","The above, excluding marica, pippali, pippalimula, cavya, citraka and nagara is knownas panchakolaka. It cures abdominal tumors, disease of the spleen, enlargement of the abdomen,distension and colic, and is best to improve hunger and digestion.",Ashtanga Hridaya,6,421
What is the recommended treatment for this condition according to Ayurveda?,"The treatment shall be bathing washing, pouring with water processed with antipoisonousdrugs, application of paste of Sevya Ushira, Candana sandalwood, Padmaka WildHimalayan Cherry heart wood Prunus puddum cerasoides, Somavalka, Talisa Patra Cinnamomum tamala, Kushta Saussurea lappa, Amrita Tinospora and Nata Valerianawallichi",Ashtanga Hridaya,7,33
What is the treatment for chronic poisoning that aims to detoxify the heart?,Hrid Vishodhana Gara Visha Chikitsa Treatment to detoxify heart and to treat chronicpoisoning,Ashtanga Hridaya,7,42
Could eating Indian spinach processed with sesame seed paste potentially lead to diarrhea?,Upodika Indian spinach processed along with sesame seed paste causes diarrhoea,Ashtanga Hridaya,7,71
"What is a Viruddha, according to Ayurveda?","In brief, whichever food or activity that causes increase of Doshas but does not expel the Doshaout of the body is termed as Viruddha.",Ashtanga Hridaya,7,84
What happens to my Doshas during the Panchakarma treatment?,"Note In Panchakarma treatment also, Dosha is increased and then expelled out of body",Ashtanga Hridaya,7,85
What symptoms might occur due to loss of sleep?,"Loss of sleep leads to squeezing pain in the body parts, heaviness of the head, too much ofyawning, lassitude, exhaustion even without strain, giddiness, indigestion, stupor and diseasesof Vata origin",Ashtanga Hridaya,7,132
What diseases can I get if I eat too much food?,"Due to eating excess quantity of food, Vata and other Doshas suddenly get increased together andassociating with the undigested and vitiated food Ama, produce diseases.It causes Alasaka disease by blocking the movement of food inside the alimentary tract andVisuchika gastro enteritis by expelling out the undigested food in both downward and upwarddirections diarrhoea and vomiting simultaneously.This is seen in persons who are not self controlled and who can not control their craze for eating.45.",Ashtanga Hridaya,8,12
"question What are the symptoms that might occur if Vata or Pitta is aggravated in Alasaka and Visuchika according to Ayurveda?, answer In Alasaka and Visuchika,If Vata is aggravated, it causesShoola adominal painBhrama DelusionAnaha bloating, fullnessKampa tremorsStambha stiffness etc symptoms.If Pitta is aggravated, it causesJvara feverAtisara diarrhoea, dysenteryAntardaha internal burning sensation","In Alasaka and Visuchika,If Vata is aggravated, it causesShoola adominal painBhrama DelusionAnaha bloating, fullnessKampa tremorsStambha stiffness etc symptoms.If Pitta is aggravated, it causesJvara feverAtisara diarrhoea, dysenteryAntardaha internal burning sensation",Ashtanga Hridaya,8,21
"question What are the symptoms that might occur if Kapha is aggravated according to Ayurveda?, answer Trut excessive thirstPralaya panic, unconsciousnessChardi VomitingAngaguruta heaviness of the bodyVak Sangha Difficulty to speakShteewana excessive salivation, expectoration and spitting","Trut excessive thirstPralaya panic, unconsciousnessIf Kapha is aggravated, it causesChardi VomitingAngaguruta heaviness of the bodyVak Sangha Difficulty to speakShteewana excessive salivation, expectoration and spitting",Ashtanga Hridaya,8,24
I have been experiencing issues with my digestion. Could it be due to an increase in Vata and its association with Kapha causing obstruction of undigested food in my digestive tract?,"In them, Vata gets increased, gets associated with Kaphato obstruct the movement of undigested food in the digestive tract",Ashtanga Hridaya,8,27
Why have my doshas become highly vitiated and caused obstruction in my channels due to undigested food?,"Highly vitiated Doshas, move into vitiated and obstructed channels by accumulation ofundigested food",Ashtanga Hridaya,8,30
Why might my Doshas be moving through unnatural channels instead of the GI tract?,"Thus Doshas get obstructed in the GI tract, and begin to move in other unnaturalchannels",Ashtanga Hridaya,8,30
What is the meaning of Amavisha according to Ayurveda?,"Hence it is also called as Amavishaundigested food poison.Such a person should be refused for treatment because of its similarity with poison, quickness incausing death and requiring treatments of opposite nature to one another Doshas and qualities",Ashtanga Hridaya,8,36
What is the treatment for undigested food stagnating in my gastrointestinal tract?,"Ama undigested food stagnating inside the Gastro intestinal tract should be removed quicklyafter deciding the conditions of easy management.The person is made to drink warm water mixed with powder of Ugra Vacha Acorus calamus,Patu Saindhava Black Salt and Phala Madanaphala This will cause vomitingThis therapy is followed up with Swedana sudation therapyNext, PhalaVarti rectal suppositories prepared from fruits which help downward movement offeaces and flatus should be administered,The parts of the body which are rigid should be well fomented and then wrapped with cloth",Ashtanga Hridaya,8,39
"What treatments are suggested for diseases caused by undigested food Ama, according to Ayurveda?","Diseases produced by Ama undigested food, become relieved by Apatarpana nonnourishment three kinds of Apatarpana, appropriate to the three Doshas should be adopted aftercareful consideration of all aspects",Ashtanga Hridaya,8,51
What treatment options are suggested based on the level of Ama in my body?,"If Ama is little, only Langhana fasting will be suitable,if it is moderate Langhana fasting and Pachana digestive drugs are neededif it is severe, then Shodhana purification Panchakarma therapy is necessary for these willexpel out the Dosha and Ama from the very root",Ashtanga Hridaya,8,53
What treatments should I adopt according to Ayurveda that are not opposite of the cause or disease but still produce a desired result?,"Or Tadarthakari Chikitsa therapies which, though not actually opposite of either the cause or thediseases still produce the desired result should be adoptedWhen the Doshas have returned to normal, when the Ama is completely relieved, when digestionactivity is completely restored to normalcy, then oilbath, drinking of oil oleation therapies andenema therapy, etc",Ashtanga Hridaya,8,57
What are the symptoms of Ama Ajeerna as per Ayurveda?,"Vitiation of Kapha causes Ama Ajeerna It is characterized with swelling of the eyes socketand cheeks, belching similar to those which come up immediately after meals, excess salivation,nausea and heaviness of the body",Ashtanga Hridaya,8,62
Why do I have Vishthabdha ajirna?,"Vishthabdha ajirna this type of indigestion is caused due to vitiated Vata and is characterizedby pain in the abdomen, constipation, flatulence and debility.",Ashtanga Hridaya,8,64
What are the symptoms of Vidagdha ajirna?,"Vidagdha ajirna this type of indigestion is due to vitiated Pitta and has thirst, fainting,dizzziness, giddiness, sour belching and burning sensation as its symptoms",Ashtanga Hridaya,8,66
What treatment is suggested for Ama ajirna according to Ayurveda?,"For Ama ajirna, Langhana fasting should be doneFor Vishtabdha Ajirna, Swedana sudation therapy should be doneFor Vidagdha ajirna, Vamana emesis therapy should be done, or any therapy appropriate to thestage of the disease can be done",Ashtanga Hridaya,8,69
What are the general symptoms of Ajirna indigestion according to Ayurveda?,"Diarrhea or constipation, exhaustion, inactivity of Vata, distension of the abdomen, feeling ofheaviness and dizziness are the general symptoms of Ajirna indigestion",Ashtanga Hridaya,8,80
What are some causes for the production of Ama Dosha besides consuming large quantities of food?,"Consuming large quantity of food is not the only cause for production of Ama Dosha foodswhich are disliked, which cause flatulence, which are overcooked or uncooked, which are noteasily digestible, which are dry, very cold, dirty contaminated, which cause burning sensationwhich are dried up or soaked in more water, do not undergo proper digestion soalso the food consumed by persons afflicted with grief, anger, excess hunger etc",Ashtanga Hridaya,8,83
Can a single disease affect more than one Dosha?,Any disease will have involvement ofmore than one Dosha.,Ashtanga Hridaya,9,23
What effects does Sheeta Virya have on my body according to Ayurveda?,"Sheeta Virya causesHladana satiation, happiness,Jivana livings, activities of life, enliveningSthambha stoppage, withholding, restraining andRakta Pitta Prasada purification of blood and calming of Pitta",Ashtanga Hridaya,9,80
What symptoms might I experience due to Katu pungent?,"Katu pungent Katu pungent stimulates the tip of the tongue, causes irritation, brings out secretions from theeyes, nose and mouth and causes burning sensation of the cheeks",Ashtanga Hridaya,10,18
What effects does Amla sour have on my bodys functions and doshas?,"Amla sour stimulates the Agni digestive activity, is unctuous, good for the heart, digestive,appetizer, hot in potency, cold on touch coolant on external applications, relieves burningsensation, Sour taste satiates, causes moistening, it is easy for digestion, causes aggravation ofKapha, Pitta and Asra blood and makes the inactive Vata move downwards.",Ashtanga Hridaya,10,27
"I have been consuming a lot of sour food. Could it cause symptoms like looseness of the body, loss of strength, blindness, giddiness, itching, pallor, Visarpa Herpes, spreading skin disease, swellings, Visphota smallpox, thirst and fevers?","Sour taste if used in excess, causes looseness of the body, loss of strength, blindness, giddiness,itching irritation, pallor whitish yellow discoloration as in anaemia, Visarpa Herpes,spreading skin disease, swellings, Visphota small pox, thirst and fevers",Ashtanga Hridaya,10,29
What symptoms might occur if I consume something in excess?,"Used in excess, it causes vitiation of Asra blood and Vata, causes baldness, graying of hair,wrinkles of the skin, thirst, skin diseases, effect of poison, Visarpa Herpes, spreading skindisease and decrease of strength of the body",Ashtanga Hridaya,10,33
What conditions does the bitter taste Tikta help alleviate?,"Bitter taste Tikta by itself is not tasty, but it cures anorexia, worms, thirst, poison, skin diseases,loss of consciousness, fever, nausea, burning sensationsBitter mitigates Pitta and Kapha, dries up moisture, fat, musclefat marrow, faeces and urine",Ashtanga Hridaya,10,39
Could consuming too much of this substance lead to a deficiency in my body tissues and develop conditions related to Vata?,"Used in excess, it causes depletion of Dhatus tissues and diseases of Vata origin",Ashtanga Hridaya,10,41
What conditions does pungent help treat according to Ayurveda?,"Pungent cures diseases of throat, allergic rashes, leprosy and other skin diseases, Alasaka a kindof indigestion, swelling odema reduces the swelling of the ulcers, dries up the unctuousnessgreasiness, fat, and moisture water Pungent taste increases hunger, it is digestive, improvestaste, Shodhana cleansing, eliminates the Dosas, dries up moisture of the food, breaks up hardmasses, dilates expands the channels and balances Kapha.",Ashtanga Hridaya,10,44
What are the symptoms that may occur due to overuse?,"By over use, it causes thirst, depletion of Sukra reproductive element, sperm and strength,fainting loss of consciousness contractures, tremors and pain in the waist, back etc",Ashtanga Hridaya,10,45
What are the causes of Kashaya astringent according to Ayurveda?,"Kashaya astringent balances Pitta and Kapha, it is not easily digestible cleanses the blood,causes squeezing and healing of ulcers wounds, has cold potency, dries up the moisture and fat,hinders the digestion of undigested food.",Ashtanga Hridaya,10,48
What are the symptoms I might experience if I consume something in excess?,"Used in excess, it causes stasis of food without digestion, flatulence, pain in the heart region,thirst, emaciation, loss of virility, obstruction of the channels and constipation",Ashtanga Hridaya,10,53
What kind of foods or substances are likely to increase Pitta dosha according to Ayurveda?,"Generally substances of sour taste aggravate Pitta, except Dadima Pomegranate Punicagranatum and Amalaka Indian gooseberry.",Ashtanga Hridaya,6,13
What does the 11th chapter of Sutrasthana in Ashtanga Hrudayam explain about in Ayurveda?,11 chapter of Sutrasthana of Ashtanga Hrudayam explains in detail regarding Tridosha inAyurveda,Ashtanga Hridaya,11,2
What symptoms might I experience if my Vata is increased?,"Vata, when increased producesKarshya emaciation,Karshnya black discoloration,Ushnakamitwa desire for hot things,Kampa tremors,Anaha bloating, fullness, distention of the abdomen,Shakrut Graha constipation,Bala bhramsha loss of strength,Nidra bhramsha loss of sleepIndriya bhramsha loss of sensory functions,Pralapa irrelevant speech,Bhrama Delusion, Dizziness giddinessDeenata timidity peevishness",Ashtanga Hridaya,11,30
"Why might my feces, urine, eyes, and skin turn yellow? Is there a possible reason for excessive hunger and thirst, burning sensations, and sleeping less frequently?","Pitta when increased produces yellow discoloration of the faeces, urine, eyes, and skinexcess of hunger and thirst,feeling of burning sensation andvery little sleep.6 .",Ashtanga Hridaya,11,33
What symptoms might occur if Kapha is increased according to Ayurveda?,"Kapha, when increased producesAgnisadana weak digestive activity,Praseka excess salivation,Alasya lassitude, lazinessGaurava feeling of heaviness,Shvaithya white discoloration,Shaithya coldness,Shlatangatva looseness of the body parts,Shwasa dyspnoea, asthma, COPDKasa cough, coldAtinidrata excess of sleep",Ashtanga Hridaya,11,38
What health conditions might arise if my blood Rakta level increases?,"Rakta blood when increased producesVisarpa Herpes, spreading skin disease,Pleeha diseases of the spleen,Vidradhi abscesses,Kushta skin diseasesVatasra goutPittasra bleeding disease,Gulma abdominal tumors,",Ashtanga Hridaya,11,42
"I have been experiencing symptoms such as fatigue, difficulty breathing even after minor exertion, drooping of my buttocks, breasts, and abdomen. Could these be related to an issue with my fat tissue Medas according to Ayurveda?","Medas fat tissue, when produces similar symptoms and in addition, it causes fatigue, difficultyin breathing even after little work,drooping of the buttocks, breasts and abdomen",Ashtanga Hridaya,11,47
What symptoms might indicate an increase in marrow majja according to Ayurveda?,"Majja marrow, when increased produces heaviness of the eyes and the body, increase of sizeof the body joints and causes ulcers which are difficult to cure",Ashtanga Hridaya,11,49
What are some symptoms that might indicate an increase in Dushika eye discharge or other waste products?,"The increase of Dushika excretion of the eyes and other waste products are to be understood bynothing their increased quantity, heaviness of their sites and such other symptoms",Ashtanga Hridaya,11,55
"I have been experiencing debility of my body, speaking very little, loss of sensation and consciousness, and various symptoms associated with an increase in Kapha. Could you please explain this condition?","Angasada debility of the body,Alpa bhashite hitam the person speaks very littleSanjna moha loss of sensation awareness and of consciousness andoccurrence of all the symptoms of increased Kapha",Ashtanga Hridaya,11,61
"I have been experiencing delusion, dizziness, emptiness in my organs, palpitations, and looseness in my joints. Could you please help me understand if these symptoms are related to any specific condition?","Bhrama Delusion, Dizziness,Shunyatva emptiness of the organs of Kapha,hrudrava tremors of the heart palpitation andShlatha sandhita looseness of the joints",Ashtanga Hridaya,11,67
What are the symptoms that might occur due to a decrease in Mamsa?,"Decrease of Mamsa causes debility of the sense organs, emaciation of cheeks, buttocks and painin the joints",Ashtanga Hridaya,11,74
"Why am I experiencing a loss of sensation in my waist, an enlarged spleen, and weight loss?","Decrease of Medas causes loss of sensation in the waist, enlargement of spleen and emaciationof the body",Ashtanga Hridaya,11,75
"Why might I be experiencing pain in my joints, losing teeth, hair, and nails?","Decrease of Asthi causes pain in the joints, falling off of the teeth, hairs, nails etc",Ashtanga Hridaya,11,76
What symptoms might occur if I have a decrease in Majja?,Decrease of Majja causes hollowness of the bones inside giddiness and seeing of darkness 19.,Ashtanga Hridaya,11,77
"Ive been experiencing a decrease in bowel movements that leads to gurgling noises in my intestines, bloating, discomfort, and pain around my heart and flanks. Could this be related to vata imbalance?","Decrease of faeces gives rise to gurgling noise in the intestines and bloating, vata moves inupward direction in the intestine causing discomfort and pain in the region of the heart andflanks",Ashtanga Hridaya,11,81
How can I observe a decrease in Dosha Dhatu and other elements?,The decrease of Dosha Dhatu etc can be observed by the increase of opposite qualities.The increase of Dosha Dhatu etc can be observed by the increase of similar qualities.The increase of Malas is observed by their nonelimination too much of waste productaccumulation leading to obstruction and their decrease by too much of elimination in littlequantities,Ashtanga Hridaya,11,87
Where does Vata reside according to Ayurveda?,"Vata resides in Asthi bonesPitta resides in Sweda sweat and Rakta bloodKapha resides in rest of the Dhatu and Mala.In case of Pitta and Kapha, when there is an increase of Pitta or Kapha, there is also respectiveincrease of tissues and waste products associated with them.For example, if Pitta increases, then sweat and blood vitiation also increases",Ashtanga Hridaya,11,92
"Why does the imbalance of doshas, dhatu, and mala often occur?","The increase of Doshas, Dhatus and Mala is usually due to excess nutrition Tarpana, which isfollowed later on with increase of Kapha.",Ashtanga Hridaya,11,95
"Why does the decrease in Doshas, Dhatus, and Malas lead to an increase of Vayu Vata later?","Whereas the decrease of Doshas, Dhatus and Malas is due to loss of nutrition which is followed,later with increase of Vayu Vata.",Ashtanga Hridaya,11,96
What treatment is typically used for diseases caused by an excess of Dosha or Dhatu?,"Hence, the diseases arising from increase of Dosha and Dhatu should be usually treated quick byadopting Langhana therapy causing thinning of the body, reducing the quantity",Ashtanga Hridaya,11,99
What kind of treatment is recommended for diseases caused by a decrease in Dosha and Dhatu?,"The diseases arising from the decrease of Dosha and Dhatu should be treated with Brimhanatherapy causing stoutening the body, increasing the quantity etc.",Ashtanga Hridaya,11,100
What treatment should I adopt when Vata increases or decreases in my body?,"If Vata is increased, then Brihmana therapy nourishingtherapy should be adopted and if Vata decreases then Langhana therapy should be adopted",Ashtanga Hridaya,11,101
"What are the routes where waste products are eliminated according to Ayurveda, and from which vitiated channels may develop connected diseases?","Both Doshas and Dhatus together vitiate the Malas waste products which in turn, vitiate theMalayanas channels of their elimination.Malayna routes of elimination of waste products are two below anus and urethra,seven in the head, andthe channels of sweat from these vitiated channels develop their connected diseases",Ashtanga Hridaya,11,118
What are the symptoms I might experience if my Ojas level decreases according to Ayurveda?,"Symptoms of Ojas decrease The person becomes fretful, debilitated, repeatedly worries without any reason, feels discomfortin sense organs, develops bad complexion, negative thoughts and dryness",Ashtanga Hridaya,11,128
"What are some additional causes for the decrease of Ojas, according to Ayurvedic texts?","Notes Many more causes of decrease of Ojas have been mentioned in other texts of Ayurdeva,they areAtivvayama too much exerciseAnashana fasting for long periods of timeAlpasana eating less quantities of foodRooksapana intake of alcoholic beverages which cause dryness,Pramitasana intake of mixture of good and bad foods,Bhaya fear,Prajagara walking up at night,Abhighata injury,Abhishanga assault by evil spirits micro organisms like bacteria, virus etc., Dhatukshayadepletion of tissues such as by haemorrhage etc.,Ativisarga too much of elimination of Kapha, Sonita blood, Sukra semen and Mala wasteproductsVisha ingestion of poison",Ashtanga Hridaya,15,2
"What foods should I avoid to control an increase in Doshas, and what foods should I eat for their decrease according to Ayurveda?",The increase of Doshas should be controlled by avoidance of foods which are disliked.The decrease of Doshas should be managed by foods indulgence of food that are desired,Ashtanga Hridaya,15,9
What kind of food desires might I experience when my Doshas have increased or decreased?,The Doshas which have undergone increase and decrease generally produce desire for foodswhich are dissimilar and similar in properties to those of the Doshas respectively but theunintelligent person do not recognize them,Ashtanga Hridaya,15,11
What causes the bodys destruction according to Ayurveda?,"The very same Doshas, which when normal, are the causes for growth of the body, become thecauses for its destruction when abnormal.",Ashtanga Hridaya,15,15
"Can you explain where Tridosha is located in the body according to the 12th chapter of Ashtanga Hrudaya Sutrasthana, and provide details on their classification, functions, and factors affecting their increase or decrease?","12th chapter of Ashtanga Hrudaya Sutrasthana describes about location of Tridosha in the body,classification and functions of each type of Tridosha, causes for its increase or decrease etc",Ashtanga Hridaya,12,2
Where does the Kapha dosha reside according to Ayurveda?,"Shira head,Kloma Pancreas?,Parvani bone joints,Amashaya, Stomach and small intestine,Rasa plasma,Meda fatGhrana nose andJihva tongue are the seats of Kapha,Special seat Ura chest",Ashtanga Hridaya,12,15
What is Samana Vata and what does it do in the body?,"Samana Vata is located near the digestive fire.It moves in the Kostha alimentary tract,It receives the food into stomach, aids in digestion, helps in dividing the food into useful part andwaste part, and moves these parts in their normal paths",Ashtanga Hridaya,12,32
"question What is Pachaka pitta according to Ayurveda?, answer between Amashaya and pakvashayaIt is composed of all the five basic elements Panchamaha Bhuta, it is predominant with fire element and devoid of water element.It is called by the term Anala fire because of its function of Paka digestion and transformation of food materials.It cooks the food, divides it into essence and waste,It bestows grace and influence on other types of Pitta.Hence, among all the types of Pitta, Pachaka pitta is the dominant one.","between Amashaya and pakvashayaIt is composed of all the five basic elements Panchamaha Bhuta, it is predominant with fireelement and devoid of water element.It is called by the term Anala fire because of its function of Paka digestion and transformationof food materials.It cooks the food, divides it into essence and waste,It bestows grace and influence on other types of Pitta.Hence, among all the types of Pitta, Pachaka pitta is the dominant one.",Ashtanga Hridaya,12,43
Where can Shleshaka Kapha be found according to Ayurvedic texts?,Shleshaka Kapha It is located in the bone joints,Ashtanga Hridaya,12,63
"What qualities can cause Chaya, Kopa, and Shama of Vata?","Qualities that cause Chaya, Kopa and Shama of Vata",Ashtanga Hridaya,12,67
"What causes Chaya, Kopa, and Shama imbalances of Pitta?","Qualities that cause Chaya, Kopa and Shama of Pitta ,",Ashtanga Hridaya,12,69
"What treatments or effects are associated with Teekshna piercing, strong, dryness, lightness, and other qualities related to cold according to Ayurveda?","Teekshna piercing, strong and other qualities dryness, lightness, etc associated with cold causeChaya mild increase of Pitta,The above qualities associated with hot, cause Kopa profound increase of Pitta.Manda viscous, mild and other qualities like stickiness, stability etc, associated with cold bringabout Pitta Shama reduction back to normal",Ashtanga Hridaya,12,72
"question What factors can cause an increase in Pitta Dosha according to Ayurveda?, answer Pitta DoshaSheeta cold Teekshna piercing, strong etc qualities cause Pitta ChayaUshna hot Teekshna piercing, strong etc qualities cause Pitta KopaSheeta cold Manda mild, dull cause Pitta Shama.","Pitta DoshaSheeta cold Teekshna piercing, strong etc qualities cause Pitta ChayaUshna hot Teekshna piercing, strong etc qualities cause Pitta KopaSheeta cold Manda mild, dull cause Pitta Shama.",Ashtanga Hridaya,12,78
Is Kopa a condition that implies an increase in doshas and their spread to other body channels?,Kopa suggests further increase of Dosha and overflow of increased Dosha into other bodychannels,Ashtanga Hridaya,12,87
What could be causing my increased Dosha symptoms and potential onset of a disease?,"It causes appearance of symptoms of increased Dosha, leading to onset of diseaseprocess",Ashtanga Hridaya,12,87
How can I bring down the elevated level of my Doshas back to normal?,Restoration decrease of increased Dosha to its normal levels.,Ashtanga Hridaya,12,89
What are the seasons when each Dosha fluctuates according to the text?,"Fluctuation of Dosha in different seasons ,",Ashtanga Hridaya,12,90
What activities and food habits might affect the levels of Doha?,"So, activities and food habits can cause increase or decrease of Doha",Ashtanga Hridaya,12,99
What causes diseases according to Ayurveda when Dohas increase?,"Similarly, the increased Dohas spread throughout body from foot to head to producediseases but the decrease of Doha and restoration of normalcy takes a very long time",Ashtanga Hridaya,12,102
"How do mental qualities like Satva, Raja, and Tama relate to the development of a disease according to Ayurveda?","Even the mental qualities such as Satva, Raja and Tama are influenced by Tridoha.Doha get vitiated, then cause vitiation of body tissues Dhtu and waste products Mala tocause disease",Ashtanga Hridaya,12,105
What are the categories of causes for an increase in Doha?,"The causes of Doha increase can be categorized as Less involvement heena yoga, Wrong involvement Mithya yoga Over involvement Atiyoga",Ashtanga Hridaya,12,108
"What are the causes for an increase in Doshas that can lead to various types of diseases affecting the mind, tissues, viscera, bones, and joints?","These are the causes for increase of Doshas, thus increased they produce many kinds of diseases,involving the mind, tissues, viscera, bones and joints",Ashtanga Hridaya,12,130
"What kind of diseases are related to Raktha blood and other tissues like muscles, bones, fat, bone marrow, and sexrelated secretions as well as the skin that involve the Bahya Rogamarga external pathway?","Raktha blood and others tissues Blood, muscles, bone, fat, bone marrow and sex relatedsecretions and skin continue the Bahya Rogamarga external pathway of disease.It is related with diseases such as moles, discolored patches on face, Gaalaji goiter, glandularulcer on the face, malignant tumors, hemorrhoids, abdominal tumor, swelling and other externaldiseases",Ashtanga Hridaya,12,138
What diseases affect Anta Koha according to Ayurveda?,"This constitutes the Anta Koha.Diseases which affect this path are vomiting, diarrhea, cough, dyspnoea, enlargement of theabdomen, fever, dropsy, hemorrhoids, abdominal tumors, Visarpa herpes, abscess etc",Ashtanga Hridaya,12,141
What are some unusual signs and symptoms that may indicate an increase in VayuVata?,"Sramsa Ptosis drooping downVyasa dilationVyadha cutting painSwapa loss of sensationSada weakness, loss of functionRuk painToda continuous painBhedanam splitting painSanga Constriction,Angabhanga bodyache,Sankocha shrinking of the organ, reduction in sizeVarta twisting,Harshana tingling sensationTarshana thirstKampa tremorsParushya roughnessSaushirya feeling of emptyShosha drynessSpandana pulsatingVeshtana rigidity, as if tiedSthambha stiffnessKashaya rasata astringent taste in mouthAruna, Shyava Varna appearance of blue or crimson discoloration these are the abnormal signs and symptoms of increased Vayu Vata",Ashtanga Hridaya,12,150
What are some diseases in Ayurveda that may be caused by my past or present actions?,"Karmaja Vyadhi Includes Diseases that originate due to bad deeds of the past lives, or ofpresent life or of both past and present lives",Ashtanga Hridaya,12,169
"What are the specific causes that can lead to an increase in Doshas, causing diseases?","Diseases which arise from the specific causes, which lead to Dosha increase and then to diseasemanifestation.",Ashtanga Hridaya,12,172
What can help cure Doshaja diseases?,"The Doshaja diseases get cured from indulgence in food, activities and medicine that haveopposite qualities to the cause.",Ashtanga Hridaya,12,176
How can I cure DoshaKarmaja diseases according to Ayurveda?,DoshaKarmaja diseases get cured after the mitigation of Dosha and nullifying of effects of pastdeeds,Ashtanga Hridaya,12,178
What is Svatantra Roga and what are its unique characteristics?,"Svatantra Roga independent primary have their own specific causes, comforting methodsand clearly manifest features.",Ashtanga Hridaya,12,183
What kind of diseases are Paratantra Roga?,"Paratantra Roga secondary diseases, associated diseases",Ashtanga Hridaya,12,186
Why can secondary diseases persist even when the primary disease is being treated?,"The secondary disease Paratantra Roga usually subsides when the primary diseases istreated.If they do not get subsided then, treatment has to be given for the secondary diseases as well.If powerful, secondary affections should be treated soon because these complication cause moretroublers to the body which is already debilitated by the primary disease",Ashtanga Hridaya,12,190
"What parts of my body might be affected by a disease, considering the nature of causative factors, and where should I seek treatment for it according to Ayurveda?","The very same Doshas, depending upon the nature of the causative factors, travels to many partsof the body and produces many disease, hence treatment of the disease, its abode site should bejudged very quickly with the help of knowledge of the disease",Ashtanga Hridaya,12,194
What factors should a physician consider to decide on an aggravated Dosha and its appropriate treatment?,"The physician should minutely examine and determine,Dushya the Dhatus and Malas involved in a diseasesDesha the area of the body where disease is manifested, the living place of the patientBala strength of the patientKala season, how old is the disease, age of the person etc.Anala digestive power of the patientPrakriti Body constitution,Vayas age of the patient and disease,Satva mind, tolerance capacity of the patientSatmya The food and activities to which the patient is accustomed to.Ahara food habits andAvastha stages of the diseasesThe physician should watch for above factors to decide and then only, the physician shoulddecide on the aggravated Dosha and its appropriate treatment",Ashtanga Hridaya,12,199
What factors can lead to various combinations of dosha levels?,"With the association of Rasa, Rakta etc and the level of increase or decrease of Doshas, there canbe innumerable permutations and combinations",Ashtanga Hridaya,12,222
What treatments are recommended for Dosha imbalance when it combines with Ama to cause symptoms?,"In this chapter we are learning the treatment options for Dosha imbalance, how Tridosha reachwith Ama and produce symptoms, what is the line of treatment for this condition",Ashtanga Hridaya,13,2
What is the treatment for an increase in Vata imbalance Vriddha Vata chikitsa as per Ayurvedic texts?,Treatment for Vata imbalance increase Vriddha Vata chikitsa,Ashtanga Hridaya,13,3
What are the treatment options for increased Vata Dosha according to Ayurveda?,"Treatment options for increased Vata Dosha areSneha oleationoral administration of oil ghee fat and external oil massageSveda Sudation diaphoresis, sweating therapyMrudu Samshodhana Mild purification procedure, Mild Panchakarma Vamana andVirechana",Ashtanga Hridaya,13,4
What treatments are suggested to manage an increase in Vata due to excessive Panchakarma?,"Excess of Panchakarma might lead to Vata increase.Svadu Amla Lavana Ushna Bhojya foods which are of sweet, sour and salt tasteAbhyanga Oil massageMardana simple massageVeshtana wrapping covering the body organ with clothTrasana Threatening, frighteningSeka pouring of herbal decoctions oils on the affected partPaishtika Goudika Madya wine prepared from corn flour and jaggery molassesSnigdha Ushna Basti enema therapy with fatoil, enema with drugs of hot potencySukhasheelata comforting the patientDeepana Pachana Siddha Sneha medicated fats of different kinds sources prepared with drugscausing increase of hunger and improving digestionMedya Pishita Taila Anuvasana oleation enema prepared from juice of fatty meat and oil 13",Ashtanga Hridaya,13,4
What are the treatments suggested for an increase in Pitta imbalance as per Vriddha Pitta Chikitsa?,Treatment for Pitta imbalance increase Vriddha Pitta Chikitsa,Ashtanga Hridaya,13,5
What are the treatment options for a condition caused by an increase in Pitta Dosha?,Treatment options for increased Pitta Dosha are Sarpi paana drinking of Ghrita clarified Butter,Ashtanga Hridaya,13,9
What is the treatment for an increase in Kapha imbalance as per Ayurvedic texts?,Treatment for Kapha imbalance increase Vriddha Kapha Chikitsa,Ashtanga Hridaya,13,10
What are the treatment options for increased Kapha Dosha according to Ayurveda?,"Treatment options for increased Kapha Dosha areVidhiyukta Teekshna Vamana Virechana Strong emesis and purgation in accordance with prescribed procedure,Consuming food which are dry,Consuming food in limited quantityConsuming food that have Teekshna strong, piercive, Ushna hot, pungent, bitter and astringent taste,Old wineSexual activity",Ashtanga Hridaya,13,12
"What is the recommended treatment for a condition characterized by an imbalance of Kapha and Vata, according to Ayurveda?","For Kapha and Vata combination treatment, it is similar to the regimen of Vasanta springbecause Maruta Vata is Yogavahi Yogavahi means, Vata, when associated with Pitta, boostsPitta Dosha, when it is associated with Kapha, it boosts Kapha Dosha.For the combination of Kapha and Pitta the treatment shall be similar to the regimen of SaradAutum .14",Ashtanga Hridaya,3,1
"question What should be done when my Doshas are in a mild increase stage called Chaya?, answer The Doshas should be treated properly when there are in Chaya stage mild increase only., question What should I do when all my Doshas are enhanced and imbalanced, known as Kopa?, answer In their stage of Kopa Dosha enhanced imbalance, they should be vanquished without opposing interfering with one another Dosha., question What should I do when all three of my Doshas are simultaneously in an enhanced increase stage called Kopa?, answer When there is simultaneous enhanced increase Kopa of all the three Doshas, the most powerful most aggravated Dosha should controlled first, without opposing the remaining Doshas.","The Doshas should be treated properly when there are in Chaya stage mild increase only.In their stage of Kopa Dosha enhanced imbalance, they should be vanquished without opposing interfering with one another Dosha.When there is simultaneous enhanced increase Kopa of all the three Doshas, the most powerful most aggravated Dosha should controlled first, without opposing the remaining Doshas",Ashtanga Hridaya,3,2
"I have been doing a lot of physical activity and eating spicy foods. Could this cause my dosha to move from the gastrointestinal tract to tissues, bones, and vital organs and vulnerable points?","Movement from Koshta to Shakha By the effect of exercise, increase of heat,unsuitableunhealthy activities and due to quick movement of Vata, the increased Doshas moveout of the Kostha gastrointestinal tract to the Shakhas tissues, Asthi bones and Marmas vitalorgans and vulnerable points.",Ashtanga Hridaya,3,8
"Which Dosha should I prioritize for treatment if it has traveled into the seats of other Doshas and is weak, and also if it has enough strength to overcome other Doshas?","Treatment should be done especially on priority to that Dosha which has travelled into the seatsof other Doshas and which is weak,Priority should also be given to that Dosha which, by its own strength overcomes other Doshas.",Ashtanga Hridaya,3,13
What factors determine which Dosha should be treated first?,"The choice of Dosha, to be treated first depends on the level of aggravation andstrength of Doshas",Ashtanga Hridaya,3,16
"What kind of doshas are known to trouble a patient over a prolonged period, and why should their treatment be approached with caution?","Usually, the Triyaggata Doshas which are not localized in the gastrointestinal tract but localizedin the tissues, cause troubles to the patient for a long time they should not be treated in haste.They should be carefully treated only afterdetermining the strength of the body and digestiveactivity.",Ashtanga Hridaya,3,21
What treatments are suggested for mitigating this condition?,"They should be mitigated with stipulated palliative treatment or they should be brought into thealimentary tract and then they should be expelled out by the nearby route either by mouth byemeisis Vamana or by anal route, by purgation Virechana",Ashtanga Hridaya,3,22
"What are the effects of Doshas when they are associated with Ama, according to Sama Dosha Lakshana?",Effects of Doshas associated with Ama Sama Dosha Lakshana,Ashtanga Hridaya,3,23
"What is the term for when my Doshas become unbalanced due to Ama, a factor related to indigestion or false metabolism?","When imbalanced Doshas get associated with Ama a factor of indigestion false metabolism, itis called as Saama Dosha",Ashtanga Hridaya,3,25
What are the symptoms associated with Sama Dosha according to Ayurveda?,"The features that are seen due toSama Dosha are Srotorodha Obstruction of the channels, poresBalabhramsha loss of strength,Gaurava feeling of heaviness of the body,Anila Mooddata inactivity of Anilavata,Alasya laziness, lassitude,Apakti loss of digestive power,Nishteeva Person spits saliva frequently, more of expectoration,Malasanga constipation or low frequency of urination leading to accumulation of wastesAruchi anorexia,Klama exhaustionThe opposites of the above symptoms are of the Nirama Doshas Doshas not mixed up with theAma",Ashtanga Hridaya,3,25
What are the diseases that originate from Saama dosha?,The diseases originating from this Saama dosha are called as Saama Vyadhi,Ashtanga Hridaya,3,36
What causes diseases according to Ayurveda when Saama Doshas are stopped during vomiting or purging?,"Saama Doshas which are greatly increased and going out of the body on their own accord, eitherin the upward or downward routes vomiting and purging respectively should not be stopped bymedicines, for they produce diseases, if they are stopped",Ashtanga Hridaya,3,48
"What are the suggested treatments for Doshas that have moved out according to Ayurveda, during both early and second stages?",Such Doshas which are going out should be ignored in the early stage and the patient should begiven suitable foods light foodNext in the second stage they should be cooked with digestive drugs or removed out bypurification Panchakarma therapies,Ashtanga Hridaya,3,50
"How should I remove Vata, Pitta, or Kapha that have undergone a mild increase during summer, rainy season, and winter respectively, as per Ayurvedic treatment?","Vata which undergoes mild increase Chaya in Greeshma summer should be removed from thebody by basti enema in Shravana masa AugustPitta which undergoes mild increase in Varsha rainy season, should be expelled out of the bodyin kartika Month by Virechana purgationKapha which undergoes mild increase in Shishira winter should be expelled out in Chaitramonth April by Vamana",Ashtanga Hridaya,3,53
When should I take my medicine if I have a disease caused by an increase in Kapha that is severe and I am strong?,"Ananna on empty stomach For diseases arising from increase of Kapha, which are severeand for persons who are strong, the time of administration of medicine shall be when there is nofood in the stomach 2",Ashtanga Hridaya,3,65
What disorder is associated with the condition Kavalantare where symptoms occur in between meals?,Kavalantare in between morsels in disorders of Prana vata6,Ashtanga Hridaya,3,65
What are the five types of Shodhana treatment that forcefully expel imbalanced Doshas from the body?,"Shodhana treatment expels imbalanced Doshas out of the body forcibly.It is of five kinds, vizNiruha decoction enema,Vamana emesis, vomiting therapyKaya reka Virechana purgation for the bodyShio reka Shiro Virechana nasya purgation for the head, nasal instillation of medicines.Asravisruti Raktamokshana blood letting .5",Ashtanga Hridaya,14,18
What is the definition of Shamana palliative treatment in Ayurveda?,"Shamana palliative treatment is that which does not expel the increased Doshas out of thebody, it does not increase the normal Dosha, but makes the abnormal Doshas normal.In short, Shamana treatment brings imbalanced Dosha to normalcy.",Ashtanga Hridaya,14,20
"What are the treatment methods involving nourishing and thinning, purification, and palliative approach in Ayurveda?","Treatment SantarpanaBrihmana ApataanaLanghana Nourishing Thinning Sodhana Expel out Dosha Shamana Purification, Panchakarma Palliative, Dosha Balance 1",Ashtanga Hridaya,14,26
What conditions require Brimhanastoutening therapy?,"Brimhana stoutening therapy should be given to persons who areVyadhi karshita emaciated by diseases,Bhaishajya Karshita emaciated by medicines therapies,Madya Karshita emaciated by alcoholStri Karshita Emaciated by excess sexual activityShoka karshita Emaciated by grief,Bhara who carries heavy loads frequentlyAdhva who has walked travelled a long distanceUrakshata person with chest injuryKSharakseeena who is debilitated due to injuryRuksha who has excess drynessDurbala debilitated",Ashtanga Hridaya,14,29
"Who might benefit from Langana thinning, slimming therapy?","Langana thinning, slimming therapy should be donetoMeha diabeticsAmadosha persons suffering from AmaAtisnigdha who has undergone excess oleation treatmentJvara feverUrustambha stiffness of the thighs,Kushta skin diseasesVisarpa herpes,Vidhradi abscess,Pleeha diseases of spleen,Shira, Kanta Akshi roga head, throat, and eyesSthula Those are obeseEven to others during Shishira winter, Langhana treatment should be done",Ashtanga Hridaya,14,35
"What symptoms are associated with being obese, strong, and having an imbalance of Pitta and Kapha, suffering from Amadosha?","Those who are very obese, strong and having predominance of Pitta and Kapha, thosesuffering from Amadosha, fever, vomiting, Diarrhoea, hearts diseases, constipation, feeling ofheaviness, excess of belching, nausea, etc.",Ashtanga Hridaya,14,38
"What characteristics might a patient have who is suffering from an increase in Doshas, has medium strength, and can manage hunger and thirst to withstand strain?","Those who are troubled by increased Doshas, who are of medium strength, with medium strengthdisease, who are capable of withstanding strain by the control of hunger and thirst those again ofpoor strength of the body and of disease by exposing them to breeze, sunlight and exercise",Ashtanga Hridaya,14,42
What conditions might result from an excess of Brimhana therapy?,"Excess of Brimhana therapy producesAtisthaulya profound obesityApachi scrofula,Meha Diabetes, UTIJvara feverUdara enlargement of abdomen,Bhagandara fistulainano,Kasa cough,Sanyasa loss of consciousness,Mutrakruchra Dysuria,Ama disorders of poor digestive activities,Kushta skin diseases which are very dreadful",Ashtanga Hridaya,14,58
"What treatments are desirable according to Ayurveda for reducing Medas fat, Anila Vata and Kapha?","Treatments which reduce Medas fat, Anila Vta and Kapha are desirableUse of Kulattha horse gram Dolichos Biflorus,Jurna, Shyamaka,Yava Barley Hordeum Vulgare,Mudga green gram Averrhoa Carambola, and Honey waterIndulgence in worry, stressful activitiesPurification therapies, avoidance of sleep,either Triphala, Guduchi, Abhaya Chebulic Myrobalan fruit rind Terminalia chebula andMusta Cyperus rotundus, should be licked with honey dailyEither Rasanjana Aqueous extract of Berberis aristata, Brihat Pacamula Agnimantha,Shyonaka, Gambhari, Patala, Bilva, Guggulu along with the fresh juice of Agnimntha issuitable",Ashtanga Hridaya,14,63
What are the symptoms that might arise from an excess of Langhana 2930?,"Profound emaciation,Bhrama Delusion, Dizziness,Kasa cough,Trushna severe thirst,Aruchi anorexia,loss decrease of moistness, and digestive power, of sleep, vision, hearing, semen, Ojas, hungerand voicePain in the urinary bladder, heart, head, calves, thighs, upper shoulders and flanksfever, delirium excess of talk, belching, exhaustion, vomiting, cutting pain in the joints andbonesnonelimination of faeces, urine etc., arise from excess of Langhana 2930",Ashtanga Hridaya,14,72
What diseases or conditions can the Vidaryadi group of drugs be useful in treating?,"this Vidaryadi groups of Drugs areHrudya good to the heart Bruhmana stoutening,Vatapittaha Mitigate Vata and Pitta,Useful in the treatment ofShosha emaciationGulma abdominal tumorAngamarda bodyache,Urdhwashwasa wheezingKasa cough 910",Ashtanga Hridaya,15,35
"question I have been experiencing skin diseases, fevers, vomiting, anorexia, Jaundice, and possibly poisoning. What can be done to balance Kapha and Pitta to help cure these conditions?, answer balance Kapha and Pitta and cure skin diseases, fevers, poison, vomiting, anorexia and Jaundice.15","balance Kapha and Pitta and cure skin diseases, fevers, poison, vomiting, anorexia and Jaundice.15",Ashtanga Hridaya,15,65
"question Can the Varunadi group help with rigidity in the thighs, headaches, tumors, and abscesses within the abdomen?, answer this Varunadi groupbsubjugates kapha, fat and dyspepsia, cures Adhyavata rigidity of thethighs, headaches, tumors and abscess inside the abdomen","this Varunadi groupbsubjugates kapha, fat and dyspepsia, cures Adhyavata rigidity of thethighs, headaches, tumors and abscess inside the abdomen",Ashtanga Hridaya,15,74
"question Can this treatment help with issues like Dysuria painful urination, urinary calculus kidney stones, abdominal tumors, obesity, and managing excess Kapha one of the body humors in Ayurveda?, answer cure Dysuria, Urinary caluus, abdominal Tumors, obesity and subjugates Kapha.23","cure Dysuria, Urinary caluus, abdominal Tumors, obesity and subjugates Kapha.23",Ashtanga Hridaya,15,76
"Can the Virataradi group help with urinary stones, gravel, dysuria, suppression of urine, and pain?","this Virataradi group cures diseases produced by Vata, urinary stones and Gravel, Dysuria,Suppression of Urine and pain 2425",Ashtanga Hridaya,15,78
"What Ayurvedic group is known for curing diseases related to fat and Kapha, disorders of the vagina, causing obstructions in dosha and mala movements, improving color, and destroying poison?","this group known as Rodhradika, cures diseases of fat and Kapha, disordered of Vagina, producesobstruction to movements of dosas and Malas, good for color and destroys poision",Ashtanga Hridaya,15,85
What conditions can Arkadi Gana help with regarding skin problems?,"this Arkadi Gana, Mitigates Kapha, fat, poision, worms, other skin diseases and especiallycleanses the Ulcers",Ashtanga Hridaya,15,90
What conditions does surasadi Gana help treat or alleviate according to Ayurveda?,"this surasadi Gana mitigates Kapha, fat, worms, common cold, Anorexia, Dyspoea, cough andcleanses the wounds",Ashtanga Hridaya,15,95
"question Can Muskakadi Gana help treat abdominal tumors, diabetes, real calculus, anemia, obesity, hemorrhoids, and disorders related to Kapha and semen?, answer Muskakadi Gana Muskaka, Srug, Vara, Dvipi, Dhava and Simsipa this group cure abdominal tumor, Diabetes, Real caluculus, Anaemia, obesity, Haemorrhods,Disorders of Kapha and semen","Muskakadi Gana Muskaka, Srug, Vara, Dvipi, Dhava and Simsipa this group cure abdominal tumor, Diabetes, Real caluculus, Anaemia, obesity, Haemorrhods,Disorders of Kapha and semen",Ashtanga Hridaya,15,98
What diseases does the Vatsakadi Gana treatment help with?,"Vatsakadi Gana Vatsaka, Murva, Dharngi, Katuka, Marica, Ghunapriya, Gandira, Ela, Patha, Ajaji, Katvangaphala, Ajamoda, Siddhartha, Vaca, Jiraka, Hingu, Vidanga, Pasugandja and Pancakola drugs of this group cures disorders of vata, Kapha and medas, Rhinitis, Abdominal Tumor, Fever,Colic, and Haemorhoids",Ashtanga Hridaya,15,99
"Can Priyangu and Ambasthadi groups help with chronic diarrhea, heal fractures, manage pitta imbalance, and treat ulcers?","these Priyangu and Ambasthadi groups cure chronic Diarrhoea, heal fractures, good for pitta andare even healers of ulcers",Ashtanga Hridaya,15,106
What conditions can the nyarodhadi group be used to treat according to Ayurveda?,"this nyarodhadi group is good for wounds ulcers, cause constipation, unites fractures, cures fataccumulation, bleeding disease, thirst, burning sensation, and diseases of Vagina",Ashtanga Hridaya,15,114
"Can Eldigana help treat disorders related to vta, Kapha, or poison? Does it improve my complexion, cure itching, Pustules, and skin rashes?","this Eldigana cures disorders of vta, Kapha and poison, improves color complexion, curesitching, Pustules and skin Rashes.4344",Ashtanga Hridaya,15,120
"I have been diagnosed with abdominal tumor, poison, anorexia, heart ache, diseases related to kapha, and dysuria. What Ayurvedic treatment could help me?","this Syamdi group cures abdominal Tumor, poison, Anorexia, diseases of kapha, heart achediseases and Dysuria",Ashtanga Hridaya,15,124
What is the treatment procedure administered just before the emesis Vamana Panchakarma therapy?,"Here we are explaining in detail about the procedure of Snehana, treatment by drinking fat, that isadministered just before performing emesis Vamana Panchakarma therapy",Ashtanga Hridaya,16,1
"question Who are the people that Snehana therapy is prescribed for?, answer People who require Snehana therapy are Svedya, Samshodhya Those who are to be administered sudation and purification therapies,Madya Stree, Vyayama asakta who indulge more in wine, women and exerciseChintaka who think too much,Vruddha the aged,Bala the children,Abala the debilitated,Krusha the emaciated, fatigueRuksha who are dry,Ksheena asra retas Depleted blood and semen,Vatarta who are suffering from diseases of Vata,Timira ophthalmia, blindness,who suffer from chronic disorder 5 6a.","People who require Snehana therapy are Svedya, Samshodhya Those who are to be administered sudation and purification therapies,Madya Stree, Vyayama asakta who indulge more in wine, women and exerciseChintaka who think too much,Vruddha the aged,Bala the children,Abala the debilitated,Krusha the emaciated, fatigueRuksha who are dry,Ksheena asra retas Depleted blood and semen,Vatarta who are suffering from diseases of Vata,Timira ophthalmia, blindness,who suffer from chronic disorder 5 6a.",Ashtanga Hridaya,16,16
What are some conditions mentioned in this Ayurvedic text?,"Urustambha stiffness of thighsAtisara diarrhoea, dysenteryAmaroga indigestion, Ama condition, altered metabolismGalaroga diseases of throatGararoga chronic poisoningMurcha fainting, loss of consciousnessChardi VomitingAruchi anorexiaShleshmaroga diseases of Kapha imbalanceTrushnaroga excessive thirstMadyapeedita chronic alcoholicApaprasuta lady who has undergone abortionNasya, Basti Virechana people who re to be nasal medication, enema and purgative therapies.68a.",Ashtanga Hridaya,16,22
"What is the recommended usage for ghee, according to Ayurveda, in diseases where Pitta and Vata are elevated and Pitta predominates, specifically during summer?",In diseases produced by increased Pitta and Vata and in their combination with predominance ofPitta ghee should be used only at nights during summer,Ashtanga Hridaya,16,43
"question What kind of diseases may occur if I consume fats at night?, answer Diseases due to Vata and Kapha arise if fats are used at nights, question And what kind of diseases may occur if I consume fats during the day?, answer Diseases of Pitta if used during day","Otherwise, diseases due to Vata and Kapha arise if fats are used at nights and diseases of Pitta ifused during day",Ashtanga Hridaya,16,45
What is recommended for the management Shamana of Doshas and alleviation of a disease according to Ayurveda?,"For Shamana For mitigation of Doshas, for palliating a disease, fats should be consumed whenthe person is hungry and without food fasting and in medium dose",Ashtanga Hridaya,16,68
What is recommended for weight gain treatment according to Ayurveda?,"For Brimhana For weight gain treatment, it should be given mixed with meat soup, wine etc.and consumed along with food, in small quantity minimum dose",Ashtanga Hridaya,16,70
What are the symptoms to indicate complete digestion of fat after drinking it alone Acchapana and consuming warm water?,"After Acchapana drinking of fat alone, warm water should be consumed.It helps in digestion and clears the mouth coating.But while taking Tuvaraka taila or Arushkara taila very hot in nature, cold water is preferred.In case of doubts regarding digestion of the fat, warm water should be consumed againPurification, clear belching, feeling of lightness in the body and desire for food these 3symptoms suggest that the fat has been completely digested",Ashtanga Hridaya,16,76
"How long should I drink fat alone according to Ayurveda, depending on my bowel condition?","Accapana drinking fat alone should be done forthree days for persons of soft bowels Mrudu koshta,for seven days for persons of hard bowels Krura koshta or till the symptoms of good oleation",Ashtanga Hridaya,18,3
"What are the signs of proper lubrication according to Ayurveda, and what are the signs of excess lubrication?","Snigdha Lakshana signs of oleation Vatanulomana Downward movement of Vata,Deepto agni keen digestive activity,Vachaha snigdham asamhatam faeces becoming fatty and non formed not solid, Sneodvega aversion to fat,Klama exhaustion are the signs of proper lubricationopposite of these are the sign of dryness.Appearance of pallor yellowish white discoloration and secretions from the nose, mouth andrectum are the signs of excess lubrication",Ashtanga Hridaya,18,8
"What treatments are recommended for symptoms like hunger, thirst, vomiting, perspiration, dryness, and using buttermilkbased medicine, curds menu, barley, long pepper, honey, haritaki, cow urine, Guggulu, and other foods or drugs?","Kshut, Trushna Producing hunger, thirst,Ulleka, sveda vomiting and perspiration,administering foods, drinks and medicines which are dry cause dryness,use of Takrarista fermented medicine from buttermilk, Khala menu prepared from curds,Uddala, Yava barley, Shyamaka, Kodrava, Pippali long pepper, Triphala, Ksaudra honey,Pathya haritaki, Gomutra cow urine, Guggulu and such others foods, drugs etc",Ashtanga Hridaya,18,14
"What treatments are recommended for persons with muscular and fatty bodies, Kapha imbalance, erratic digestion, a fondness for fats, and needing oleation therapy?","Persons who are muscular, fatty, having Kapha imbalance, and erratic type of digestive activity,who are accustomed to fats and who need oleation therapy, should be made to become dry first by use of foods, drugs etc",Ashtanga Hridaya,18,25
How does this treatment method help in eliminating the vitiated Doshas?,This method is enough toexcite the vitiated Dosha to be eliminated 37b 39a.,Ashtanga Hridaya,18,25
"What substances should I avoid during the Sadya snehana treatment for skin diseases, inflammatory conditions, and diabetes?","For the purpose of Sadya snehana, Jaggery, meat of birds of marshy lands, milk, sesame seed,black gram, Sura beer and Dadhi curds, yogurt should not be used for purposes of oleation inskin diseases kushta, inflammatory conditions Shopha and diabetes Prameha",Ashtanga Hridaya,18,37
What remedy is suggested for individuals experiencing an imbalance of Vata dosha?,It is preferred in people with Vata imbalance poultice are known as Salvana upanaha and shouldbe applied often,Ashtanga Hridaya,17,16
"What treatment is suggested for Vata affecting the entire body, especially in cases of piles or Dysuria?","In case of Vata affecting the entire body, the same medicated water may be filled into tub andthe patient made to sit in it, this method can be adopted in piles, Dysuria etc.11",Ashtanga Hridaya,15,8
What treatment is recommended for someone who has diseases related to Kapha?,Person suffering from diseases of Kapha should be given sweating treatment in dry conditionwithout the use of fat internally and externally and with dry liquid without addition of fats,Ashtanga Hridaya,15,15
"What treatments are recommended when both Kapha and Vata are increased, leading to a dry condition?",In case of Kapha and Vata increased together the patient should be in dry condition and liquidmixed fats should be used for sweating,Ashtanga Hridaya,15,17
"question What treatment should I follow when Vata is localized in my stomach?, answer Dry sweating should be given., question And what treatment is recommended when Kapha is localized in my intestines?, answer Oilsweating should be given.","When vata is localized in the Amashaya stomach dry sweating should be given.When Kapha is localized in Pakvasaya intestines, oilsweating should be given",Ashtanga Hridaya,15,19
"What is the recommended treatment for patients experiencing diarrhea, vomiting, unconsciousness, and are suffering from poison, caustic Alkali or Barding by free?","Withholding, stopping, hindering of elimination is the treatment, so also for patients sufferingfrom poison, caustic Alkali and Barding by free Diarroea, vomiting and unconsciousness 1617",Ashtanga Hridaya,15,32
What symptoms might I experience due to diseases caused by an imbalance of Vata?,"Shwasa dysnoea, COPD, AsthmaKasa cough,Pratishyaya running nose, allergic rhinitisHidhama hiccup,Adhmana bloatingVibandha constipationSvarabheda altered voice, hoarsenessVatavyadi diseases of Vata imbalanceAngamarda bodyachestiffness in lower back, flanks, back, abdomen and jawsenlargement of the scrotum, contractions of toes and fingers, tetanus sprains, dysuria, Malignanttumor cancer, bening tumor, obstruction to the flow of semen and urine, and AdhyamarutaThigh stiffness",Ashtanga Hridaya,15,48
"What treatments are recommended for diseases of Vata covered by Medas and Kapha, according to Ayurveda?","Sweating without source of fire is suitable in diseases of vata enveloped by Medas and Kapha.Nivata sadana Staying in air tight room,Ayasa stressful physical activity,Guruprvarana covering oneself with thick blanketsBhaya fear,Upanaha bandaging wrapping with cloth etc.Fighting, wrestlingKrodha angerBhuripana excess drinking of waterKshudha withholding hungerAtapa Sun exposure 2829a",Ashtanga Hridaya,15,51
"What doshas are liquefied and eliminated from the body through sweating therapy when they have been lubricated by oleation therapy, and reside in the alimentary tract, tissues, or channels of the extremities bones etc?","Doshas which have been lubricated by oleation therapy, residing either in the alimentary tract,tissues, or lurking in the channels of the extremities bones etc are liquefied by Sweating therapy,brought into the alimenantray canal to be eliminated out of the body completely, by appropriatepurification therapies.",Ashtanga Hridaya,15,56
"question What treatments are suggested for an imbalance of Kapha increase?, answer Vamana Emesis should be administered for increase of Kapha either alone or in combination with other Doshas where Kapha is predominant., question What treatments are suggested for an imbalance of Pitta increase?, answer Virechana purgation should be administered to treat increase of Pitta alone or in combination with other Doshas where Pitta is predominant.",Vamana Emesis should be administered for increase of Kapha either alone or in combinationwith other Doshas where Kapha is predominant.Virechana purgation should be administered to treat increase of Pitta alone or in combinationwith other Doshas where Pitta is predominant,Ashtanga Hridaya,18,4
What conditions should be treated with emesis according to Ayurvedic texts?,"Emesis should be administered to persons suffering fromNavajwara fever of recent originAtisara diarrhoea, dysenteryAdhapitta Pitta imbalance in lower part of abdomenPittasruk Bleeding disorder due to Pitta imbalanceRajayakshma Chronic Respiratory disorderKushta skin diseasesMeha diabetes, urinary tract disordersApachi, Granthi Goitre, tumour, fibroidShleepada Elephantiasis, FilariasisUnmada SchizophreniaKasa cough, coldShwasa Chronic Respiratory tract disease, AsthmaHrullasa nauseaVisarpa herpesStanyadosha vitiated breast milkUrdhvaroga diseases affected neck and above region 1b2b",Ashtanga Hridaya,18,7
"I am a pregnant woman, dry without oleation therapy, constantly griefstricken, experiencing bouts of vomiting, enlargement of the spleen, possibly blindness, having intestinal parasites, and an upward movement of vata and blood. I might also be suffering from heart disease, wounds, weakness, emaciation, obesity, or hemorrhoids. After Vamana therapy, I may have loss of speech, dysuria, ascites, intestinal obstruction, tumor of the abdomen, difficulties during Vamana therapy, strong digestive activity, giddinessdizziness, pain in the flanks, or diseases caused by vata. Am I also suffering from poisoning, indigestion, or have I consumed incompatible foods?","Garbhini The pregnant woman,Rooskha persons who are dry not undergone oleation therapy,Kshudhita hungry,Nitya Dukhita constantly griefstricken,children, old persons,Krusha the emaciated,Sthula the obese,Hrudrogi patient of heart disease,Kshata the wounded,Durbala weak, debilitated,who are having bouts of vomiting,Pleeha enlargement of spleen,Timira blindness,Krimikoshta intestinal parasites,upward movement of vata and Asra blood,Soon after administration of Vamana,who have loss of speech, dysuria,Udara ascites, intestinal obstruction,tumor of the abdomen,who faced difficulties during Vamana therapy,who have strong digestive activity,Arsha hemorrhoidsUrdhva Vata upward movement of air reverse peristalisis,Giddiness Dizziness enlargement of the prostate,Parshva vata pain in the flanks and diseases caused by vataPerson suffering from poisoning,indigestion and who have consumed incompatible foods",Ashtanga Hridaya,18,12
"question What types of diseases might occur between 8 and 10 a.m.?, answer 810aThose diseases are Kushta skin diseasesMeha diabetes, urinary tract disordersApachi, Granthi Goitre, tumour, fibroidShleepada Elephantiasis, FilariasisUnmada SchizophreniaKasa cough, coldShwasa Chronic Respiratory tract disease, AsthmaHrullasa nauseaVisarpa herpesStanyadosha vitiated breast milkUrdhvaroga diseases affected neck and above region","810aThose diseases are Kushta skin diseasesMeha diabetes, urinary tract disordersApachi, Granthi Goitre, tumour, fibroidShleepada Elephantiasis, FilariasisUnmada SchizophreniaKasa cough, coldShwasa Chronic Respiratory tract disease, AsthmaHrullasa nauseaVisarpa herpesStanyadosha vitiated breast milkUrdhvaroga diseases affected neck and above region",Ashtanga Hridaya,18,19
"What are the symptoms associated with Navajwara, Alpa Agni, Adhoga Raktapitta, Atisara, Sashalya, Krurakoshta, Atisnigdha and Shosha?","Navajwara fever of recent originAlpa Agni poor digestive activity,Adhoga Raktapitta bleeding disease of lower part of the body such as bleeding per rectumwounds, Ulcers of the rectumAtisara diarrhoea, dysenterySashalya foreign bodiesWho have been administered decoction enema,Krurakoshta Persons who naturally have hard bowel movement,Atisnigdha who have undergone excess of Oleation treatmentShosha emaciated 10b11",Ashtanga Hridaya,18,24
What foods could potentially increase my Kapha dosha?,"Next, Kapha Dosha is excited in the patient by administering peya drink thin gruel preparedfrom fish, Masha black gram ,Tila Sesame etc",Ashtanga Hridaya,18,30
What factors influence the medicine prescribed during a Vamana treatment?,Note The medicine given for Vamana depends on the disease,Ashtanga Hridaya,18,35
What treatment is suggested for increasing Kapha according to the text?,"In case of increase of Kapha, vomiting should be induced with drugs having properties likepenetrating, hot and Pungent Teekshna, Ushna, KatuIn case of Pitta with drugs of sweet and cold properties andIn case of association of Vata with Kapha, with drugs of Unctuous, sour and salt properties.Snigdha Amla Lavana 21b22a",Ashtanga Hridaya,18,42
"What should I allow to occur, according to Ayurveda, to manage conditions related to Pitta and Kapha doshas?",Vomiting should be allowed till the appearance coming out of Pitta or complete expelling ofKapha,Ashtanga Hridaya,18,44
"question If I have soft intestines Mrudukoshta, will milk induce purgation?, answer Yes, a person with Mrudukoshta soft intestines, even milk will induce purgation. question If I have hard bowels or hard intestines Krurakoshta, could Trivrit cause purgation with difficulty?, answer Yes, for a person with Krurakoshta, even Trivrit might cause purgation with great difficulty.","A persson with Mrudukoshta soft intestines, even milk will induce purgation.For a person with Krurakoshta, hard bowels, intestines, even Trivrit a purgative herb mightcause purgation with great difficulty",Ashtanga Hridaya,18,82
"What treatments are recommended for Pitta, Kapha, and Vata diseases to induce purgation?",", For Pitta disease, Kashaya astringent and Madhura sweet drugs should be used for purgation.For Kapha disease, Katu pungent herbs should be given for purgation.For Vata, drugs with Snigdha unctuous, oily, Ushna hot and Lavana salt taste b given toinduce purgation",Ashtanga Hridaya,18,83
What should I do if I respond poorly on the day of consuming the purgative drug?,"If, on the day of consuming the purgative drug, the patient responds poorly, he should be allowedto take his food on that day and the purgative drugs administered again on the next day.Persons who have unstable and unlubricated alimentary tract, should consume the purgativedrugs after ten days during which Snehana and sweating therapies should be done because thebody which has been well prepared with Snehana and sweating therapies, will be able to havepurgation properlythen the purgative drug should be administered after considering all aspects and rememberingthe procedures described earlier",Ashtanga Hridaya,18,85
What are the symptoms of an inadequate bout of purgation therapy Ayoga according to Ayurveda?,"Ayoga lesser quantity of purgation Discomfort in the region of the heart and abdomen,Aruchi anorexia,Too much of Kapha and Pitta increase in the intestines because they are not properly thrown outof the body or expulsion of Doshas coming out through the mouth,Kandu itching,Vidaha burning sensation,Pitika eruption on the skin,Peenasa rhinitis,Vata Vidgraha blocking of flatus and constipationare the features of Ayoga inadequate bout of purgation therapyopposite of these are the features of proper bouts",Ashtanga Hridaya,18,91
What symptoms might I experience if I have Atiyoga excess bouts?,"In case of Atiyoga excess boutsAfter the elimination of faeces, Pitta, Kapha and vata in Succeeding order, there will beelimination of watery material which does not contain Kapha or Pitta, which is white, black orslightly red in color, resembling the water in which meat has been washed or resembling a pieceof fatprolapse of the rectum, thirst, giddiness Sunken eyes and diseases caused by excess of vomitingwill appear",Ashtanga Hridaya,18,92
"What are the symptoms that might indicate I need to fast after consuming a purgation, according to Ayurveda?","On the day of consuming the purgation,If the patient has weak digestion strength Mandagni, coated feeling in the gut, and if thedigestion symptoms of previous food are not seen, the he should be made to fast",Ashtanga Hridaya,18,96
"Should I avoid Peya if I have only slightly eliminated Pitta and Kapha, I am addicted to wine, and my dominant doshas are Vata and Pitta? If so, what could be an alternative treatment?","Peya should not be given when only little quantities of Pitta and Kapha are expelled out, to theperson is Addicted to wine, and in whom Vata and Pitta are Predominant for them regimen ofTarpana etc",Ashtanga Hridaya,18,102
What type of doshas are brought out by Vamana Emesis and why doesnt a physician have to wait for Doshapaka in this case?,Vamana Emesis brings out Doshas which are not cooked processed by heatWhereas Virechana purgation brings out the Doshas which have undergone Paka cookingprocess by heat hence in case of emesis the physician need not await Doshapaka cooking ofthe Doshas,Ashtanga Hridaya,18,104
"I am experiencing purgation and Im quite weak. I havent taken any purgative drugs. Is it possible that my increased Doshas could be the cause? If so, what foods should I consume for treatment?","Person who is weak, who has great amount of increased Doshas develops purgation on his own without consuming purgative Drug he should be treated with foods which are purgative",Ashtanga Hridaya,18,106
"What treatment is recommended for persons who are weak, have undergone purification therapy previously, have little amount of imbalanced Doshas, are emaciated, and whose nature of the alimentary tract is not known?","Persons who are weak, who have undergone purification therapy previously, who have littleamount of imbalanced Doshas, who are emaciated and whose nature of the alimentary tract is notknown should be given mild purgative drug in a small dose It is better given in small dosesoftenLarge dose given once creates doubt of deathThe drug in small and repeated doses will eliminate the circulating Doshas little by little in aweak person, little quantity of Doshas should only be mitigated by mild drugs, they need not beexpelled out by purification therapies",Ashtanga Hridaya,18,108
I have heard that an excess of Doshas can cause severe problems. Can you explain how they might trouble me and potentially lead to my death unless removed through purification therapies?,"Doshas which are more in quantity trouble the person greatly and even kill him, if not expelledout by purification therapies.",Ashtanga Hridaya,18,112
"What treatment is recommended for a person with weak digestion strength and hard bowels Krura koshta, according to Ayurveda?","Person who have weak digestion strength, Krura koshta hard bowels hard natured alimentarytract, should be administered ghee processed with Kshara and Lavana Alkalis and salts, toAugment his digestive capacity and Vanquish Kapha and Vata afterwards he should be givenpurification therapies",Ashtanga Hridaya,18,114
"If I am dry Rooksha, have an increased Vata, a hardnatured digestive tract Krura koshta, exercise regularly and have strong digestion strength, what treatment is suggested for purgation according to Ayurveda?","In persons who are Rooksha dry, who have great increase of Vata, who have hard naturedAlimentary tract Krura koshta, who do exercise regularly and who have strong digestionstrength, the purgative drug gets digested without producing purgation for them, an enemashould be given first and then purgative drug which is Snigdha unctuous, oily should be givenor the faeces should be removed first by using a strong rectal suppository made from fruits theDoshas thus initiated in their movement, the purgative drug expels them easily",Ashtanga Hridaya,18,116
"What treatment is recommended for persons suffering from poison, Abhighata Trauma, Pitikaskin eruption, Kushta skin diseases, Shopha inflammation, Visarpa herpes, Kamala Jaundice, Anaemia and Diabetes?","Persons who are suffering from poison, Abhighata Trauma, Pitikaskin eruption, Kushta skin diseases, Shopha inflammation, Visarpa herpes, Kamala Jaundice, Anaemia andDiabetes, should be given the purgative therapy without too much of Snehana oleation",Ashtanga Hridaya,18,118
How do purification therapies help in removing doshas that have been loosened by oleation and sweating?,Doshas getting loosened from the body by oleation and Sweating therapies are expelled out bypurification therapies just like the dirt from the cloth by washing,Ashtanga Hridaya,18,125
What is explained in this chapter regarding the treatment process?,This chapter explains the procedure of Basti treatment,Ashtanga Hridaya,19,2
What kind of diseases are Basti treatment recommended for according to Ayurveda?,"Basti is described for diseases withimbalanced Doshas having predominance of Vata orfor diseases with Vata imbalance alone,It is the best among all treatments.",Ashtanga Hridaya,19,4
"I have been experiencing symptoms such as tumors in the abdomen, bloating and fullness, gout, and possibly disease or enlargement of the spleen. Could you help identify these conditions?","Patients suffering fromGulma Tumors of the abdomenAnaha bloating, fullnessKhuda gout,Pleeha Disease of the spleen, Splenomegaly",Ashtanga Hridaya,19,10
"I have a strong digestive power, I havent undergone Snehana therapy yet, and I am experiencing symptoms related to vata. Am I a suitable candidate for Asthapana or oil enema Anuvasana treatment?","Person suitable for Asthapana are suitable for oil enema Anuvasana.Especially those who have strong digestion power, who are dry not undergone Snehanatherapy and those suffering from diseases of vata",Ashtanga Hridaya,19,21
"Can I be given a fat enema if I have an increased vata, exercise regularly, have good digestion, and am very dry?","Those who have profound increased of vata, who do exercises Physical activities daily, whohave good digestive power and those who are very dry can be given fat enema daily",Ashtanga Hridaya,19,67
"What is the treatment for Vata, Pitta, Kapha disorders, and a healthy person according to the Ayurvedic prescription?","20 Pala 960 g of Drugs enumerated in the prescription and8 Madana Phala fruits should be made into a decoction with the 16 parts of water 15.360 litersand boiled down to 14th quantity Thus, 3.840 liters of decoction will be obtained.To the decoction, is added a fat oil, ghee etc in14th quantity 960 g, for treatment of Vata,16th quantity 640 g for the treatment of Pitta,18th quantity 480 g for healthy person and for the treatment of Kapha disorders.The quantity of Kalka Paste of some Drugs to be added to the decoction for all Doshas and thehealthy person shall be 18th part of the decoction 480 g neither too thin nor too thick aftermixing.Next one pala 48 g of Guda Molasses jaggery and appropriate quantity of honey and salt alsoare also added.",Ashtanga Hridaya,19,77
What treatment is recommended if I have an increase in Vata?,If the patient becomes troubled by increased Vata he should be given a fat enema immediately onthe Same day,Ashtanga Hridaya,19,101
What is the recommended treatment for Kapha dominant diseases according to Ayurveda?,"1 3 fat enema Anuvasana should be administered for the treatment of Kapha dominantdiseases.5 7 for Pitta,9 11 for Vata.Again on uneven alternative days third, Fifth, seventh etc",Ashtanga Hridaya,19,110
What should I eat for a Kapha disorder?,"Food should be given along withAnna Yusha Soup prepared with rice, grains in case of Kapha disorderMilk, in case of Pitta disorder andMeat juice Meat soup in case of Vata disorder",Ashtanga Hridaya,19,113
What treatment is recommended for increased Vata?,"In case of increased of Vata, one enema consisting of decoction of drugs which mitigate Vata,Trivt, Saindhava Mixed with fats, Liquids of sweet and sour taste, made warm and administeredwill be ideal",Ashtanga Hridaya,19,115
What is the recommended treatment for an increase in Pitta?,"In case of increase of Pitta, one enema consisting of decoction of drugs of Nyagrodhadi gana andPadmakadi gana made sweet and cold and mixed with ghee, milk, sugarcane juice and honeywill be ideal.",Ashtanga Hridaya,19,117
What treatment is ideal for an increase in Kapha?,"In case of increase of Kapha, three enemas consisting of decoction of drugs of Argwadhadigana, and Vastakadi gana mixed with honey, cow urine, possessing penetrating, hot and pungentproperties is ideal",Ashtanga Hridaya,19,119
What enema treatments are suggested when all three Doshas increase together?,"In case of increase of all the Doshas together, these three kinds of enema will bring down theDoshas for which another enema need to be given with drugs of all the above mentionedqualities",Ashtanga Hridaya,19,121
"Can you explain to me about Utkleshana, Shodhana, and Shamana in terms of how they affect my Doshas?","Utkleshana that causing of the Doshas,Shodhana that causing purification, by expelling the Doshas andShamana that causing mitigation subsidizing them inside the body",Ashtanga Hridaya,19,128
Why should I not receive only fat enema or decoction enema for my enema therapy?,Either fat enema or decoction enema alone should not be administered.More of fat enema may cause nausea and loss of digestion strength.More of decoction enema may cause fear of increase of Vata.Hence those who are given decoction enema should also be given fat enema and those who aregiven fat enema should also be given decoction enemaEnema therapy will balance the three Doshas only when it is both lubricatingand purifying,Ashtanga Hridaya,19,150
What conditions is this treatment recommended for?,"It should be used always forBala children,Vriddha the aged,Adhva, Bhara, Stri, Vyayama who are habituated to long walking, carrying heavy weight,sexual activity and exerciseChinta who think too much,who are suffering from diseases of vata, fractures, debility, poor who are digestive activity, forkings, wealthy persons and persons who live happily.It conquers the Doshas, does not need strict regimen, gives strength, eliminates the wastesfaeces, urine etc",Ashtanga Hridaya,19,157
What is the recommended length for an enema nozzle in cases of Dysuria?,"The nozzle for this enema should be ten Angulas in length, permitting the entry of a grain ofMudga green gram, it should inspected to a length of four Angula in case of vaginal passage andto a length of two Angula in case of urethral passage in diseases like Dysuria etc",Ashtanga Hridaya,19,174
"What dosha is primarily responsible for diseases affecting the extremities, alimentary tract, vital organs, and organs above the shoulders?","For all the diseases which are localized in the Shakha extremities, Koshta alimentary tract,Marma vital organs, all the organs above the shoulders, there is no other cause, more importantthan Vata.Vata is the one responsible for transportation and destruction of the increased faeces, Kapha, Pittaand other Malas wastes",Ashtanga Hridaya,19,187
What treatment is suggested for conditions related to vitiated blood according to Ayurveda?,"Similarly, Sira Vyadha venesection treatment is considered to be effective in vitiated bloodconditions",Ashtanga Hridaya,19,192
"question What is the treatment for increased or vitiated blood, a condition that causes both internal and external diseases?, answer 87Siravyaddha is the treatment either half or full for the vitiated increased blood which is the causefor internal and external diseases.",87Siravyaddha is the treatment either half or full for the vitiated increased blood which is the causefor internal and external diseases.,Ashtanga Hridaya,19,192
Is Nasya Nasal medication useful for treating diseases that affect parts above my shoulders?,"Nasya Nasal medication is especially described for the treatment of diseases of the parts abovethe shouldersNose is the gateway for the head, spreading through this, the nasal medication reaches all theparts of the head and neck and cures the diseases",Ashtanga Hridaya,20,4
Can this help in getting rid of head and neck Doshas?,It expels the Doshas of head and neck out of the body,Ashtanga Hridaya,20,10
"What conditions does this treatment help with regarding my head, eyes, throat, swelling, glands, worms, tumors, skin, Epilepsy, and nose?","It is useful inShirashoola headache,Jadya loss of movement of the head, heaviness, stiffnessSyanda eye diseasesGalamaya diseases of the throat,Shopha swelling,Ganda enlargement of glands,Krumi worm infestationGranthi tumour, fibroidKushta skin diseasesApasmara Epilepsy andPeenasa rhinitis",Ashtanga Hridaya,20,10
What is Shodhana nasya and what substances are used for its preparation?,"Shodhana nasya is by the use of fats oils and ghee, suitable to the diseases and processedwith appropriate drugs, in the form of Paste, decoction etc",Ashtanga Hridaya,20,15
"I am experiencing a headache of Vata origin, one that worsens each day. Additionally, I have lost my voice, and my nose and mouth feel dry. I also have difficulties speaking, opening my eyes, moving my arms, and there is difficulty in movement of the arm. Could you please suggest a nourishing type of Nasya treatment for these symptoms?","Nourishing type of Nasya treatment is required forVataja Shula headache of Vata origin,Suryavarta Headache that increases by the daySvarakshaya loss of voice,Nasa, Asya Shosha emaciated dryness of the nose and mouth,Vak Sangha Difficulty to speakKrichra bodha difficulty in opening of eyes andApabahuka difficulty of movement of the Arm",Ashtanga Hridaya,20,18
What conditions make it inadvisable to administer nasal medication according to Ayurvedic texts?,"Nasal medication should not be administered to persons whohave just then consumed water, wine, artificial poison Garavisha chronic poisoning and fat aspart of Snehana therapy or who wish to consume them, soon,who have taken food just then,who have already taken bath or who desire to take bathsoon,who have had blood letting therapy or severe bleeding due to other causes,who are having acute rhinitis,who are getting natural urges of the bodythe woman who has recently delivered,patients of dyspnoea, COPD, Asthma and cough,those who have undergone purification Panchakarma therapies Vamana and Virechanawho have been given Basti treatment just then,at unsuitable seasons andon Sunless cloudy days except in emergency during diseases",Ashtanga Hridaya,20,44
"What are the recommended times for administering nasal medication according to Ayurveda, and under which diseases should it be done both in the morning and evening?","Nasal medication should be administered inmorning for Shleshma increase of Kapha,during midday for pitta.in the evening or night for the healthy.During Sharath Autumn and Vasantha Spring, it should be given in forenoon.During winter, it should be given in midday.Evenings in Grisma summer,when there is sunlight during Varsha rainy season.It should be done both in evening and morning daily in the following diseases.Vataja shiroroga diseases of the head caused by Vata,Hikka Hiccup,Ayama tetanus,Apatanaka Convulsive disorders,Manyasthambha stiffness of the neck, andSvarakshaya hoarseness of voice, 1315",Ashtanga Hridaya,20,46
"Can Pratimarsha help with fatigue, improve eyesight, strengthen my teeth, and reduce Vata?","Pratimarsha cleanses, clears the channels, relieves fatigue, improves eye sight, bestows sturdinessto the teeth and mitigates the Vata.29",Ashtanga Hridaya,20,88
What can I do to prevent or treat diseases affecting areas above my shoulders?,"The person who wishes to take care of his health should inhale herbal smoke daily to treat or toprevent the onset of diseases of the parts above the shoulders, arising from increases of kaphaand Vata",Ashtanga Hridaya,21,3
Can I inhale smoke if I have Raktapitta bleeding disease or have undergone Viriktas Virechana therapy?,"Inhalation of smoke should not be done for persons who are suffering fromRaktapitta bleeding disease,Virikta who has undergone Virechana therapy,",Ashtanga Hridaya,21,11
What are the potential symptoms if I perform Dhumapana at an improper time or in excess?,"Doing Dhumapana at improper time or in excess leads toRakta pitta bleeding disease,Andhya blindness,Badhirya deafness,Trut excessive thirstMurcha fainting, loss of consciousnessMada, Moha delusionFor this cold regimen should be adopted",Ashtanga Hridaya,21,16
"What is Gandusha, the treatment procedure you mentioned?","Note Gandusha is treatment procedure wherein the patient holds the liquid medicine in hismouth, to its full, for specific time period.",Ashtanga Hridaya,22,4
What are the four kinds of Gandusha and their corresponding uses according to Ayurveda?,"Gandusha is of four kinds, viz Snigdha lubricating, with oils and fats for Vata imbalance disorderShamana palliative for Pitta imbalance disorderShodhana purifying for Kapha imbalance disorderRopana healing",Ashtanga Hridaya,22,6
"For tingling of the teeth Dantaharsha, shaky teeth Dantachala, or a mouth disease caused by Vata, what Ayurvedic treatment is suggested?","Tilakalkodaka Sesame seed paste with water In conditions likeDantaharsha tingling of the teeth,Dantachala shaky teeth, anddisease of the mouth caused by Vata, Gandusha with water mixed with sesame seed paste eitherlukewarm or cold, is useful",Ashtanga Hridaya,22,19
"What is the recommended treatment for a burning sensation Daha, ulceration, and wounds caused by foreign bodies, poison wounds, alkalies Kshara and burns by fire?","When there is local or general burning sensation Daha, ulceration and wounds caused byforeign bodies, poison wounds, alkalies Kshara and burns by fire, it is best to hold either gheeor milk",Ashtanga Hridaya,22,25
What treatment can help break up the accumulation of Kapha?,Holding Ksharambu water containing alkalies in the mouth quickly breaks up theaccumulation of Kapha.,Ashtanga Hridaya,22,33
What are the symptoms associated with making oil stand on the head for dreadful diseases of the head Daruna Shiroroga according to Ayurveda?,"making the oil to stand on the head in cases ofNetrasthamba lack of movement of eyeballPrasupti loss of sensation of the scalp,Ardita facial palsy,Jagara loss of sleep,Nasa Asya Shosha dryness of the nose and mouth,Timira blindness andDaruna Shiroroga dreadful diseases of the head",Ashtanga Hridaya,22,89
"What treatments can help prevent or cure issues like falling, graying, matting of hair, scalp skin cracking, diseases related to Vata imbalance in the head, improve sense organ clarity, and strengthen the voice, jaw, and head?","Oiling of the head preventscures falling, graying and matting of the hair, cracking of skin of thescalp, diseases of the head of Vata imbalance, produces clarity of sense organs, imparts strengthto the voice, jaw and head",Ashtanga Hridaya,22,113
Can you tell me about the different treatments for eyes according to Ayurveda?,Let us explore Ayurveda eye treatment methods and types,Ashtanga Hridaya,23,2
"question I have a problem with my eyes that seems to be caused by an imbalance of Doshas. I have noticed symptoms such as slight oedema, severe itching, and sliminess, and the excretions from my eyes are thick. I have also been experiencing issues related to Pitta, Kapha, and blood, particularly a Vata imbalance. Have you any advice for me regarding treatment? answer Application of collyrium is suitable for the person who has his body purified by Vamana, Virechana etc, in whom the Doshas are localized in the eyes only, when signs of fully ripened state such as slight oedema Alpa shopha, severe itching Ati kandu and sliminess Paichilya are found, when the excretions of the eyes are thick, in persons who are being troubled by Pitta, Kapha and blood and especially in Vata imbalance","Application of collyrium is suitable for theperson who has his body purified by Vamana, Virechana etc,in whom the Doshas are localized in the eyes only,when signs of fully ripened state such as slight oedema Alpa shopha, severe itching Ati kanduand sliminess Paichilya are found, when the excretions of the eyes are thick, in persons who arebeing troubled by Pitta, Kapha and blood andespecially in Vata imbalance",Ashtanga Hridaya,23,13
"Why should I avoid applying eyesalve collyrium at nights, during sleep, at midday, and when my eyes are fatigued by strong sunlight?","Application of eyesalve collyrium should NOT be made at nights, during sleep, at midday,when the eyes are fatigued by strong rays of the sun.If done during these times, it will lead to diseases of the eyes because the Doshas get increased,spread to other sites and get liquefied.So to mitigate the Doshas, Anjana should be applied always either in the morning or in theevening when the sun is not present",Ashtanga Hridaya,23,47
"What treatments are recommended for conditions with an extreme increase of Kapha, or for diseases that require the scraping type Lekhana Anjana?","In condition of extreme increase of Kapha or in diseases which require Lekhana Anjana scraping type,",Ashtanga Hridaya,23,53
"Why do Doshas remain stuck in my eyes, despite having undergone Anjana therapy?","Here Doshas get stagnated inside the eyes, evenafter Anjana therapy, due to cold effect",Ashtanga Hridaya,23,61
"What treatment is recommended after the cessation of the medicines effect, when my eyes have regained strength?","2627. After the cessation of the activity of the drug, when the eyes have regained strength, they shouldbe washed with water hot or cold, suitable to the disease, Doshas and season",Ashtanga Hridaya,23,67
Why should I wash my eyes after applying Anjana?,"Why to wash Eye after Anjana? Otherwise, if not washed the Anjana remaining in the lids, excites the Doshas which give rise todiseases. In case of itching and inactivity either a strong Anjana should be applied again or an inhalationof strong smoke of herbs should be done",Ashtanga Hridaya,23,68
"Could you tell me more about the two primary Ayurvedic treatments for eye problems, specifically Tarpana and Putapaka?","Let us learn about two main Ayurveda eye care treatments Tarpana and Putapaka, theirindication, uses etc",Ashtanga Hridaya,24,1
What are some examples of diseases that might cause night blindness or similar vision issues?,"In diseases like Naktandhya night blindness, Vatatimira, Krichradodha etc",Ashtanga Hridaya,24,18
What are some diseases that Ayurveda addresses in different parts of the eye?,"100 for the diseases of Vartma eye lids300 for the diseases of Sandhi fornices500 for the diseases of Sita sclera700 for the diseases of Asita cornea800 for the diseases of Drishti pupil, retina etc.1000 for the disease Adhimanta",Ashtanga Hridaya,24,23
What is the recommended dose for a disease caused by Vata imbalance according to Ayurveda?,"1000 for the disease caused by Vata imbalance600 for diseases caused by Pitta,500 for healthy person and for diseases of Kapha imbalance.These are the time for retaining the drug.",Ashtanga Hridaya,24,26
What is the recommended frequency of Tapana therapy for various conditions according to Ayurveda?,"Tapana therapy should be done daily in diseases of Vata,On alternative days in diseases of Pitta,with an interval of two days for the healthy persons and in diseases of kapha,",Ashtanga Hridaya,24,31
What are the symptoms of having too much or not enough Tarpana Tarpana Atiyoga and Ayoga Lakshana?,"Symptoms of excess or less Tarpana Tarpana Atiyoga, Ayoga Lakshana",Ashtanga Hridaya,24,32
"What are the symptoms for an inadequate Tarpana and , and what are the symptoms for excess Tarpana related to Kapha imbalance?",Opposite of these are the symptoms of inadequate Tarpana and appearance of disorders of Kapha imbalance is the symptom of Excess Tarpana,Ashtanga Hridaya,24,36
What treatment is prescribed for a disorder caused by an imbalance of Vata and Kapha doshas?,Lekhana Putapaka scraping type for Vata Kapha imbalance disorder.,Ashtanga Hridaya,24,51
What is Anguli Shastra and what is it used for in diseases of the passage of the throat?,"16, Anguli Shastra finger knife is prepared so as to have an orifice.Its edges are sharp, with its half Angula in width, resembling either Vriddhipatra or Mandalagra,in shape, capable of permitting the entry of the first Phallange of the index finger, is tied to thefinger with thread and meant for excision and splitting of the diseases portion in diseases of thepassage of the throat",Ashtanga Hridaya,26,37
What conditions does applying leeches help in treating according to Ayurveda?,"Application of Leeches mitigates diseases such as,Gulma Tumors of the abdomenArsha Haemorrhoids,Vidradhi Abscess,Kushta skin diseasesVatarakta gout,Galamaya,Netraruk diseases of the neck and eyes,Visha poison,Visarpa herpes",Ashtanga Hridaya,26,94
Should I use a sucking horn for treating my blood if its affected by Kapha?,"The blood vitiated by Kapha should not be extracted by using a sucking horn Shrunga becauseof thickness of the blood, whereas blood vitiated by Vata and pitta should be removed by thesucking horn",Ashtanga Hridaya,26,116
What kind of diseases may occur when blood gets vitiated by Pitta and Kapha?,"Blood usually gets vitiated by Pitta and Kapha.It produces diseases such asVisarpa Herpes,Vidradhi Abscesses,Pleeha Disease of the spleen, SplenomegalyGulma Tumors of the abdomen Agnisadana Dyspepsia,Jvara feverMukha, Netra Shiroroga diseases of the mouth, eyes and the headMada intoxication toxicity,Trut excessive thirst",Ashtanga Hridaya,27,8
In which conditions should venesection cutting of vein not be performed according to the text?,"Who are less than sixteen and more than 70 years of age,who have had no bleeding previously any time due to any cause,who have undergone excess gone Snehakarma and sweating therapies,those suffering from diseases of Vata origin,the pregnant woman,the woman in parturition,those suffering from indigestion, bleeding diseases, Shwasa dyspnoea,Kasa cough, coldAtisara diarrhoea, dysenteryUdara ascites, intestinal obstruction enlargement of the abdomen,Chardi VomitingPandu anemiaChardi Vomiting,dropsyfor those who have been given fat ghee or oil to drink as part of oleation therapy, and who areundergoing the Panchakarma treatment.The vein should not be cut without enforcing control on the body as described further,that vein which is horizontal, that which has not been raised up not on day which are very cold,very hot, very windy, or cloudy datys, venesection should not be done",Ashtanga Hridaya,27,16
"question Where should I have my veins cut or located for various diseases in accordance with Ayurveda?, answer In diseases of the head and eyes veins situated on the forehead, outer angle of the eyes or the area around the nose should be cutIn diseases of the ear, the veins near the earin diseases of the nose, vein located at the tip of the nosein Rhinitis, vein located in the nose and forehead, in Jaw or palatein tumors of parts above the shoulders, vein situated in the tongue, lips, lower Jaw or palatein tumors parts above the shoulders, veins at neck, ears, temples, or the head, in Jawin all diseases of the head usually vein situated in between the eyebrowsIn Vidradhi abscesses and pain in the flanks, vein situated between the flanks, Axilla and breastin fever of every third day Truteeyaka, vein in the centre of the shoulderin fever of every fourth day chaturthaka that below the shoulderin dysentery accompanied with pain vein situated two Angula away from the pelvisin diseases of the semen and penis, vein situated in the penisin glandular enlargement of the neck Apachi, that situated in the thighin Gridhrasi sciatica vein situated at four Angula below or above the knee jointsin Apachi goiter vein situated at two Angula below the Indrabasti a vital spot in the centre of calf musclein pain of thighs and Krostukasira inflammatory swelling of the knee joint, Daha of the soleas, Khuda gout Padaharsa tingling sensation in feet, Vipadika fissures of the feet, Vatakatantaka sprain of the foot Ankle and Chippa A diseases of the nails of the toes, vein situated two","In diseases of the head and eyes veins situated on the forehead, outer angle of the eyes or thearea around the nose should be cutIn diseases of the ear, the veins near the earin diseases of the nose, vein located at the tip of the nosein Rhinitis, vein located in the nose and forehead, in Jaw or palatein tumors of parts above the shoulders, vein situated in the tongue, lips, lower Jaw or palatein tumors parts above the shoulders, veins at neck, ears, temples, or the head, in Jawin all diseases of the head usually vein situated in between the eyebrowsIn Vidradhi abscesses and pain in the flanks, vein situated between the flanks, Axilla and breastin fever of every third day Truteeyaka, vein in the centre of the shoulderin fever of every fourth day chaturthaka that below the shoulderin dysentery accompanied with pain vein situated two Angula away from the pelvisin diseases of the semen and penis, vein situated in the penisin glandular enlargement of the neck Apachi, that situated in the thighin Gridhrasi sciatica vein situated at four Angula below or above the knee jointsin Apachi goiter vein situated at two Angula below the Indrabasti a vital spot in the centreof calf musclein pain of thighs and Krostukasira inflammatory swelling of the knee joint, Daha of the soleas,Khuda gout Padaharsa tingling sensation in feet, Vipadika fissures of the feet, Vatakatantakasprain of the foot Ankle and Chippa A diseases of the nails of the toes, vein situated two",Ashtanga Hridaya,27,21
What are the symptoms of blood being affected by Vata according to Ayurveda?,"Blood vitiated by Vata, will be blue or crimson in color, dry nonslimy, flows with force, clearand frothy",Ashtanga Hridaya,27,74
Why might my blood appear yellow or black and have a foul smell?,"Blood vitiated by pitta will be yellow or black, has foul smell, not thick because of increase ofheat and mixed with glistening particles,",Ashtanga Hridaya,27,76
What does blood look like when its vitiated by Kapha according to Ayurveda?,"Blood vitiated by Kapha will be unctuous, pale yellowish white in color, has small threads, isslimy and thick",Ashtanga Hridaya,27,80
What are the characteristics of blood when it is affected by a combination of two Doshas?,"By combination of 2 Doshas, there will be mixed features.Blood vitiated by all the Doshas will be dirty and thick",Ashtanga Hridaya,27,82
"What are the treatments for a condition where I have lost more than one Prastha 768 ml of blood, as it may lead to death or vatarelated diseases?","Vitiated blood more than one Prastha 768 ml should not be allowed to flow out, even in strongpersonsExcess bleeding will lead to either death or dreadful diseases of vata origin.In such condition, oil massage and drinking of milk mixed with blood are the treatment",Ashtanga Hridaya,27,85
"If my blood seems to be significantly affected by doshas, when should I seek treatment for removing the vitiated blood?",Vitiated blood should be removed again either in the same evening or next day if the blood isfound greatly vitiated with more quantity of Doshas.,Ashtanga Hridaya,27,89
How can I be treated for bleeding disorders Raktapitta as per Ayurveda?,"or it canbe purified of doshas by administering cold comforts, therapies prescribed for Raktapittableeding diseases, purification therapies Panchakarma etc",Ashtanga Hridaya,27,96
What causes severe distress in my body if its not purified?,"If the body is not purified, it produces serves distress due to aggravation of Doshas",Ashtanga Hridaya,28,28
What are the three stages of swelling according to Ayurveda?,"Trividha Sopha three stages of swelling Shopha Swelling is of three types.Ama shopha unripe, raw, initial stage, without pus formationPachyamana shopha with symptoms of inflammation, initial stage of pus formationPakva shopha with full pus formation.",Ashtanga Hridaya,29,5
What are the symptoms of Pachyamana shopha according to Ayurveda?,"Pachyamana shopha Vivarna The swelling gains a different color than that of the skin.Ragi it is usually red coloured.Bastiriva It enlarges like an animal bladder.Nistoda continuous bursting type of pain,Angamarda aches all over the body,Vijrumbhika excess of yawning,Samrambha different kinds of distressing symptoms,",Ashtanga Hridaya,29,9
What are the symptoms associated with Aruchi anorexia according to Ayurveda?,"Aruchi anorexiaDaha burning sensation all over the bodyUsha increased temperatureTrut excessive thirstJvara feverAnidra loss of sleep,quick melting of solid ghee placed on the swelling andintolerance to touch tenderness just as in an an ulcer 3 4.",Ashtanga Hridaya,29,12
"What are the symptoms of Vata, Pitta, Kapha, and Rakta imbalances according to Ayurveda?",Shula pain due to VataDaha burning sensation due to Pitta imbalanceShopha inflammation due to Kapha imbalanceRaga redness and Paka suppuration due to Rakta vitiation,Ashtanga Hridaya,29,18
"I have noticed that my skin has become thinner, swollen, and covered in wrinkles. It also appears black and Ive been losing body hair. Could this be due to an increase in pus formation over time?","When pus formation further increases with lapse of time there is cavityswelling, the skin becomes thin and destroyed by the Doshas, it is covered with wrinkles, black incolour and body hairs fall off",Ashtanga Hridaya,29,20
What are the symptoms of a Kaphapredominant swelling that ripens slowly?,"If the swelling produced by predominance of Kapha, ripening takes place slowly, hence signs ofripening do not manifest clearly, the swelling which is cold to touch, of the same colour as of theskin with milkd pain, hard to touch, like a stone",Ashtanga Hridaya,29,25
"Could consuming this substance lead to abdominal issues like swelling, pain, burning sensations, and distension?","leads to disorders of Vata and other Doshaswhich might be powerful so as to cause increase of swelling, pain, putrefaction, burning sensationand distention of the abdomen",Ashtanga Hridaya,29,77
What foods should be avoided to prevent ulcer aggravation according to Ayurveda?,"Fresh grains, Tila sesame, Masha black gram, wines, meat other than of animals of desert likeregions, products of milk and sugarcane, substances which are sour, salt and pungent should beavoidedAny other substance which causes constipation, burning sensation during digestion, which are noteasy to digest and which are cold in potencyThis group of substances gives rise to aggravation of all the Doshas in persons suffering fromulcers",Ashtanga Hridaya,29,80
"What treatment is suggested for ulcers that persist long, have little muscular tissue, do not heal to dryness or absence of moisture?","Ulcers which are persisting long, which have very little of muscular tissue, which do not heal todryness absence of moisture should be applied with medicines which are wrapped in leaves oftrees, appropriate to the Doshas involved and the seasons the leaves should not be ripened ones",Ashtanga Hridaya,29,131
What conditions is this substance used to treat in a drinkable form?,"In a drinkable form it is used inArsha haemorrhoids,Agnisada dyspepsia,Ashma renal calculus,Gulma Tumors of the abdomenUdara ascites, enlargement of the abdomenGaravisha chronic poisoning etc.",Ashtanga Hridaya,30,7
"What are some conditions related to skin diseases, anesthetic patches, rectal fistula, cancerous growth, tumors or fibroids, and foul ulcers?","Kushta skin diseasesSupti anesthetic patches,Bhagandara rectal fistula,Arbuda cancerous growth,Granthi tumour, fibroidDushta Nadi vrana foul and sinus ulcers etc.",Ashtanga Hridaya,30,13
"question What treatment is suggested for diseases that are difficult to cure, including those related to Vata, Kapha, Medas fat, Arbuda cancerous growth, and others?, answer Teekshna Kshara Alkali of strong potency should be used in these diseases., question What treatment is recommended for diseases that are of moderate strength, not very difficult to cure?, answer Madhyama Kshara alkali of medium potency is useful in those diseases.","Teekshna Kshara Alkali of strong potency should be used in diseases arising from Vata,Kapha, Medas fat,Arbuda cancerous growth and such others which are very difficult to cure,Madhyama Kshara alkali of medium potency is useful in those diseases when they are ofmoderate strength, not very difficult to cure",Ashtanga Hridaya,30,31
"What treatment is recommended for conditions related to Pitta, Asra Rakta, or hemorrhoids?","Mrudu Kshara Mild alkali is used In diseasesarising from Pitta and Asra Rakta and heamorrhoids,",Ashtanga Hridaya,30,31
"What are the symptoms for good burning due to Kshara, and what are the opposite symptoms?","Symptoms of good burning due to Kshara Attaining black color, similar to the ripe fruit ofJambu Jamun fruit,depression of the site are the feature of a samyag dagdha.The opposite of it, that is appearance ofTamravarna coppery red color,pricking pain, itching etc",Ashtanga Hridaya,30,53
What treatment methods are suggested for a burn caused by Alkali according to Ayurveda?,"In such conditions, burning the part with sour fluids, applications of paste of honey, ghee and Tilasesame,activities foods other comforts which mitigate Vata and Pitta and all others which produce cold,should be adopted.As sour is cold to touch, combining with the Alkali it quickly attains the properties of sweet taste,hence the burn caused by Alkali should be washed with sour substances quickly",Ashtanga Hridaya,30,60
What are the symptoms of Slishtavartmaexudative disease of the eyelids?,"Slishtavartmaexudative disease of the eyelids, bleeding, blue mole, improper cutting surgicalwound etc",Ashtanga Hridaya,30,74
"What is the recommended treatment for Durdagdha, a condition of improper burning clod?","In case of Durdagdha improper burning clod and hot treatment should be used, the hot one firstand the cold one next",Ashtanga Hridaya,30,97
What treatment is recommended for Samyagdgdahaproper burning?,"In case of Samyagdgdaha proper burning, a paste of Tavaksiri, Plaksha, Chandana Sandalwood,Gairika Red ochre and Amrita Tinospora mixed with ghee should be applied on the area ofburn and then therapies indicated for an abscess of Pitta origin should be adopted",Ashtanga Hridaya,30,99
What treatments are recommended for Atidagdha over burning and for burns caused by fats like hot oil or ghee according to Ayurveda?,"In case of Atidagdha over burning all the therapeutic measures prescribed for Visarpa of Pittaorigin should be done quickly.In case of burning by fats hot oil, ghee etc, measures which are very dry cause severe drynessshould be adopted",Ashtanga Hridaya,30,101
"Why is there a fresh impetus to issue an English translation of Sushruta Samhita, which covers essential Indian Therapeutics and encompasses the entire science of Ayurveda as understood and practiced by the Vedic sages?",Because many drugs of the Ayurvedic vlateria Medica have been adopted by different foreign systems of medicine.,Sushruta Samhitha,1,26
What is the structure of Charaka Samhita ?,"entire work into three volumes, the first containing only the Sutrasthanam, the second Xidanam, Sharira and Chikitsa, and the third Kalpa and Uttara Tantram.",Sushruta Samhitha,1,34
"Can you explain the identity of Sushruta and Divodasa, and if it's safe to assert that Sushruta was of the race of Vishvamitra according to The Mahabharata?",It is only safe to assert that Sushruta was of the raceof Vishvamitra. The Mahabharatam represents him as a son of that royal sage.,Sushruta Samhitha,1,40
"Were the great works of Charaka and Sushruta translated into Arabic, under the patronage of Kaliph Almansur, in the seventh century?",Yes,Sushruta Samhitha,1,62
Could you please explain to me where the origin of Ayurveda science lies?,"Indeed the origin of the science is lost in dim anti-quity. Death and disease there had been in the world since the advent of man ; it was by following the examples of lower animals in disease, that our primitive ancestors acquired by chance the knowledge about the properties of many valuable medicinal drugs. ",Sushruta Samhitha,1,68
"What is the Indian method for transplanting sensitive skin flaps, and who was the first to successfully demonstrate its feasibility for mending a dropped earlobe?","The transplanting of sensible skin-flaps is also an entirely. Indian method (Sushruta, Sutrasthanam, Ch. XV'I). It is Sushruta who first successfully demonstrated tlie feasibility of mending a dipt earlobe with a patch of sensitive skin-flap scraped from the neck or the adjoining part.",Sushruta Samhitha,1,78
"What methods did Sushruta recommend for abdominal and peritoneal wounds, lithotomic operations, instrumental parturition, and amputation in his Samhita, as compared to European chirurgery works on the same subjects?","Elaborate instructions have been given for making the perineal incision, care and general management of the patient after lithotomic operations, and instrumental parturition. For amputation, medicated wines were given to the patients as anesthetics. In cases of abdominal and peritoneal wounds, certain medicinal plasters were used to localise the shafts of arrows embedded in the limbs of wounded soldiers with precision. In a case of Shukra-shmari (seminal or spermatic concretion), Sushruta enjoins that the stone, if in the urethra, should be removed with the help of Anyvdsanam and urethral enematas, failing which the penis should be cut open and the concretion extracted with the help of a hook.",Sushruta Samhitha,1,82
"What procedures does this method cover for dealing with abscesses and wounds, including major surgeries?","opening of an abscess, and the healing of the incidental wound, but lays down processes for major operations as well.",Sushruta Samhitha,1,84
What were the practices followed in ancient India for the study of practical surgery?,"To give efficiency in surgical operations, the pupils of Dhan^antari(Sushruta etc.) were asked to try their knives repeatedly first on natural and artificial objects resembling the diseased parts of the body before undertaking an actual operation. Incision, for example, was practised on Pushpafala /cucerbeta maxima), Alavu (Longenaris Vulgaris) or Trapusha (cucmis pubescuas), evacuating on leatfier bags full of water and on the urinary bladders of dead animals, scarification on the hides of animals on which the hair was allowed to remain. Venesec- tion was practised on the vessels of dead animals and on the stalks of the water-lily: the art .of stuffing and probing on bamboo reeds etc.: extraction of solid bodies on Panasa (Artocarpus Integrifolia) and such like fruit, scraping on wax spread on a Shalmali (Bombox Malabaricum) plank, and suturing on pieces of cloth, skin or hide. Ligaturing and bandaging were practised on dummies, cauterisation (both actual and potential ) on pieces of flesh, and cathe- terisation on unbaked earthen vessels filled with water.",Sushruta Samhitha,1,90
What is the definition provided in the text regarding uterine tumours and the importance of studying practical anatomy?,extirpation of uterine excrescences and discourse on the necessity of observing caution in surgically operating upon uterine tumours (Raktarvudai. These facts should be borne in mind as thev would help us a good deal in account- ing for the numerous anomalies that are to be found in the anatomical portions of the Samhita. Study of Practical Anatomy :ÂWe have stated be- fore that tb.e quartered sacrificial animals afforded excellent materials for the framing of comparative anatomy.,Sushruta Samhitha,1,92
"Why did Sushruta's descriptions of the unions and locations of bones, ligaments, nerves, veins, and arteries need to be modified by subsequent commentators?","These modifications might have been made in order to conform them to occular proofs. Naturally in later and more ceremonial times, the interred corpses of infants, less than 2 years old, had to be unearthed and dissected for anatomical purposes; and these portions of the Sushruta Samhita might have been modified by the subsequent commentators.",Sushruta Samhitha,1,100
"What does Sushruta's theory of sexual diamorphism involve, and what Ayurvedic terms are necessary to understand it?","Sushruta's theory of sexual diamorphism involves the possibility of conception without proper sexual union, and the necessity to fully comprehend the meaning of such Ayurvedic terms on the subject as Ichchha Shakli (will-force), Shukra-Vahulyam (preponderance of the male reproductive element), and Shonita-Vahulyam (prepon-derance of the female reproductive element) etc. He also believed that distinction of sex has evolved from a primordial hermaphroditism.",Sushruta Samhitha,1,104
"What does Ayurvedic physiology recognize in a man's organism that helps him perform organic functions and keeps internal functions coordinated with environmental incidents, and what is the other set of apparatus attuned to?","The one helps him in performing the organic functions, which are so essential to his animal existence, and keeps intact the co-ordination of those inter-nal functions with the incidents of his environments. The other is attuned to the finer forces of nature.",Sushruta Samhitha,1,108
"Doctor, according to ancient Indian biologists, what is the theory regarding the role of reproductive cells in determining sexual diamorphism and fostering life evolution?","theory of preponderant katabolism or anabolism in the ovum as the determining factor of the sexual diamorphism to the extent that seeds or reproductive cells are the bearers and not the manufacturers of life, only containing those categories which foster life, and help its evolution into an organic being. To deny this would be to admit the chemi-cal, or physiological basis of life, which, as a theory, was never acceptable to the biologists of ancient India.",Sushruta Samhitha,1,112
"What is the origin of anatomical knowledge regarding vulnerable joints, nerves, and vein anastomoses, as well as the scientific system of wrestling, according to the provided text?","The origin of anatomical knowledge regarding vulnerable joints, nerves, and vein anastomoses, as well as the scientific system of wrestling, is traced back to ancient India, particularly in the light of Sushruta Samhita and Charaka Samhitas. It is also suggested that a system of scientific wrestling may have been carried by Buddhist missionaries from India to Japan, which was subsequently developed into modern Japanese Jiujitsu.",Sushruta Samhitha,1,118
What does the term 'Pittam' in Sanskrit represent according to Ayurveda?,principles from an observed similarity in their nature and functions. Pittam in Sanskrit means both bile and meta-bolism of tissues as well as the bodily heat which is the product of the latter.,Sushruta Samhitha,1,126
"What is Pittam according to Ayurveda classical texts, and where is it located primarily for digestion?","Pittam is the heat incarcerated in the bile, and the principal agent in performing digestion . Being a liquid fire or fluid heat, it is primarily concerned in digesting the four kinds of food (as they meet it in the abdomen), and it is situated in the region between the stomach and the intestines as Pachakagni, which is also incarcerated in the secre-tions of the liver (bile).",Sushruta Samhitha,1,128
"Where is the colouring matter of the Ijilc derived from and closely related to, according to Kirk's Physiology?","The colouring matter of the Ijilc is derived from and is closely related to that of blood, since the qualities of the bile pigment secreted are markedly increased by the injection of substances into the veins which are capable of setting free haemoglobin Kirk's PhysiologyÃ¢ÂÂ(Metabolism in the liver.) Ch. XII. p. 505.",Sushruta Samhitha,1,132
"What is the fifth entity in my skin, doctor?",The fifth is the Bhrajakagni or the Pittam in the skin,Sushruta Samhitha,1,133
What is Pittam and what role does it play in the human body according to the classical text?,"Pittam is a bodily principle that produces perspiration or hefps exudations from the skin by evaporation. In short, it keeps active, under certain circumstances, the secretions from the sweat and sebaceous glands of the human skin.",Sushruta Samhitha,1,134
"Are the Dhatvagnis (protoplasm) of the muscle and arteries the same, as per the Ayurvedic text?","No, according to the Ayurvedic text, the Dhatvagnis (protoplasm) of the muscle are not of the same kind as that of the arteries.",Sushruta Samhitha,1,144
"What does the text explain about Vayu, Pittam and Kaphah in Ayurveda?","The text explains that Vayu, Pittam and Kaphah in Ayurveda are principles that sustain life and the organism. They can be transformed into the dynamics of disease, and their grosser products fall within the sphere of morbid anatomy. A real knowledge of these principles may provide a deeper insight into true biology or pathology.",Sushruta Samhitha,1,146
"Doctor, can you tell me about the human organism's common elements that are responsible for producing fat and sugar as important oxidizing materials?","human organism any such common element that produces either of these two important oxidising materials, viz. fat and sugar.",Sushruta Samhitha,1,153
Is glycogen found only in the liver?,"No, glycogen is found in other tissues and organs besides in the liver. Tissues of embryos and of young animals as well as newly formed pathological growths may be said to contain glycogen.",Sushruta Samhitha,1,155
"According to Sushruta, what are the forms in which medicines should be given, and when should the different drugs like roots and leaves be collected?","with their habits and habitats. Forms of medicine:ÂPowders, lambatives, decoctions as well as medicated oils, Ghritas, confection and wines are the forms in '-hich, according to Sushruta, medicines should be given. The different di ugs such as roots, leaves, etc. should be culled in the seasons proper to each.",Sushruta Samhitha,1,163
What was reclassified and how many different kinds were created for it?,Reclassified the soil into five different kinds for the purpose,Sushruta Samhitha,1,164
"What is the prognosis based on, according to Ayurveda?",Prognosis based on the perversion of the external appearances,Sushruta Samhitha,1,192
What are the eight different branches of Ayurveda as described by Dhanvantari in Sushruta Samhita?,"The eight different branches of Ayurveda as described by Dhanvantari in Sushruta Samhita are: The Salya-Tantram, the Salakya-Tantram, the Kaya-Chikitsa, the Bhuta-Vidy.i, the KauniHr-Bhrityci, the Agada-Tantram, the Rusa""ana-Tantram and the 'ajeekarana-Tantram.",Sushruta Samhitha,1,199
"Why are all medical acts such as surgical operations, administration of medicinal remedies, applications of alkaline substances, or cauterisation restricted only to the Piirusha (self-conscious individual) in Ayurveda?","The created world is composed of two distinct classes, such as the mobile and the immobile. These two classes are further sub-divided for the purposes of the science of medicine into the two orders, Agneya hot and Saumya (cool). Hence the world is composed of five material principles, though characterised by the twofold virtues, Agneya (hot) and Saumya (cool).",Sushruta Samhitha,1,205
"What is the receptacle of health and disease in contradistinction to the Self or Ego, and what categories do plants and animals belong to according to this text?","alone is the receptacle of health and disease in contradistinction to the Self or Ego. The vegetable world belongs to the latter category, while 'animals, possessed of locomotion, belong to the former.",Sushruta Samhitha,1,207
What are the four different types of diseases according to Ayurveda as per the provided sentence?,"The four different types of diseases according to Ayurveda are Traumatic or of extraneous origin (Agantuka), Bodily (Sharira), jNfenla] (Manasa) and Natural (Svabhavika).",Sushruta Samhitha,1,209
"What are the different categories of plants according to Ayurveda, as defined in the provided sentence?","are called the Vanaspatis such as, the Plaksha and the Oudumvura). Those that bear both fruits and flowers are called the 'rikshas. Shrubs and creepers that trail on the ground are called Virudhas, whereas those plants which die with the ripening of their fruits, are called Oshadhis proper such as cereals.",Sushruta Samhitha,1,213
"What are the four classes described in the text, and from where are various substances obtained for medicinal purposes and other uses?","The four classes are: the viviparous (man and other mammals), the oviparous (birds, snakes, reptiles), the sweat-begotten (ants, worms, etc.), and those born of decomposed vegetable matter. For medicinal purposes, substances like bark, leaves, flowers, fruits, roots, bulbs, expressed juice, milky or resinous secretions of plants are obtained from the vegetable world. Substances like oil, seeds, ashes or alkaline preparations are obtained from the same and diuts (oil-bearing plants). Animal substances like skin, nails, wool, blood, flesh, fat, marrow, bones are procured from the animal world. Metals and minerals such as gold, silver, gems, Manahshilai Realgar), pearls, clay, Kapalas (bones) should be included in the list of earthy substances.",Sushruta Samhitha,1,215
What is the meaning of 'the combination of its five material components' in the context of a human body?,"meaning the combination of its five material com- ponents, and all things resulting therefrom, such as the limbs and members of the body, as well as the skin, the flesh, the blood, the veins and the nerves, etc.",Sushruta Samhitha,1,217
What does the term 'Disease' mean according to the text?,The term Disease signifies all distempers incidental,Sushruta Samhitha,1,218
What are the requirements for a pupil to undergo formal initiation into the science of Medicine (Shishyopanayaniya-madhya'yam) according to the Susruta Samhita?,"The pupil should belong to one of the three twice-born castes such as, the Brahmana, the Kshatriya, and the Vaishya. He should be of tender years, born of a good family, possessed of, a desire to learn_, strength^ energy of action, contentment, character, self-control, a good retentive memory, intellect, courage, purity of mind and body, and a simple and clear comprehension, commanding a clear insight into the things studied. He should also be further graced with the necessary qualifications of thin lips, thin teeth and thin tongue, possessed of a straight nose, large, honest, intelligent eyes, with a benign contour of the mouth, and a contented frame of mind, being pleasant in his speech and dealings, and usually painstaking in his efforts. Aman possessed of contrary attributes should not be admitted into the sacred precincts of medicine.",Sushruta Samhitha,1,221
"Can a Shudra student of good character and noble lineage be initiated into the mysteries of Ayurveda without reciting certain Mantras, if my caste is not Vaishya but my preceptor is?",A Shudra student of good character T.nd parentage may be initiated into the mysteries of the A5'urveda by omitting the Mantras enjoined to be recited on such an occasion.,Sushruta Samhitha,1,225
"What does Ayurveda involve according to the Sushruta Samhita, Chapter III?","Ayurveda involves classification and order of the study of Ayurveda, general interpretations and explanations of subjects studied, preliminary preparations for surgical operations, seasons and their influence on health and drugs, surgical appliances, descriptions of surgical instruments, practical instructions for surgical operations, duties of medical men preliminary to their commencing practice, pharmacy of alkalies (potential cauteries), cauteries and the rules to be observed in their use, leeches how and which to use, blood, study of development and non-development of the humorous constituents of the body and excrements, the ceremony of piercing the lobules of the ears, distinguishing between suppurating and non-suppurating swellings, dressings and bandages of ulcers, management of patients with ulcers, salutary and non-salutary effects of regimen, decisive modes in the treatment of sores, opening of abscesses, general rules to be observed in the treatment of curable and incurable surgical diseases, nature of diseases in general, ways of using surgical instruments, exploration of splinters lost in the body, extraction of splinters, favourable and unfavourable terminations in surgical diseases, prognosis from messengers, omens and dreams, per-version of sense perception, altered condition of features, perversion in the external appearances of the body, palliative treatment of incurable diseases, precautions to be taken against dangers by a medical man for the safety of a king whose army is on the march, clinical observations made by physicians, miscellaneous subjects connected with the treatment of injuries and surgical diseases, examination of the soil for the selection of vegetable products growing on it to be used as medicines, classification of drugs according to their therapeutical uses, two classes of drugs which cleanse the system [by evacuating bad humours] and drugs which pacify the irritated humours, properties of drugs specially considered, flavors, choice of emetics, choice of purgatives, liquids, food and drink. From their investigation of the pathological causes and symptoms of diseases, they are called Nidananij (etiology) and are sixteen in number. Chapter i of Sushruta Samhita also discusses causes and symptoms of diseases caused by wind, including hemorrhoids, urinary calculi, fistulas, skin diseases, urethral discharges, abdominal tumors and dropsy, abortion and unnatural labors, abscesses, erysipelas and carbuncles, tumors, scrotal tumors, fractures and dislocations, diseases of the male organ of generation caused by Shuka, minor and miscellaneous diseases, and diseases of the mouth.",Sushruta Samhitha,1,233
"What are the four divisions of Ayurveda that have been included in the last division (Chikitsa), as per the great sages'?","The four divisions of Ayurveda that have been included in the last division (Chikitsa) are Shalakyam (treatment of diseases of parts situated above the clavicles), 2 Kaumarabhrit^'am (management of children), 3 Kayachikitsa (general diseases) and 4 Bliuta-Vidya.",Sushruta Samhitha,1,241
What are the three subheads that group the entire course of medical treatment in relation to a disease according to Agropaharaniyam-adhyaryam?,"The entire course of medical treatment in connection with a disease has grouped under three subheads, as the Preliminary measures (Purva-karma) ; the Principal therapeutical or surgical appliances (Pradhana-karma); and the After-measures (Paschat- karma).",Sushruta Samhitha,1,262
"Doctor, how many categories are surgical acts or operations divided into?",Surgical acts or operations are divided into eight catagories.,Sushruta Samhitha,1,263
"What are the steps to ensure a good outflow of accumulated pus as mentioned in The Susruta Samhita, Chapter V?","The steps include rubbing the margins of the wound with fingers to have a level surface and uniform structure throughout. Then, washing the wound with an astringent decoction (of Nimba, Triphala, etc.), wiping it dry with clean linen. After that, a lint plug 'Varti' plastered over with Kalka of sesamum, honey and clarified butter, soaked in disinfectant, should be inserted deep into the cavity of the wound. A poultice made of official substances should be applied over it and the whole should be bound up with thick layers of tow (such as the leaves and bark of the Indian figtree etc.) which are neither too irritant nor too cooling in their effect. Finally, scraps of clean linen should be wound round them. Subsequently, the limb or affected part should be fumigated with pain-killing substances and drugs which are supposed to ward off all malignant spirits. The fumigating corpound should be collected, and rubbed over the region of the heart and other vital parts of the patient. The floor of the chamber should be washed and sprinkled over with drops of water kept in a new pitcher for the purpose.",Sushruta Samhitha,1,272
What is the description given for the time units in Ayurveda?,"Akshi-Nimesha. Fifteen Akshi-Nimeshas make one Kashtha. Thirty Kashthas make one Muhurta. Thirty Muhurtas make one day and night. Fifteen days and nights make one fort- night. A fortnight is either dark or bright. Two fort- nights make one month. The twelve months such as, Magha, etc. are divided into six seasons such as. Winter, Spring, Summer, Rains, Autumn and Hemanta, each consisting of two months.",Sushruta Samhitha,1,286
What are the names of the two months being referred to?,The two months known as Tapas and Tapasva,Sushruta Samhitha,1,287
'What seasons does Ayurveda consider as winter?',Magha and Phalgunai constitute the season of winter.,Sushruta Samhitha,1,288
What is Sanihit^?,Sanihit^ which treats of the characteristic features of the seasons and their influence on health and drugs.,Sushruta Samhitha,1,306
"Doctor, how many surgical instruments are there according to the text?",One hundred and one surgical instruments,Sushruta Samhitha,1,310
What are the Nadi Yantras and what are they used for in relation to my external channels or passages of the body?,"The Nadi Yantras tubular instruments like syringe, enemas, etc, with a passage or aperture running through their entire .length^ are constructed in a variet}' of shapes and for various purposes. Some of them are open at one end, while others are open at both. These instruments are used for the purpose of extracting any shalyam that has pricked into the external canals or passages of the body, or for inspecting the seat of affection as in piles, etc., or for sucking (blood, etc. from any affected part, or simply as accessories to other surgical appliances. The length and circumference of a Nadi Yantra should be made to commensurate with those of the passage 'Srota'i or outlet of the human system into which it is intended to be introduced.",Sushruta Samhitha,1,321
What are the Shalaka-Yantras bougies used for and what do they look like according to the Susruta Samhita?,"The Shalaka-Yantras bougies are used for various purposes such as fistula in ano, piles, etc., tumours and ulcers, Mutradvriddhi (Hydrocele), Niruddha Prakasha (Phimosis), Niruddha Guda 'Stricture of the rectum', ascites, injecting anything into the urethra, bowels, vagina and uterus, medicated inhalation, Alavu Yantras (gourd used for cupping), withdrawing foreign matter from any outer canal of the body, cleansing pus from an affected part, applying alkaline medicines, and cauterisation (Agni-Karma). Their shapes and sizes vary according to necessity. The mouths of some resemble Gandupada earthworm, Sharapunkha Tephrosia Purpurea, serpent's hood, fish hook, lentil seed, Jamboline fruit, half of the kernel found in the inside of a Jujube-stpne, ladles, and small stone mortars (Khala). Some are bent down a little and have loose cotton on their top-ends.",Sushruta Samhitha,1,323
Which substances are used to temper specific surgical instruments according to Ayurveda classical texts as mentioned in The Susruta Samhita?,"Instruments used in cutting an arrow, a bone, or any foreign matter (Shalyami pricked into the human body) should be tempered with alkali. Those that are made use of in cutting, cleaving, and lopping off the flesh from an affected part should be tempered with water. Instruments used in opening Vyadhanam) a vein (Shira) or in cutting open a nerve .Sna)^!: should be tempered with oil, and should be whetted upon a species of stone-slab resembling a Masha pulse in colour.",Sushruta Samhitha,1,338
What is the procedure for preparing a potent alkali with three different potencies according to the Sushruta Samhita?,"A physician wishing to prepare such an alkali, should first purify his body and mind, and observe a day in autumn marked by auspicious astral combinations. Then he should ascend the brow of a hill, select a full grown Ashita-mushka (Ghanta paruli tree of middle age, and growing on soil recommended in the works on pharmacy and not anywise affected), invoke its spirit, fell it, perform the Homa ceremony with thousands of white and red flowers, burn the wood to ashes, dissolve the ashes in six Drona measures of pure water or cow's urine, filter twenty-one times, boil the filtered alkaline water, take out a Kudava measure and a half (12 Palas) of the saturated or alkaline water, burn substances like Kata-Sharkara, ashes of burnt limestone, Kshirapakas (fresh water oysters), and Sankhanabhi red hot, and immerse them in the set aside alkaline water.",Sushruta Samhitha,1,362
"What type of substance, having a fiery virtue and heat-making potency, does not augment the effects of an alkali but instead subdues them?","substances of all tastes enter into the composition of an alkali except the acid one. The pungent (Katu: taste is the principal taste of an alkali, while the saline :Lavana forms its minor or accessory flavour LAnurasa). Xow this saline taste in conjunc- tion with the acid one renounces its extremely sharp or irritating property and is thus transformed into one of sweetness or of soothing virtue. Hence it is that an acid taste tends to alla)^ the burning incidental to an application of alkali (potential caustic) in the same way as water tends to put out fire.",Sushruta Samhitha,1,370
"If I am experiencing oedema of the limbs, bone-ache, a disease affecting my joints or heart, or have lost appetite and taste for food despite other indications, what should I be aware of regarding Alkali?","An Alkali administered by an ignorant physician is to be dreaded more than poison, fire, blows with a weapon, thunder-bolts, or death itself ; while in the hand of an intelligent physician it is potent enough to speedily subdue all serious diseases in which its use is indicated.",Sushruta Samhitha,1,376
"What are the four distinct types of burns described in the text, their characteristics, and recommended treatments?","The four distinct types of burns are: 
1. Plushtam: characterised by discolouring of its seat and extreme burning with the absence of any vesicle or blister.
2. Dur-Dagdham (bad burn or scald): characterized by the eruption of large vesicles or blisters, red colour, excessive burning, a kind of drawing pain, suppuration, and a long healing time.
3. Samyag-Dagdham (fully burnt one): not deep and assumes the colour of a ripe Tala fruit, does not present a raised or elevated aspect, and develops the preceding symptoms.
4. Ati-Dagdham (over burnt one): in which the flesh hangs down, veins, nerves, and bones are destroyed, accompanied by fever, burning, thirst, fainting, permanent disfiguration of the body, retarding healing of the incidental ulcer which leaves a discoloured cicatrix even after healing.
For Plushtam type burns: hot and dry fomentations, warm plasters, and a course of hot food and drink are recommended.
For Dur-Dagdham, Samyag-Dagdham, and Ati-Dagdham types: the measures already laid down before should be applied to heal these burns.",Sushruta Samhitha,1,388
What treatment should be adopted for someone overpowered with smoke according to The Susruta Samhita (Chap. XII)?,"Emetics in the shape of clarified butter mixed with sugarcane juice or milk saturated with the juice of grapes, or lumps of sugar-candy dissolved in an adequate quantity of water, or any acid potion slightly sweetened, should be administered. The contents of the stomach are speedily discharged by vomiting; the distension of the abdomen is removed ; the smell of smoke in the breath is mitigated, and the accompanying fever with (its concomitants) of sneezing, languor, thirst, cough, laboured breathing etc. is abated, and the patient is restored to consciousness. Gargles having a sweet, saline, acid or pungent (katu) taste restore the sense-perception of the patient, and gladden his mind. Medicated snuffs in adequate quantities should be administered by a well-read physician to such a patient, whereby his head, eyes and neck would be able to resume their normal functions. And a course of diet, which is light, emollient and not acid in its reaction, should be prescribed.",Sushruta Samhitha,1,392
What does the term 'Gochandana' refer to according to Susruta Samhita?,Leeches which are provided with narrow mouths and are marked by bifurcating line at the bottom like the scrotal sac of a bull.,Sushruta Samhitha,1,402
"What are the processes used to manage bleeding, according to Ayurveda?","bleeding are known ; as the Sandhanam (process by contracting the affected part), the Skandanam (thickening or congealing the local blood), the Pachanam (process of setting up suppuration in the wound) and the Dahanam (process of cauterisation).",Sushruta Samhitha,1,436
"If I experience symptoms such as fever, burning pain, swelling, numbness of tendons forming the nape of the neck, tetanus, headache or ear-ache after getting my lobes pierced, could it be due to the needle passing through a place other than the natural (and closed up) fissure described above?","Yes, symptoms such as fever, burning pain, swelling, numbness of tendons forming the nape of the neck, tetanus, headache or ear-ache may be due to the needle passing through a place other than the natural (and closed up) fissure described above.",Sushruta Samhitha,1,500
"What are the fifteen different kinds of procedures mentioned in Ayurveda's Sushruta Samhita for dealing with issues related to the ears, and what are the conditions under which each should be applied?","divided into fifteen different kinds, viz., the Nemi- sandhdnaka, the Utpala-Bhedyaka the Valluraka, the Asangima, the Ganda-karna, the Aharyaya, the Nirve- dhima, the Vyayojima, the Kapata-sandhika, theArdha- kap^ta-sandhika, the Samkshipta, the Hina-karna, the Vallikarna, the Yasthi-karna, and the Kakaushthaka. 144'^^^ SUSHRUTA SAMHITA. [Chap. XVI. Out of these, the process, known as the Nemi- sandhanaka, should be used in cases where each of the bifurcated lobes of the ears would be found to be thick, extended, and equal in size. The process, known as the Utpala-Bhedyaka, should be used in cases where the severed lobes of the ears would be found to be round, extended, and equal in dimensions. The process, Valluraka should be resorted to in cases where the severed lobes of the ears would be found to be short, circular and equal in size. The process, known as the Asangima, should be adopted in cases where the anterior surface of one of these severed appendages would have a more elongated shape than the other. The process, known as the Ganda-Karna, consists in slicing off a patch of healthy flesh from one of the regions of the cheeks and in adhering it to one of the severed lobes of the ears which is more elongated on its anterior side than the other (Plastic-operations). In the case of extremely short lobes, the flesh should be cutoff from both the cheeks and adhered to them, the process being known as the Aharyaya. The lobes of the ears which have been completely severed fromtheir roots are called Pithopamas. The process known as the",Sushruta Samhitha,1,502
"What is Kapata-Sandhika and Ardha-Kapata-Sandhika, as described in Sutrasthanam 145 of Ayurveda?","made use of in cases where one of the bifurcated 1 Chap. XVI. ] SUTRASTHANAM. 145 lobes of the ear should be found to be dissimilar to the other as regards its. thickness or thinness. The process known as Kapata-Sandhika consists in bring- about an adhesion, on the posterior side, between one of the bifurcated lobes and another, which is elongated on the anterior side of the ear. The adhesion is so called from the fact of its resembling the closing of the two leaves of a door 'Kapatam). The process knoWn as the Ardha-Kapata-Sandhika consists in bring- about an adhesion on the anterior side between the shorter one of the two parts of a bifurcated ear- lobe with the part, elongated on the posterior side, like a half-closed door.",Sushruta Samhitha,1,506
"Can you explain the processes Samkhiptam, Hina-karna, and Vallikarna mentioned in Ayurveda's Susruta Samhita, Chapter XVI, as they are indicated for specific ear conditions?","successfully brought about and their shapes can be easily pictured from the meanings of their respective names. The remaining five sorts such as the Samkhiptam etc., are seldom attended with success and hence are called impracticable (Asadhayas'. The process Samkhiptam has its scope in the case where the auricle (^Shashkuli) has been withered up and one of the bifurcated lobes is raised, the other being reduced and shortened. The process of Hina-karna should be adopted in cases where the supporting rim of the lobe (pinna) has been entirely swept awayandits exterior sides and the cheeks are sunk and devoid of flesh. Similarly the adhesive 19 146 THE SUSHRUTA SAMHITA. [ Chap. XVI. process known as the Vallikarna is indicated in cases where the lobes are short, thin and unequal.",Sushruta Samhitha,1,508
What are the instructions for a procedure known as Kakusthakapaii in Ayurveda?,"The instructions for Kakusthakapaii in Ayurveda are: The exact middle point of the external ear should be pierced (with a knife) and the severed parts should be pulled down and elongated in the case where both the parts of a bifurcated ear-lobe would be found to have been entirely lost or eaten away. Only the remaining one of the two bifurcated parts of an ear-lobe would be pierced, cut in two and adhesioned on the top, Chap. XVI. ] SUTRASTHA'NAM. 147 in the case where the other part would be found to be gone.",Sushruta Samhitha,1,510
Can I attempt to treat an incidental ulcer?,The incidental ulcer should not be tried to be treated.,Sushruta Samhitha,1,511
"If my ulcer is still not fully healed, what symptoms should I expect and how can I proceed with the treatment?","healed up as long as the local blood (blood in the ulcer) is not fully purified; or so long as there is haemorrhage from the seat of the affection or the local blood continues feeble. An ulcer, adhesion- ed with the least of the Vayu-vitiated blood continuing in its inside, will spontaneously burst or break open afresh. It will be again attended with pain, -burning, redness and suppuration in the event of its being closed with a little quantity of Pitta-deranged blood incarcerated in its inside. Adhesioned even with a little quantity of Kapha fouled blood in its cavity an ulcer is marked by itching and numbness. An ulcer adhesioned with the continuance of an active haemor- rhage from its inside is marked by a brown or blackish yellow swelling. An ulcer, adhesioned at a time when the local blood, though otherwise good or pure, has been thinned or weakened through excessive bleeding, is followed by a corresponding emaciation (thinness) of the adhesioned part. The lobule of the ear thus adhesioned should be gradually pulled down and elongated after the complete healing of the local ulcer and the subsidence of its concomitant symptoms, and after the cicatrix has assumed the colour of the skin of the surrounding part. Otherwise the adhesioned part may be characterised by pain, swelling, infla- mmation, burning and suppuration, or the adhesion may again fall off.",Sushruta Samhitha,1,512
"What are the symptoms each of UtpStaka, Utputuka, Shyava, Bhrisam-kanduj^ta, Avamantha, Sakanduka, Akundaka, Granthika, J5m- vala, SrAvi and Dihavdna develop in succession and what is the recommended medicinal treatment for each of them?","They are known as UtpStaka, Utputuka, Shyava, Bhrisam-kanduj^ta, Avamantha, Sakanduka, Akundaka, Granthika, J5m- vala, SrAvi and Dihavdna. Now hear me discourse on the nature of medicinal treatment to be adopted in each of them.

Remedies: âA plaster composed of the drugs known as ApamÂ£rga, Sarjarasa, Patala bark and Lakucha bark pasted togather, or a medicated oil prepared and boiled with the preceding substances should be applied in a case of the Utpataka type, wherea' a case of the Utputuka type would prove amenable to a medicinal plaster consisting of Shamp&ka, Shigru, Putika, the fat and marrow of a GodhS and the milk and bile of a she-deer, she-buffalo or sow, pasted togather ; ^r to a medicated unguent com- posed of the abovesaid substanees duly Lioiled with oil. Similarly, a medi- cinal plaster composed of the drugs known as Gauri, Sugandhd, ShydmS, Anantd, Tanduliyakam, or an oil prepared and boiled with the extract of the preceding drugs, would prove beneficial in a case of the Shyiva type of the desease. In a case of the Vrisham-Sakundakam type, the affected part should be rubbed or lubricated with an unguent or medicated oil prepared with the boiled extract of PathA, Rasanjanam, Kshoudram, and warm Kdnjik5m. or a plaster composed of the same drugs and substances should be applied over the diseased locality. In a case of ulceration, the ulcerated ear-lobe should be rubbed with the oil prepared and boiled with the drugs known as Madhukam and Kshira- kSkoli, or with those which form the group known as the Jivakddi-Varga ; while in a case where Vringhanam measures are to be adopted, lard pre- pared from the fat of a Godhd, boar, or snake might be used with advantage. In the Avamanthaka type the diseased ear-lobe should be washed and covered with a plaster composed of the drugs known as Prapaundarikam, Madhukam, Samanga and Dhavam, or rubbed with oil prepared and boiled with the same drugs. Similarly, a case of Kandu-Juta (accompanied with itching) would yield to a plaster composed of the drugs known as SahadevA, Vishvadevd, and Saindhava salt pasted with goat's milk, or to the medicated oil boiled and prepared with the same drugs and substances. Chap. XVI.] SUTRASTHANAM. 1 1;",Sushruta Samhitha,1,516
What are the treatments for adhesion of nose or lips according to The Sixteenth Chapter of the Sutra-Sthana in the Sushruta Samhita?,"the severed parts has been fully effected and then insert two small pipes into the nostrils to facilitate respiration, and to prevent the adhesioned flesh from hanging down. After that, the adhesioned part should be dusted with the powders of Pattanga, Yashti- madhukam and Rasanjana pulverised together; and In a case of the Granthika type (accompanied by the formation of knotty growths in its inside) the knotty growths or glandular formations should be first removed, and che affected locality should be bled with a surgical instrument and dusted with powdered Saindhava salt. Likewise, in a case of J^mvala type, blood-letting should be resorted to by scarifying the seat of the disease, which should be then washed with a spray of milk. The ulcer =^ ild be healed after the perfect purification of its internal morbid c^ Of ts. A case of the Srivi (secreting) type would readily vield to a inal plaster composed of the drugs known as Madhuparni, snd Mad' ..alil, or of Madhukam pasted with honey, or to the medicinal oil Uprepared and boiled with the same drugs and substances. A case of the Jahyam^na (burning) tj'pe should be treated with a plaster composed of the drugs known as the five Kalkas and Madhukam pasted together and nixed with clarified butter, or with a pasted compound of the drugs which form the group of the Jivakadi Varga with a quantity of clarified butter added to it. The nose should be enveloped in Karp^sa cotton and several times sprinkled over with the refined oil of pure sesamum. Clarified butter should be given to the patient for drink, and he should be anointed with oil and treated with purgatives after the complete digestion of the meals he has taken, as advised (in the books of medicine). Adhesion should be deemed complete after the incidental ulcer had been perfectly healed up, while the nose should be again scarified and bandaged in the case of a semi or partial adhesion. The adhesioned nose should be tried to be elongated where it would fall short of its natural and previous length, or it should be surgically restored to its natural size in the case of the abnormal growth of its newly formed flesh. The mode of bringing about the adhesion of severed lips is identical with what has been described in connection with a severed nose with the exception of the insertion of pipes. The physician, who is well conversant with these matters, can be alone entrusted with the medical treatment of a King. Thus ends the sixteenth chapter of the Sutra-Sthina n in the Sushruta SamhitS which treats of the Piercing and Bandaging of t .-lobes.",Sushruta Samhitha,1,518
"What is the mode of distinguishing between suppurating and non-suppurating swellings, and what is the definition of a Shotha (swelling) as described?","The mode of distinguishing between suppurating and non-suppurating swellings is Ama-pakkaishaniya- madhyayam. Diseases such as, Granthi (Aneurism), Vidradhi, (abscess) and Alaji (inflammation of the edge of the cornea) etc. are ushered in by a preliminary swelling which subsequently develops symptoms peculiar to each of them. These diseases differ in their symptoms and outward shape. A swelling which may appear at any part of the body, and is round, elevated, even, or uneven in its (surface) is called a Shotha (swelling).",Sushruta Samhitha,1,522
"What are the respective actions of the humours in a welling, according to the Susruta Samhita?","A swelling due to the action of the deranged a reddish or blackish hue and is shifting 1 its ciiifactor. It feels rough and soft to the touch, 1^6 THE SUSHRUTA SAMHITA'. [ Chap. XVII. and is marked by a sort of aching pain (peculiar to the deranged Vayu) which vanishes at intervals. A swelling, due to the action of the deranged Pittam, assumes a yellowish hue. It is soft and fluctuates under pressure, and is marl^ed by an accu- mulation of blood in its body. It swiftly shifts from one part of the body to another, accompanied by a burning, sucking pain. A swelling, brought ^bout through the deranged condition of the Kapham, assumes a grey or whitish colour. The skin becomes glossy and cold, and the swelling very slowl)'- changes its original site, if it shifts at all, accompanied b}- pain and itching.",Sushruta Samhitha,1,526
"What are the symptoms that respectively mark an unsuppurated, suppurating or supurated swelling according to Sutrastanam Chapter XVII.157?","The unsuppurated or immature stage continues as long as the skin of the swelling retains its natural hue, marked by a little pain and heat in its inside, and coldness, hardness and a slight elevation of its surface. The symptoms which mark a swelling due to the action of the vitiated blood are identical with those which are exhibited in a swelling of the Pittaja type with the exception of the blackness of the part (and an increase of heat). A swelling due to an external blow traumatic) manifests symptoms peculiar to'the Pittaja and blood-origined types. A swelling, which does not yield to internal and external remedies on account of an excessive accumulation of the deranged local humours, or through insufficient or contrary effects of the remedial ame shows sign of suppuration.",Sushruta Samhitha,1,528
"Doctor, could you please explain the description of the pricking pain and the accompanying symptoms as mentioned in Ayurveda texts?","pricking pain in the affected locality. The swelhng seems as if it is being pricked with needles, or bitten or wandered over by a host of ants, or cut with a knife, or pierced with a spear, or thrashed with a club, or pressed with the hand, or scraped round with fingers, or burnt with a fire or an alkali. The patient complains of a sort of sucking, burning pain in the swelling of a fixed or shifting character. The patient, as if stung by a scorpion, does not find comfort in any place or position. The hue of the local skin is changed and the swelling goes on increasing like an inflated leather bag; and fever, thirst, a burning sensation and aversion to food etc. gradually supervene.",Sushruta Samhitha,1,530
"What are the consequences when a swelling is incised or opened during its inflammatory or unsuppurated stage, and what happens if it's left unopened for a long time?","The incision or opening of a swelling in its inflam- matory or unsuppurated (lit. immature, unripe) stage is attended with the destruction of the local flesh, liga- ment, bone, vein, or joint, and is usually followed by excessive haemorrhage. The incidental wound becomes extremely painful. Many distressing symptoms begin to manifest themselves in succession and cavities are formed inside the wound which may lapse into a case of Kshata-Vidradhi (a type of ulcerated abscess). On the other hand, a fully suppurated swelling, left unopened for a long time out of fear or ignorance by the attending physician, is attended with symptoms whichare fraught with dreadful consequences. The accumulated pus, unable to find an outlet, is infiltrated and attacks the deeper tissues of the affected part, and forms large cavities or sinuses in their inside, thus converting the disease into one of a difficult or incurable type.",Sushruta Samhitha,1,534
What is referred to as the method for applying dressings and bandages on ulcers?,Vranarlepana- Vandha-Vidhi-madhyayam.,Sushruta Samhitha,1,536
What is Alepana and what purpose does it serve?,"Alepana is a medicinal plaster that is used to treat ulcerous diseases. It is marked by the absence of suppuration, inasmuch as it subdues the characteristic symptoms of each of the deranged bodily humours (y/2). These symptoms include the burning sensation (peculiar to the deranged Pittam), itching (incidental to the deranged state of Kapham) and the aching pain (which marks the disorder of the bodily Vayu). Its action lies principally in cleansing the skin, the flesh and the blood of all morbiferous diatheses, in removing the burning sensation, and in alleviating the piercing pain and itching. A physician (surgeon) should use an Alepana in ulcerous diseases appearing about the anus, or about any other vital part; Marnias) of the body, with a view to bring about the purification of the local deranged humours. In diseases caused by a deranged condition of the Vayu, Pittam or Kapham, medicinal plasters should be respectively mixed with a quantity of clarified butter, measuring a sixth, quarter, and an eighth part of their respective quantities.",Sushruta Samhitha,1,552
"What are the ways of Gadha, Sama, and Shithila fastenings according to the shape and seat of an ulcer?","A tight bandage (Gadha-Vandha) should be tied round the buttocks, round the sides, round the arm-pits, round the inguinal regions, round the breast or round the head. A bandage of the Sama pattern should be fastened round the ears, round the extremities (hands * Additional text: âA bandage, tightly tied round an ulcerated or affected part of the body without causing any pain or discomfort to the patient, is called a GAdha-Vandha, while the one which is loosely bound is called Shithila, the one neither too tight nor too loose being called a Sama- V'andha. 22 170 THE SUSHRUTA SAMHITA. [Chap. XVIII, and legs), round the face, round the throat, round the lips, round the penis, round the scrotum, round the back, round the belly and the chest. A loose bandaging (Shithila-Vandha) should be the rule in the region of the eyes and locations of important joints or unions. An ulcer, brought about or characterised by the symptoms of the deranged Pittam and occurring at a place where a tight bandaging is indicated, should be fastened with one of the Sama-Vandha class, and with a Shithila bandage where one of the Sama type would be indicated ; whereas it should not be bandaged at all in the event of a loose bandage (Shithila-Vandha) being indicated. The same rule should be observed in the case of an ulcer caused through a diseased or contaminated state of the blood. Similarl', in the case of an ulcer produced through a deranged condition of the Kapham, a loose bandaging, otherwise enjoined to be adopted, should be substituted for one of the same pattern.",Sushruta Samhitha,1,554
What happens when a loose bandage is used in a case where a tight or moderately firm bandage should have been used?,"A loose bandage, injudiciously used in a case where a tight or a moderately firm bandage should have been used, would cause the medicine to fall off from the lint and give rise to the consequent friction and laceration of the edges of the ulcer. Similarly, a moderately firm and steady bandage (Sama-Vandha; fastened in a case where a light or loose bandage should have been used, would fail to produce any effect.",Sushruta Samhitha,1,558
Is it important for the pus or local morbid matter to be secreted?,The pus or the local morbid matter should be secreted,Sushruta Samhitha,1,561
"How should I tie up the bandages on my ulcer, and what movement should I perform while doing so?","by pressing the base or the bottom of an ulcer and b}- gently moving the hand along it in a contrary' direction (down, upward; and all bandages around joints and Gudasandhis) should be duly tied up.",Sushruta Samhitha,1,562
"If I have a fractured or dislocated bone, can the measures discussed for dressing and bandaging ulcers be extended to help me?","The measures amply discussed in the present Chapter should be extended by means of inference, analogy and judgment to apply mutatis mutandis to the bandaging of a fractured or dislocated bone.",Sushruta Samhitha,1,564
What is Hita'hitiya-madhyayam according to certain eminent medical authorities and what are the examples of articles or substances which may prove beneficial and injurious to human health?,"Hita'hitiya-madhyayam refers to the salutary and non-salutary effects of regimen, etc. According to certain eminent medical authorities, an article or a substance which is beneficial in derange- ments of the bodily Vayu may prove positively injuri- ous in a Pittaja affection. Things or articles such as, clarified-butter, water, milk and boiled-rice, etc. may be denominated as absolutely beneficial owing to their congeniality to, or natural suitableness to the human organism. Similarly, substances such as fire, alkali and poison, may be designated as unconditionally harmful in virtue 184 THE SUSHRUTA SAMHITA. [Chap. XX. of their burning, suppurating lit : boiling) and fatal effect upon the organic bodies in general. A substance, which is innocuous by nature, may prove equally injuri- ous as any active poison through an injudicious or incompatible combination ; whereas a substance or an article, which proves beneficial in a derangement of the Vayu, ma}^ prove otherwise in a disorder of the Pittam. The Valli fruit, the Karaka, the Karira, the Amla-phala, the salt, the Kulattha, the Pinyaka, curd, oil, Virohi, cakes,the dried pot-herbs, goat's flesh, mutton, wine, the Jamboline fruit, the Chilichima fish, the flesh of the Godha, and the Varaha (wild boar) being eaten simultaneousl)^ with milk, furnish an example of articles which may act as deadly poisons through incompatible combinations.",Sushruta Samhitha,1,576
"If I am healthy, would a physician naturally prescribe me milk instead of poison, and if so, does it prove that things like water, etc., are also inherently wholesome or harmful based on their natural properties?","healthy person, a physician would naturally prescribe the former, and thereby, prove the absolute wholesomen- ness of milk and unconditional harmfulness of poison. Thus is verified, Sushruta, the correctness of the dic- tum, that things such as water, etc., are absolutely and unconditionally wholesome or otherwise, by virtue of their respective natural properties.",Sushruta Samhitha,1,578
"Are there any substances that are incompatible with each other based on their respective flavors (Rasa), digestive transformation, potencies, and reactionary transformations according to Ayurveda?","Yes, for example saline and bitter things or saline and astringent things are incompatible to each other in respect of all the three abovesaid relations and cate- gories. Pungent and bitter tastes are incompatible to each other in respect of flavour and digestive transformation, whereas substances of pungent and astringent or bitter and astringent tastes are in- compatible to one another as regards their re- spective potencies, flavours and digestive chemical) action or transformation. Substances that are incompatible with, or antagonistic to, the system through a difference of degree or intensity, as well as things which bring about an extreme dryness of the organism, or those which are extremely oily in their composition or are characterised by extreme cold or warmth, should be categorically rejected. Authoritative verses on the sub- ject :âThings or substances which are incompatible to one another in their respective tastes, potencies and reactionary transformation should be denied as abso- lutely unwholesome, while the rest should be consi- dered as possessed of mixed virtues ^wholesome or 1 Chap. XX. ] SUTRASTHA'NAM. 191 injurious under certain circumstances' as described before.",Sushruta Samhitha,1,582
What are the primary sources of bodily disorders according to this text?,"Anything, which being taken enrages or agitates the bodily humours without causing the assimilated food ( effete matter) to be evacuated out of the bowels, or is possessed of a taste contrary to, or other than what is necessary for the purposes of vitalization.",Sushruta Samhitha,1,584
"Where are the five localities of Vayu, Pittam, and Kapham according to Ayurveda?","The five localities of the Vayu will be described under the head of Vata-Vyadhis (nervous diseases). Those of Pittam are the liver and the spleen, the heart, the pupils of the eyes, the skin and the intestines (Pakvashaya). The Kapham is located in the region of the breast, the throat, the head, the joints and the stomach (Amashaya).",Sushruta Samhitha,1,588
Could you explain the symptoms that may manifest due to the accumulation and aggravation of humors?,"as the symptoms, peculiar to their accumulation, would become manifest. Humoursand their aggravations :-",Sushruta Samhitha,1,592
What are the different types and stages of diseases originated by deranged and expanded humours in Ayurveda according to Susruta Samhita?,"The different types of expansion numbering fifteen, caused by the aggravation and expansion of the bodily humours: (1) expansion of Vayu alone, (2) expansion of Pittam alone, (3) expansion of Kapham alone, (4) expansion of Vayu, Pittam and blood, (5) expansion of Vayu, Kapham and blood, (6) expansion of Pittam, Kapham and blood, (7) expansion of Vayu, Pittam and Kapham, (8) expansion of Pittam, Kapham and blood, (9) Gulma (abdominal glands), tumours, internal abscesses (Vidradhi), abdominal dropsy, impaired digestion in the bowels, constipation (Anaha'), cholera fVisu- chikai and dysentery, lodged in the bladder, (10) Prameha (morbid urethral discharges), Ashman (stone in the bladder), Mutrakrichchhra (stricture of the urethra) and Mutraghata 'retention of urine', diseases affecting the renal secretion, etc. Restricted to the penis they tend to bring in syphilis, Xirudha-prakasha (phymosis and local inflammatory diseases known as Shuka-dosha), similarly lodged in the region of the anus, these deranged and expanded humours beget fistula in ano, hemorrhoids and polypus growths about that locality. Confined in the region of the scrotum, they give rise to hydrocele and other types of scrotal tumours, etc. Restricted to the region above the clavicles, these humours originate diseases peculiar to that locality, while erysipelas, cutaneous affections (Kushtha) and other minor diseases supervene, when they restrict themselves to the flesh and skin (lymph-chyle) and blood. Affecting only the fat, these humours tend to originate Granthi (Aneurism), Apachi (scrofula), Arvuda (tumour), Galaganda (goitre) and Alaji (inflammation of the eye at the edge of the cornea). Lodged in the lower extremities, they bring on elephantisis, Vata-Rakta (a kind of leprosy), Vata-Kantaka etc. Permeating the whole organism, they give rise to such diseases as fever, SarAangaroga etc., which invade the entire system. The manifestation of these premonitory symptoms should be considered as the fourth occasion for medical treatment.",Sushruta Samhitha,1,598
"Can you explain to me more about Samhili, as it is related to the investigation of the nature of the humours?",Samhili which treats of investigation into the nature ol the humours giving,Sushruta Samhitha,1,601
"Doctor, if I'm a young patient with an ulcer, how quickly can it be healed according to Ayurveda?",An ulcer in a young patient is speedily healed,Sushruta Samhitha,1,609
What are the types of diseases considered incurable according to the Susruta Samhita?,"Incurable diseases: An ulcer cropping up like a fleshy tumour, painful and containing pus in its inside, characterised by copious secretion with edges raised like those of the genital of a mare. A condylomatous or papillomatous ulcer which is soft and raised like the horn of a cow, or moderately raised or elevated at its base, secretes an exudation of vitiated blood or thin slimy secretion. An ulcer with an embossed or heaved up centre, and one dipped or fissured at its extremity. An ulcer covered over with shreds of ligaments, looking as if studded with loose shreds of hemp. An ulcer due to the deranged condition of any of the fundamental humours, secreting an exudation composed of coagulated blood, fat, marrow and brain-matter. An ulcer located within the cavity of the abdomen, assuming either a black or yellowish colour, exuding a secretion composed of urine, pus, blood and fecal matter. An ulcer which simultaneously secretes pus and blood through both channels. An ulcer situated either on the head or in the throat, narrow-mouthed and traversed by a network of capillaries, studded with fleshy or papillomatous eruptions. An ulcer found to be charged with wind which produces a distinctly audible sound. An ulcer in an emaciated patient, attended with indigestion, cough, painful respiration and non-relish for food, as well as a case of fractured skull, attended with cough, dyspnoea, secretion of brain-matter, and symptoms peculiar to the concerted action of the three deranged humours of the body. A traumatic ulcer appearing at any part of the body other than a vital one (Marma), which invades its successive elements though without affecting any vein, bone, joint, etc.",Sushruta Samhitha,1,616
What are the symptoms of a cleansed (asepsised or healthy) ulcer as per Sushruta Samhita?,"An ulcer, which is unaffected by any of the three deranged bodily humours, and which assumes a dark brown hue along its edges, and is characterised by the absence of any pain, pustular eruptions or secretions, and which is of an even or of an equal elevation throughout its length, should be regarded as cleansed (asepsised or healthy), and divested of all morbid matter or principle (Shuddha-Vrana). Symptoms of Healing Ulcers:âAn ulcer, which is dove-coloured (yellowish dusky), and is not lardaceous at its base, and is further characterised by the absence of any muco-piirulent secretion along its margin, and which has become hard and surrounded b}' shreds of dead skin, and presents symptoms of healthy granulation, should be looked upon as in course of healing.",Sushruta Samhitha,1,618
What are the seven types of diseases according to the text and what are their causes?,"The seven types of diseases are Adi-vala-pravritta, Janma-vala-pravritta, Dosha-vala-pravritta, Sanghata-vala-pravritta, Kala-vala-pravritta, Daiva-vala-pravritta and Svabhava-vala-pravritta. Causes of these diseases include inherent defects in the semen or ovum (Adi-vala-pravritta), improper conduct by the mother during gestation (Janma-vala-pravritta), deranged bodily humours due to an improper diet or dynamical energies of the mind (Dosha-vala-pravritta), external blow or wrestling with an antagonist (Samghala-vala-Pravritta), variation of atmospheric heat or humidity with seasons (Kala-vala-pravritta), curses, divine wrath or spells (Daiva-vala-pravritta), and natural organic phenomena such as decrepitude, death, hunger, thirst, sleep etc. (Svabhava-vala-pravritta).",Sushruta Samhitha,1,620
Could you explain the relationship between diseases and the deranged bodily humors according to the Ayurvedic text The Susruta Samhita?,"The deranged and aggravated humours, freely coursing through the body, give rise to a disease at the place in which they are incarcerated owing to an obstruction in their natural passage. Now it may be again asked, whether the relation of a disease, such as fever, etc. with the deranged bodily humours is constant and inseparable, or otherwise. All human beings would be in danger of perpetually falling ill in the event of the said connection relation; being constant and unseparable; but in case of their separate existence, it is but natural that their characteristic symptoms should separately manifest themselves instead of being simultaneously present with fever, etc. as they are found to be in reality. And accordingly the theory, that diseases (such as, fever, etc.) and the deranged bodily humours have a separate existence, and are not pritna facie intimately co-related with one another falls to the ground. On the other hand, the assumption of their separate existence invalidates the incontestable conclusion, that diseases such as, fever, etc. are fathered by the deranged humours of the body.",Sushruta Samhitha,1,622
"Can diseases occur without being directly caused by deranged bodily humours, just like how lightning or storm doesn't always happen with a cloud present? And if so, is the connection between diseases and humours always constant or separable?",Diseases can occur without the direct mediation or intervention of the deranged bodily humours. Yet the connection (relation) which exists between the two is neither constant nor separable.,Sushruta Samhitha,1,624
What are the dangers associated with DefectiveSurgical Operations according to the Chikitsitam and Susruta Samhita?,"They will be dealt with later on in the Chikitsitam. DefectiveSurgical Operations may be attended with dangers of four different kinds such as those arising from an insufficient or over performance, or from the slanting or oblique deviation (of the knife or the instrument), or from an act of self-injury on the part of the physician. Aphysician ( surgeon; making a wrong operation on the body of his patient either through mistake, or through the want of necessary skill or knowledge, or out of greed, fear, nervousness or haste, or in consequence of being spurned or abused, should be condemned as the direct cause of many new and unforeseen maladies. A patient, with any instinct of self-preservation, would do well to keep aloof from such a physician, or from one who makes a wrong or injudicious application of the cautery, and should shun his presence just as he would shun a conflagration or a cup of fatal poison. On the other hand, a surgical operation, carried to excess, (or a surgical instrument inserted deeper than what is necessary, is attended with the danger of 244 THE SUSHRUTA SAiMHlTA. L Chap. xxv. cutting or destroying a vein, ligament, bone, joint, or any vital part of the body.' A surgical operation by an ignorant surgeon brings about, in most cases, the instantaneous death of the patient, or consigns him to the pangs of a life-long death.",Sushruta Samhitha,1,630
"What is the definition of Pranashta-Shalya-Vijna'niya'-madhysryam, and what are the two kinds of Shalyas according to their origin?",The term Shalyam is derived from the root 'Shala' or Shvala (to go swiftly) joined to the Unadi affix 'Yat.' Shalyas may be divided into two kinds according as they are extrinsic Agantuka) or idiopathic (Sharira) in their origin.,Sushruta Samhitha,1,634
What is Shalya-Shastram and what types of objects does it deal with?,"Shalya-Shastram is the science which deals with the obstructing agent to the entire organism. Idiopathic (Sharira) Shalyam may be either a hair, nail, embohsed blood (Dhatus)*, etc., excrements (Mala), or deranged humours of the body (Dosha), while an extrinsic Shal3'am should be regarded as one which afflicts the body and is originated from a source other than any of the preceding ones, including particles of iron and bone, stems of grass, scrapings of bamboo, and bits of horns, etc. But an Agantuka (extrinsic) Shalyam specifically denotes an article of iron, inasmuch as it * Embolism and Thrombosis have been included within Shalyam by the Ayurvedic Pathologists. 248 ITHE SUSHRUTA SAMHITA.1 Chap xxvi. pre-eminently sqvvqs the purpose of killing and is the most irresistible of all metals.",Sushruta Samhitha,1,636
"If I experience painful swelling or a heavy feeling at any part of my body, especially after certain physical activities like riding an elephant or horseback, climbing steep hills, bending a bow, practicing gymnastics, running, wrestling, walking, leaping, swimming, high-jumping, yawning, coughing, singing, expectorating, eructating, laughing, regulating my breath for yoga practice, or even during an emission of semen, urine, or flatus, or defecation, could it be a sign that I have a shaft (Shalyam) embedded in that part of my body?","Yes, such symptoms could indicate the exact location of the embedded shaft (Shalyam).",Sushruta Samhitha,1,640
What are the various methods mentioned in Ayurveda for treating Svabhaba?,"(Svabhaba), by suppuration or putrefaction (Pachanam), by excising (Bhedanam), by bursting Daranam), by pressing Pidanam), by rubbing i^Pramarjananr, b)'' blow- ing with the mouth of medicinal powders into the affected part (Nirdhmapanam), by the administration of emetics (Vamanam), by an exhibition of purgatives (Virechanam) by washing (Prakshalanam, by friction with the fingers (Pratimarsha), by straining as at the time of defecation (Pravahanam), by sucking (Achushanam), by applying a magnet (Ayaskanta) and by exhilarating; Harsham).",Sushruta Samhitha,1,646
"Doctor, according to Ayurveda texts, how should a foreign matter that has penetrated deeper into my flesh tissue be extracted?","The foreign matter should be extracted by setting up suppuration in the affected location. The putrid flesh would loosen the fixture of the foreign matter, and the weight of the secreted pus and blood causing it to drop down.",Sushruta Samhitha,1,648
"If a sharp object (Shalyam) has penetrated my body and is not coming out from the other side, how should it be removed according to Sutrasthanam. 259?",It should be drawn out through a way other than that of its penetration (Anuloma).,Sushruta Samhitha,1,658
What is discussed in Chapters XXVII and XXVIII of Sushruta SamhitS according to the provided text?,"Chapter XXVII discusses the extraction of a Shalyam with surgical instruments when the abovesaid measures prove abortive. A Shalyam left in its place of lodgment can lead to swelling, suppuration, mortification of the affected part, excruciating pain, and even death. Hence a physician should spare no pain to extract a Shalyam from its seat of lodgment. This ends the twenty-seventh Chapter of Sutraslh^nain in the Sushruta SamhitS, which treats of extraction of Shalvam. Chapter XXVIII discourses on the favourable or unfavourable prognosis of an ulcer.",Sushruta Samhitha,1,662
What are the symptoms that may indicate a near and fatal termination of an ulcer according to The Sushruta Samhita?,"A contrariety of the natural smell, colour, taste, (sensation, sound, touch, etc.) of an ulcer indicates a near and fatal termination of the disease. An ulcer emits a pungent, sharp, or fishy smell under the respective influences of the deranged Vayu, Pittam and Kapham. An ulcer, deranged by the action of the vitiated blood, emits a smell like that of iron (Loha-gandhi), while one, originated through the concerted action of the deranged humours, emits a smell characterised by the distinctive features of each of them. On the other hand, an ulcer, due to the joint action '^of the deranged Vayu and'Pittam), emits a smell like that of fried paddy; one, due to the action of the deranged Vayu and Kapham, emits a smell like that of linseed oil ; whereas one, brought about by the action of the deranged Pittam and Kapham, smells like sesamum oil. All those odours, marked by a somewhat fishy character, should be deemed the natural odours of ulcers, and any other smell should be held as a contrary or unnatural one.",Sushruta Samhitha,1,664
What are the messengers of happy augury according to Ayurveda?,"A fair and handsome messenger, who is clad in clean and white garments, and belongs to the same caste or spiritual clan (Svagotraj as the patient himself), forebodes the successful termination of the disease (for which the medical aid is needed). A messenger, calling on a physician either on foot or in a bullock cart, and who is contented, intelligent, capable of acting according to the rules of decorum, time and circumstances, and is independent and original in his thoughts and ideas, and carries ornaments, and other auspicious articles about his person, is alone capable of rendering the best services in connection with the calling in of a physician. A messenger, for the first time, interviewing a physician, when the latter is complacently seated with his face towards the east, and on a clean and even ground, should be regarded as a messenger of happy augury.",Sushruta Samhitha,1,668
"What types of dreams indicate that I might be about to depart this life, as per the Susruta Samhita, and what should I do if I have such a dream?","A fever patient dreaming of friendship with a dog, a consumptive one dreaming of making friends with a monkey or a monster ; a hysteric patient who dreams of makingfriendship with a ghost; a Prameha or dj'sentery patient dreaming of drinking water ; a leper dreaming of drinking oil, or a Gulma patient dreaming of a tree grow- on his belly, should count his days as numbered. Aperson afflicted with any disease of the head, and dreaming of a tree growing on his head, or one suffering from vomiting and dreaming of eating sesamum cakes ; or an asthma patient, or a person, afflicted with thirst, dreaming of making a journey on foot ; or a jaundice patient dreaming of eating a food prepared with turmeric ; or a person suffering from hecmoptysis and dreaming ofdrinking blood, should be considered as about to depart this life. A patient having had any of the aforesaid dreams, under the circumstances, should get up in the morning and make a gift of Masha-pulse, sesamum, iron and gold to the Brahmanas, and repeat the blessed Tripada Gayatri (Mantras",Sushruta Samhitha,1,672
What does the Uventy-nintli Chapter of the Sutiasthinam in the Sushruta SamhitS discuss and what are some predictions made based on dreams according to this chapter?,"The Uventy-nintli Chapter of the Sutiasthinam in the Sushruta SamhitS deals with favorable or unfavorable prognosis from messengers, birds, omens etc. According to this chapter, dreaming of climbing a palace on a tree or hill, riding an elephant, sailing over a river, pool or sea of turbid water, being bit or stung by a serpent, leeches, or bee have specific predictions. For example, a dream of one's sailing over a river, pool or sea of turbid water predicts a money gain or cure, according as one is healthy or diseased. A dream of having been bit or stung by a serpent, by leeches, or by a bee, indicates bliss or cure, according to one's good or bad health at the time.",Sushruta Samhitha,1,678
"Are there specific symptoms called 'Arishta' (fatal indications) that can occur due to perversion or contrariety of functions of the mind, brain, and sense organs?","Yes, certain symptoms known as 'Arishta' (fatal indications) can occur due to a perversion or contrariety of the functions of the mind, brain, and sense organs. Here is a brief description: ... (The rest of the text follows here)",Sushruta Samhitha,1,680
What does the text state about the role of a physician marching with troops and protection against different causes of death?,"It is incumbent on a physician marching with the troops, to inspect, examine and purify wells on the roadside, articles of food, shades of trees (shadowy places) and fuel and forage for cattle before using any of them, in case they be poisoned. Physicians conversant with the curative virtues of drugs and minerals, and priests well versed in the Vedic Mantras, should jointly protect the king from death, whether due to idiopathic (Doshajai or extrinsic causes). Men, learned in the lore of the Atharva Veda, hold that death may be attributed to a hundred and one different causes, (lit: deaths of a hundred and one kinds) of which one (which is that of an old man 304 THE SUSHRUTA SAMHITA. [Chap. XXXIV. natural!}'- and spontaneously expiring) is called natural, while the rest are unnatural or traumatic in their origin.",Sushruta Samhitha,1,697
"What does the text describe about Vedic literature, the science of medicine, priests, kings, and population growth?","Vedic hterature and the science of medicine. And since a priest (Brahmana) is well-versed in the aforesaid branches of study, a physician should act subserviently and occupy a subordinate position to the priest. The death of a king usually leads to a political revolution or to popular disturbances and brings about a confusion among the vocations of the different orders of society. The growth of population markedly suffers through such catastrophies.",Sushruta Samhitha,1,700
"What does the text describe about a physician, the patient, medicine, and attendants in terms of essential factors for a course of medical treatment?","The text describes that a physician, the patient, medicine, and attendants (nurses) are the four essential factors of a course of medical treatment. Even a dangerous disease is readily cured, or it may be expected to run a speedy course in the event of the preceding four factors being respectively found to be (qualified, self-controlled, genuine and intelligently watchful.)",Sushruta Samhitha,1,702
Could you please explain to me about the qualified physician and proper medicine mentioned in the Susruta Samhita?,"A qualified physician is one who is well versed in the science of medicine, has attended to the demonstrations of surgery and medicine, practices the healing art, is clean, courageous, light-handed, fully equipped with supplies of medicine, surgical instruments and appliances, intelligent, well read, a man of ready resources, commands a decent practice, and is further endowed with all moral virtues. The proper medicine is that which consists of drugs grown in countries most congenial to their growth, collected under the auspices of proper lunar phases and asterisms, compounded in proper measures and proportions, pleasing (exhilarating to the mind), has the property of subduing the deranged bodily humours without creating any discomfort to the patient, is harmless even in an overdose, and is judiciously administered at the opportune moment.",Sushruta Samhitha,1,704
"What is the described measurement for the length of my knee-joint, the part between the joint of the waist and the knee-joint, the entire leg, the thigh, and certain body parts according to Susruta Samhita [Chap. XXXV]?","knee-joint should measure eighteen fingers' width in length, while the part between the joint of the waist and the knee-joint should measure thirty-two fingers' width in length, the entire leg thus measuring fifty fingers' width in all. The length of the thigh is the same as that of the part lying between the heel and the knee-joint (Jangha. The scrotum, the chin, the (two rows of) teeth, the exterior line of the nostrils^ the roots of the ears, and the intervening space between the eyes, should respectively measure two fingers' width in length. The non-erected penis, the cavity of the mouth, the two rows of teeth, the nose, the height of the neck. JI2 THE SUSHRUTA SAMHITA. [ Chap. XXXV. the ears, and the forehead, and the space intervenmg between the pupils of the eyes measure four fingers' width in length.",Sushruta Samhitha,1,717
"What are the dimensions of a fully developed human body according to the authoritative verse in The Susruta Samhita, and how can they be used to predict longevity?","The dimensions of a fully developed human body, according to The Susruta Samhita, state that breadth should be equal to that of a man's waist, and the entire length should be a hundred and twenty fingers. A person whose limbs and organs correspond to these measures is sure to live to a good and hearty old age. In the case of partial correspondence, a man should be regarded as having an average life and prosperity. A person whose limbs fall short of these measures should be regarded as an indigent and short-lived person.",Sushruta Samhitha,1,725
"Could you explain how to choose a particular case for treatment, considering the curative properties of its components, avoiding clashes with the disease nature and symptoms, and providing relief to both simultaneously? Also, what should be done when a violent unfavorable symptom becomes stronger than the original malady, or in an incubative disease where premonitory symptoms need to be subdued?","particular case should be selected with an eye to the curative ^â¢irtues of each of its components, so as not to clash with the nature (cause) of the disease and its accompanying symptoms, and to prove simultaneously soothing to both of them. On the contrary, a violent unfavourable symptom should be first attended to and checked in a case where it would be found to have grown stronger and more distressing or dangerous than the original malady in course of which it has been developed. A primary or independent malady, unattended with any of the distressing or unfavourable symptoms, should be treated according to its indications and the nature of the deranged humours involved therein, while in an incubative disease the treatment should 3i8 THE SUSHRUTA SAMHITA. Chap. XXXV. consist in subduing a premonitory s^'mptom as soon as it would make itself manifest.",Sushruta Samhitha,1,727
What does the wise physician do according to the given text in order to administer medicines effectively for a disease whose nature and treatment are not described in any book?,"The wise physician is en-joined to administer medicines according to the specific features of the deranged humours involved in a disease whose nature and treatment have not even been de-scribed in any book on medicine. The different seasons of the year have been described before. IVIetricai Texts :âIn the cold season, a disease should be treated with measures and remedies endued with the virtue of destroying or warding off cold, while in summer the medicinal treatment should consist of measures and applications capable of allaying the heat. The medical treatment of a disease should be connnenced just at the opportune moment, which should not be allowed to expire in vain under any circumstances whatsoever. A course of medical treatment commenced at an inopportune moment, or not resorted to at the advent of its proper time, as well as over or insufficient medication, proves abortive even in a curable type of disease. The proper medical treatment (of a disease) is that which successfully copes with the malady under treatment, and arrests the recrudescence of a fresh one by way of sequel, and not Chap. XXXV. ] SUTRASTHANAM. :>ig that, which, though subduing a particular distemper, is immediately followed by a new one.",Sushruta Samhitha,1,729
"What are the four different states or kinds of digestive fire (Pachakagni), and in which ways do they become affected by deranged humours of the body?","a man is digested only with the help of the digestive fire or heat (Pachakagni), which may be divided into four ditferent kinds (states). One of these kinds is due to it not being in any way affected by the deranged humours of the body, while the other three are respec- tively ascribed to the fact of their becoming so deranged.",Sushruta Samhitha,1,731
"At what age do I start to experience weakness, deterioration of organs and virility, wrinkled skin, labored breathing, and potential alopecia?","seventieth year of life. After that the strength and energy of a man dwindle day by dav. The organs and virility grow weak and suffer deterioration. The hair turns to a silvery white, the parched skin looks shrivelled and becomes impressed with marks of dotage (crow's feet-marks). The skin hangs down and becomes flabby, the hair begins to fall off, and symptoms of alopecia mark the smooth, sheen and balded pate. The respira- tion becomes labored and painful. The body, worn out like an old and dilapidated building, shakes with fits of *=^ Chap. XXXV. ] SUTRASTHANAM. 323 distressing cough. Such a man is incapable of all acts, and does but imperfectly perform all bodily functions. He has grown old.",Sushruta Samhitha,1,743
What are the three categories of body types according to Ayurveda and what measures should I take if I fall into each category?,"person is either stout, thin or of an average (middling) bulk. A stout' person should be reduced in bulk with depletive measures, while a physician should try to make a thin patient gain in flesh. A human body, which is neither too thin nor too stout, should be made to maintain its shapely rotundity.",Sushruta Samhitha,1,747
"Doctor, in a particular case under treatment, it is primarily incumbent on you to enquire whether I am naturally weak, or has become through a deranged condition of the bodily humours or old age. And since it is my strength that makes all remedial measures possible, could you determine my bodily strength by enquiring about my capacity of physical endurance and labor?"," Now in a particular case under treatment, it is primarily incumbent on the physician to enquire whether the patient is naturally weak. so through a deranged condition of the bodily humours or old age.",Sushruta Samhitha,1,749
What does the Thirty-sixth Chapter of the Sulrasthinam in the Sushrula Samhila treat about?,"The Thirty-sixth Chapter of the Sulrasthinam in the Sushrula Samhila treats about miscellaneous remedies for swellings, etc.",Sushruta Samhitha,1,751
What is described in this Ayurvedic passage?,"Ajagandha, Ajashringi, etc, and Kasisa, Katurohini, Jatikanda, and the two kinds of Haridra, and applied to an ulcer or open swelling, purifies its interior. The medicated Ghritam prepared with the expressed juice of Arka roots, Uttama, the milky juice of Snuhi plants, drugs abounding in alkalis, Jati-roots, the two kinds Haridra, Kasisa, Katurohini and the aforesaid plug-drugs (Sodhana-Varti) pasted together, should be regarded as possessed of a virtue similar to the preced- ing one. A medicated oil prepared with Mayuraka, (Apang), Rajabriksha, Ximva, Koshtaki, Tila, Vrihati, Kantakari, Haritala, Manahshila, and the afore- said plug-drugs (purgative drugs according to others), should be used for the purpose of purifying the interior of an ulcer. A pulverised compoundconsisting of Kasisa, Saindhava, Kinva, Vach.1, the two kinds of Haridra,and the component drugs of the aseptic plug powdered together, should be used for the puri- fication of the cavity of an ulcer. For the same purpose a condensed extract (Rasa-Kriya)* should be made of the essence of the drugs belonging to the Salsaradi, Patoladi, and Triphaladi groups. Dhupanam: ÂA wise physician should fumigate (Dhupanam) an ulcer with the fumes of a compound consisting of Sriveshtaka, Sarjarasa, Sarala, Devadaru, and the drugs belonging to the Salsaradi group, pulverised together and made into an raseptici fumigat- ing compound. A cold infusion (Shhita-Shritam) of trees (Vata, Audumvara, Ashvattha, etc.) which are cooling and astringent in their virtue, should be used in healing or setting up a process of granulation in an ulcer. The Ropana-Varti :ÂPlugs of drugs such as Soma, Amrita (Gulancha), and Ashvagandha, or of those belonging to the Kakolyadi group, or of the sprouts of milk-exuding trees (Kshirivrikshas such as, Vata, Audumvara, etc.) and inserted into an ulcer tend to help its granulation (Ropana). A paste (Kalka) of Samanga, Soma, Sarala wood, Soma-Valka, (The process consists in mixing the drugs wiih water weighing eight or sixteen times their combined weight, and then boiling them down to an eighth or sixteenth part of the entire quantity. Chandana, and drugs belonging to the Kakol)'adi group, is recommended for the healing of an ulcer. A medicated Ghritam, prepared with the Prithak- parni, Atmagupta, Haridra, Daruharidra, Malati, Sita, and drugsbelonging to the Kakolyadi group,is renowned for its healing properties. A medicated oil prepared with Kalanusari, Aguru, Haridra, Daru-Haridra, Devadaru, Priyangu, and Lodhra, is possesed of a similar efficacy. A pulverised compound consisting of Kanguka, Triphala, Lodhra, Kasisam, Shravana and the barks of Dhava and Ashvakarna powdered together, is possessed of a similar healing property. The use of a pulverised compound consisting of Priyangu, Sarjarasa, Pushpa-kasisa, Tvaka, and Dhava powdered together is commended for the healing of an ulcer. A condensed extract ( Rasakriya ) of the bark of milk-exuding trees ( such as Vata, Ashvattha etc. ) and the drugs known as the Triphala, should be successively used for the healing of an ulcer. Utsardanam: ÂThe drugs known as Apamrga, Ashvagandha, Talapatri, Suvarchhala and those belong- ing to the Kakolyadi group, should be used for the growth of flesh in an ulcer ( Utsadana ). Avasa'danam:ÂA compound consisting of Ksisa, Saindhava ( rock salt ), Kinvam, Kuruvinda,   Manalishila, the shell of a hen's egg, the blossoms of Jati flowers, the seeds of .Shirisha, and Karanja, and powders of the abovesaid metals ( Dhatus ) mixed to- gether, should be used in destroying the fleshy super- growths of an ulcer { Avasadanam ). A wise physician should use all the drugs and sub- stances as have been enumerated in connection with the healing or establishing of suppuration, etc. in an ulcer, or as many of them as would be available at the time. Thus ends ihe ihirly-sixlh Chapter of ihe Sulrasthdnam in the Sushruta Sanihitd which treats of miscellaneous remedies for inflammatory swellings. Now we shall discourse on the Chapter, which deals with the distinctive traits of the different classes of soil commended for the growth or culture of medicinal herbs (Bhumi-Pravibha'ga-Vijna'niya- madhyaryam).",Sushruta Samhitha,1,753
"What are the characteristics of a favorable plot of ground for the growth of medicinal plants or herbs, as per Suthrasthanam 337?","recommended for the culture of medicinal plants or herbs. A plot of ground, whose surface is not broken or rendered uneven by the presence of holes, ditches, gravel and stones, nor is loose in its character, and which is not disfigured by ant-hills, nor used for the purposes of a cremation or execution ground, and which does not occupy the site of a holy temple, is favourable for the growth of medicinal herbs. A ground which possesses a soil which is glossy, firm, steady, black, yellowish or red and does not contain any sand, potash or any other alkaline substance, and is favourable to the germination of plants and easily pervious to the roots of plants growing thereon, and which is supplied with the necessary moisture from a close or adjacent stream or reservoir of water, is recommended for the growth of medicinal plants and herbs. Plants should be regard-ed as partaking of the virtues of the ground they grow upon. A plant, growing in such a commendable site, should be examined as to its being infested with worms or insects, or as to its being anywise infected with poison, or cut with an arm, or affected by winds, atmospheric heat, or an animal's body. It should be culled or uprooted in the event of it being found sound, healthy, deep-rooted, full-bodied, and of matured sap. The gatherer should look towards the north at the time of culling.",Sushruta Samhitha,1,755
"What are the guidelines for choosing drugs and herbs according to their cooling or heating properties based on the seasons, soil temperament, and specific virtues?","the nature or essential temperament of the earth is both cool (Saumya) and hot (Agneya). Accordingly drugs of cooling virtues should be culled during the cold seasons of the year, and the heat-making ones in the hot season, as they do not become divested of their native virtues at those seasons of the year. Medicinal plants of cooling virtues, which are grown on a soil of cool temperament and are culled during the cool seasons of the year, become intensely sweet, cooling and glossy. These remarks hold good of other medicinal plants and herbs. Herbs of purgative properties, which are grown on a soil permeated with the specific virtues of water or earth matter, should be culled as the most effective of their kind. Similarly, herbs of emetic virtues should be culled from a ground permeated with the essential virtues of fire, sky and air.",Sushruta Samhitha,1,757
"What conditions should be met for culling herbs with soothing properties, and under what circumstances do they exert a stronger action?","should be culled from ground exhibiting features common to both the two aforesaid classes of soil. Similarly, herbs possessed of soothing properties (Sanshamanam)* are found to exert a stronger action in the event of their being reared on a soil permeated with the essential properties of sk5""",Sushruta Samhitha,1,759
"What does the text say about the maturity of certain herbs, their identification, and the therapeutic range they cover?","as fresh as possible, excepting Pippali, Vidanga, Madhu, Guda, and Ghritam, fwhich should be used in a matured condition i.e. not before a year;. The milky juice or sap of a medicinal tree or plant should be regarded as strong and active under all circumstances. Herbs and drugs, that had been culled or collected within the year, might be taken and used in making up a medicinal recipe in a case where fresh ones would not be available. Authoritative Verses on the SubjectÂMedicinal herbs and plants should be recognis- ed and identified with the help of cowherds, hermits, huntsmen, forest-dwellers, and those who cull the fruits and edible roots of the forest. Xo definite time can be laid down for the culling of the leaves and roots of * Herbs or drugs, which in virtue of their own essential properties soothe or subdue a disease without eliminating the morbid humours or without exercising any emetic or purgative action. medicinal plants, etc., such as are used in compounding the recipe, which is called the Patra-lavanam, and which covers, within its therapeutic range, diseases, which are peculiar to the entire organism (such as Vata-vyadhi, etc).",Sushruta Samhitha,1,761
"Doctor, how many different ways can soil be divided according to its properties?",As soil admits of being divided into six different ways,Sushruta Samhitha,1,762
"What is described about the classification of a medicinal plant's sap and the soil it grows on, along with guidelines for using drugs derived from these plants?","classes according to its smell, colour, taste, etc. so the sap of a medicianl plant may assume an}' of the six different tastes through its contact with the peculiar properties of the soil it grows on. Tastes such as sweet, etc., remain latent in water, which imparts them to the soil in a patent or perceptible condition. A plot of ground, exhibiting traits peculiar to all the five fundamental material principles (such as the earth water, fire, etc.), is said to be possessed of a soil of general character (Sadharani Bhumi), and medicinal plants and herbs partake of the specific virtues of the soil the}' grown on. Drugs, whether fresh or old, and emitting a contrary smell, or in any way affected as regards their natural sap or juice, should not be used for pharmaceutical purposes.",Sushruta Samhitha,1,763
"What are the guidelines for collecting various parts of medicinal plants and using specific drugs, animals' body parts, and animal byproducts according to Ayurveda?","such as Vidanga, Pippali, Madhu, and Guda, improve  ITence the doctrine, as regards the culling of the difterent parts of a medicinal plant such as, the leaves, roots, etc., in the different seasons of the year, naturally falls to the ground. (after a year. Accordingly all drugs and n^.edicinal herbs, excepting the preceding ones, should be used fresh and unsoiled, or uninjured by insects. Blood, nails, or hair etc., of animals, 'officinally laid down to be used in our Pharmacopoeia), should be taken from young and healthy animals, and the ordure, urine, or milk of an animal, (enjoined to be used for medicinal purposes), should be collected at a time after it has completed its digestion.",Sushruta Samhitha,1,765
What are the guidelines for storing collected medicines according to the Sutrasthanam in the Sushruta Samhit?,"should occupy a commendable site and an auspicious quarter of the sky (North or East), and the collected medicines should be kept tied in pieces of clean linen, or stored in earthen vessels and hollow tubes of wood, or suspended on wooden pegs. Thus ends the thirty-seventh Chapter of the Sutrasthanam in the Sushruta Samhit which treats of the Classification of grounds for the culture of medicinal plants and herbs, etc. ",Sushruta Samhitha,1,767
What information is given in this Ayurvedic text?,"with the general classification of drugs according to their therapeutical properties (Dravya-Sangra- haniya-madhyaryam). These drugs are usually made into thirty-seven different groups (Gana) which are as follows: The Vidarigandha'cli Croup:ÂThedrugs known as Vidarigandha, Vidari, Sahadeva, Vishvadeva, Shvadanstra, Prithakparni, Shatavari, Sariva, black Sariva, Jivaka, Rishavaka, Mahasaha, Kshudra-Saha, Vrihati, Kantakari, Punarnava, Eranda, Hansapadi, Vrishchikah, and Rishavi, form the group known as the Vidari-gandhadi. IVIetrical Text: ÂThe present gi-oup of drugs subdues the action of the deranged Vayu and Pittam and proves beneficial in phthisis ;Shosha, Gulma, aching of the limbs, Urdha Shvasa and cough. The A'ragvadha'di Group :ÂThe drugs known as Aragvadha, Madana, Gopaghonta, Kutaja, Patha, Kantaki^ Patala, Murva, Indrayava, Saptaparna, Ximva, Kuruntaka, Dasi-kuruntaka, the two kinds of Karanja, Patola, Kiratttikua, Guduchi, Chitraka, Sh^ngshta, and Sushai form the group known as the Aragvadhjidi. Metrical Text: ÂThe group under discus- sion destroys the deranged Kaphani and the effects of poison and proves beneficial in cases of Meha (^morbid discharges from the urethra), Kushtha, fever, vomiting and itching of the body and acts as a purifying (aseptic) agent in the case of an ulcer. The Varuna'di Group: ÂThe drugs known as Varuna, Artagala, Shigru, Madhu-Shigi-u, Tarkari, Mesha-Shringi, Putika, Xaktamala, Morata, Agni- mantha, the two kinds of Sairiyaka, Vimvi, Vasuka, Vasira, Chitraka, Shatavari, Mlva, Ajashringi, Darbha, and the two kinds of Vrihati form the group known as the Varunadi. IVIetrical Text: ÂThe group is possessed of the efficacy of reducing the deranged Kapham and fat and proves efficacious in cases of cephalaegia, Gulma and internal abscesses. The Viratarva'di Group :ÂThe drugs known as Virataru, the two kinds of Sahachara, Darbha, Vrikshadani, Gundra, I\'ala, Kusha, Kasha, Ashma- bhedaka, Agnimantha, Morata Vasuka, Vasira, Bhalluka, Kuruntaka, Indivara, Kapotavanka, and Shadanstra enter into the composition of the group known as the Viratarvadi. IVIetrical Text :ÂThe group subdues all dis- orders incidental to the deranged state of Vata and  proves curative in Ashmari, Sharkara, Mutra- krichhra, Mutraghata and urinary troubles. The SaIasara'di Group :ÂThe group of medicinal drugs, known as the Salasaradi, consists of Salasara, Ajakarna, Khadira, Kadara, Kalaskandha, Kramuka, Bhurjja, Meshashringi, Tinisha, Chandana, Kuchandana, Shinshapa, Shirisha, Asana, Dhava, Arjuna, Tala, Shaka, Xaktamala, Putika Ashvakarna, Aguru and Kaliyaka. The group of the drugs, known as the Salasaradi Gana, destroys the germ of Kushtha, absorbs the deranged fat and Kapham and proves beneficial in morbid discharges from the urethra (Meha\ chlorosis or jaundice (Pandu). The Rodhrardi Group:ÂThegroup of medi- cinal drugs known as the Rodhradi consists of Rodhra, Savararodhra, Palasha Kutannata, Ashoka, Phanji, Katphala, Elabaluka, Sallaki, Jingini, Kadamva, Sala and Kadali. IVIetrical Texts :ÂThe group is antidotal to the deranged Kapham and fat, is astringent in its properties, removes vaginal and uterine disorders, neutralises the effects of poison (anti toxic) and acts as a stj'ptic and purifying agent in a case of ulcer and arrests all secretions and excretions of the body. The Arkardi Group :--The drugs known as the Arka, Alarka, the two kinds of Karanja,  Nagadanti, Mayuraka, Bhargi, Rasna, Indrapiishpi, Kshudrashveta Mahashveta, Vrishchikali, Alavana and Tapasha-Vriksha, enter into the composition of the group known as the Arkadi Gana. Metrical Texts:ÂThe group known as the Arkadi destroys Kaphani, fat, and the effects of poison. It acts as a vermifuge and a specific aseptic agent in the case of an ulcer and proves curative in diseases of the skin. The Surasa'di Group :ÂThe drugs known as Surasa, white Surasa, Fainjjhaka, Arjaka, Bhustrina, Sugandhaka, Sumukha, Kalamala, Kashamarda, Kshavaka, Kharpushpa, Vidanga, Katphala_, Surasi, Nirgundi, Kulahala, Indurakarnika, Phanji, Prachi- vala, Kakamachi and Vishamushtika form the group known as the Surasadi Gana. IVIetrical Texts :ÂThe group acts as a vermifuge and is an aseptic agent. It subdues the deranged Kapham and proves beneficial in catarrh, non-relish for food, asthma and cough. The lYIushkaka'di Group:ÂThe group of medicinal drugs known as the Mushkakadi consists of Mushkaka, Palasha, Dhava, Chitraka, Madana, Shinshapa, Vajra-Vriksha and Triphala. Metrical Text :ÂThe present group is possessed of the therapeutic virtue o-f destroying fat and  removing the defects of semen. Meha, piles, jaundice, chlorosis, gravels and urinary calculi in the bladder are the diseases which yield Lo its curative efficac)'. The Pippalya'di Group: -The group of medicinal drugs known as the Pippalyadi consists of Pippali, Pippali mulam, Chavya, Chitraka, Shringavera, Maricha, Hasti-Pippali, Harenuka, Ela, Ajamoda, Indrayava, Patha, Jiraka, Sarshapa, Maha-Nimva-Phala, Hingu, Bhargi, Madhurasa, Ativisha, Vacha, Vidanga and Katurohini. IVIetrical Text: ÂThe present group acts as a good appetiser and is an absorbant of intestinal mucous and unassimilated lymph chyle. Therange of its thera- peutical application includes catarrh, deranged Kapham and Vatam, non-relish for food, abdominal glands, colic and gastralgia. The Elardi Group: ÂThe group of medicinal drugs known as the Eladi-Gana consists of Ela, Tagara, Kushtha, M^nsi, Dhyamaka, Tvaka, Patra, Naga- pushpa, Priyangu, Harenuka, Vyaghranakha, Shukti, Clianda, Sthauneyaka, Shriveshtaka, Chocha, Choraka, Valaka, Guggulu, Sarjarasa, Turushka, Kunduruka, Aguru, Sprikka, Ushira, Bhadradaru, Kumkuma, Punnaga and Keshara. IVIetrical Text :ÂThe therapeutic virtue of the group consists in subduing the action of V^yu and Kapham and in neutralising the effects of poison. It is a cosmetic and arrests* the eruption of pimples and other vegetations on the skin such as rash, urticaria etc. and checks the itching sensation incidental thereto.",Sushruta Samhitha,1,769
What are the therapeutic properties of the Shyam^di Gana and the Vrihatya'di Group as mentioned in The Susruta Samhita?,"The Shyam^di Gana: -Thedrugs known as Shyama, Mahd-Shyam^, Trivrit, Danti, Shan- khini, Tilvaka, Kampillaka, Ramyaka, Kramuka, Putrashroni, Gavakshi, Rajavriksha, the two kinds of Karanja, Guduchi, Saptala, Chhagalantri, Sudh^ and Suvarnakhiri, form the group known as the Shyam^di Gana. Metrical Text: ÂThis group is possessed of the therapeutic virtue of curing abdominal glands and acts as an anti-toxic. It proves beneficial in An^ha , abdominal dropsy and diarrhoea and is one of the most reliable purgatives in cases of obstinate constipation of the bowels with suppression of urine and distention of the abdomen (Udavarta). TheVrihatya'di Group :-^The drugs known as Vrihati, Kantakarika, Kutajaphala, Patha and",Sushruta Samhitha,1,771
"What is the therapeutic action and effects of Vrihatyadi Gana, Patoladi Gana, Ka'kolya'di Group, and Ushaka'di Group as mentioned in the Ayurveda classical texts?","Vrihatyadi Gana: A good digestant or assimilator of deranged humours that subdues deranged Vata, Pitta and Kapham, efficacious in cases of nausea, water-brash, d'suria and non-relish for food.
Patola'di Group: A febrifuge and anti-toxic, destroys the action of deranged Pittam and Kapham, restores natural relish of patient for food, removes vomiting, beneficial in ulcers, and itching erythematous eruptions.
Ka'kolya'di Group: Subdues the action of deranged Pittam, blood and Vayu. It is a galactagogue, increases the quantity of milk in the breast, favours the accumulation of phlegm (Kapham) in the body, restorative, elixir and endued with the therapeutic virtue of augmenting the virile potency of a man.
Ushaka'di Group: The medicinal drugs and substances known as Ushaka (alkaline earth), Saindhava salt, Shilajatu, the two kinds of Kasisa,",Sushruta Samhitha,1,773
What are the medicinal groups that specifically alleviate the burning sensation (Daha) of the body and help with bilious (Pittaja) fever according to Ayurveda classical texts?,"The Anjana'di Group :-The group known as the Anjanadi Gana consists of Anjana, Rasanjana, Nagapushpa, Priyangu, Nilotpala, Nalada, Nalina, Keshara and Madhuka. Metrical Texts :ÂAn attack of hasmoptj-sis readily 5n'elds to the curative virtue of the group under discussion. It is anti-toxic in its character and allays the internal burning sensation of the body.",Sushruta Samhitha,1,777
What are the therapeutic properties and composition of the Svalpa Panchamulam group as described in Chap. XXXVIII. SutraSThanam?,"The Svalpa Panchamulam group is a group of five medicinal roots, each consisting of similar number of components. The properties of this group,include that it acts as a good vermifuge and a purifying (aseptic) agent in cases of bad, malignant or indolent ulcers. Diseases due to the deranged Kapham and Pittam prove amenable to its curative properties, which extend to cases of cutaneous affections (Kushtham) as well. The composition of this group is not specified in the provided text.",Sushruta Samhitha,1,779
What is Svalpa-Pancha-Mula according to the provided text?,"(Svalpa-Pancha-Mula) consists of the roots of medicinal plants known as the Trikantaka, the two species of Vrihati, Prithakparni, and Vidarigandha. lYIetrical Texts:ÂThe compound possesses a taste blended of astringent, bitter and sweet. It is a tonic and aphrodisiac, subdues the deranged Yayu and proves soothing to the deranged Pittam. ",Sushruta Samhitha,1,781
"What are the five medicinal roots known as Mahat-Pancha-Mula, their properties, and what diseases do they benefit?","five medicinal roots (Mahat-Pancha-Mula) consists of the roots of such trees as Vilva, Agnimantha, Tuntuka, Patala and Kashmari. Metrical Texts :ÂIt is bitter in taste and subdues the deranged Kapham and Vatam. It is light (easily digestible) and appetising, and acquires a sub- sequent sweet taste in its reaction (Anurasa). The Dashamula Croup :ÂThe two preceding groups in combination form the one techni- cally known as the Dasha-Mulam (the ten roots), which is possessed of the virtue of destroying the deranged Vata, Pittam and Kapham. It proves beneficial in cases of asthma and difficult respiration. It acts as a good digestant in respect of undigested lymph chyle, etc and is used with satisfactory results in all types of fever. ",Sushruta Samhitha,1,783
What is described briefly about the classification of drugs according to their therapeutic use?,"been briefly described, which will be more elaborately dealt with later on in the chapter on Therapeutics. An intelligent physician should prepare plasters, decoctions, medicated oils, Ghritas (medicated clarified butter) or potions, according to the exigencies of each individual case.The groups enumerated above should be therapeutically used according to the nature of the deranged humours involved in each individual case. Only two, three or four drugs of the same medicinal group, or a similar number of drugs chosen from the different groups, or a group of medicinal drugs in its entirety, or in combination with another, should be used according to the indications of any particular case, as the physician, in his discretion, would determine.  Additional Text: ÂThese drugs may be duly culled in all seasons of the year, and should be stored in a room protected from smoke, blasts of cold, wind and rain. Thus ends the thirty-eighth Chapter of the Sutrasth^nam in the Sushruta Samhit5, which deals with the classification of drugs according to their therapeutical use",Sushruta Samhitha,1,787
"Do these groups - Pippalyadi-Varga, Brihatyadi-Varga, Mushkadi- Varga, Vachadi, Surasadi and Aragvadhadi - have the ability to restore deranged Shleshma back to its normal state?","the Pippalyadi-Varga, Brihatyadi-Varga, Mushkadi- Varga, Vachadi, Surasadi and Aragvadhadi groups are generally possessed of the efficacy of restoring the deranged Shleshma to its natural state.",Sushruta Samhitha,1,791
"If I have a soothing medicine for my disease, should I be concerned about its strength compared to my disease's intensity, digestive function, and physical stamina?","or soothing purposes should be determined by the consideration of the strength (intensity) of the disease, and the stamina and the digestive function of the patient under treatment. A medicine (of a soothing or Samshamanam efficacy), which is stronger than the disease it has been applied to combat with, not only checks it with its own soothing virtue but usually gives rise to a fresh malady, on account of its surplus energy being not requisitioned into  action, nor its being used up by the weakened and conquered origuial distemper. It is thus stored up in the organism for the working of fresh mischief. A medicine, which proves stronger than the digestive function of a patient, impairs his digestion, or takes an unusually greater length of time to be digested and assimilated into his organism. A medicine, which is stronger than the physical stamina of a patient, may bring on a feeling of physical languor, fits of fainting, loss of consciousness, delirium, etc. Similarly, an over- dose of a cleansing (cathartic) medicine .may work similar mischief. On the other hand, medicines of inadequate potencies, and accordingly unequal to the strength of a disease, as well as medicines in in- adequate doses fail to produce any tangible effect.",Sushruta Samhitha,1,793
"Doctor, should medicines of adequate potencies be the sole treatment options?",Hence medicines of adequate potencies should be alone,Sushruta Samhitha,1,794
"Why does the hypothesis of an acid digestion not preclude the possibility of a similar saline one, according to the text?","The hypothesis of an acid digestion (re-actionary acidity) does not preclude the possibility of a similar saline one owing to the participation of the natural taste (saline) of the bodily Kapham in the process of digestion, as is said of Pittam in the preceding instance.",Sushruta Samhitha,1,799
What is the characteristic attribute of Earth according to Ayurveda?,Heaviness forms the characteristic attribute of earth,Sushruta Samhitha,1,800
What does the text say about the primary importance of drugs and their properties in digestion according to the Susruta Samhita?," water, while lightness stands for the essential properties of fire, air and sky. Hence the digestion of all food-stuff may be described as either heavy (Guru) or light (Laghu). Authoritative verses on the sub- ject :Ã¢ÂÂOf substances under the process of digestion, those, which are characterised by attributes, specifically belonging to earth and water, are called substances of sweet (heavy) digestion; while those which are permeated with the specific properties of air, fire and sky are called substances of pungent (lightj digestion (easily digestible articles of food). We have fulh^ stated the text of the controversy as regards the primary importance of drugs and their tastes, virtues, potencies and digestive reactions, as well as the views of those who build their theories on the separate or exclusive importance of any of the five afore-said factors. The wise and the erudite set an equal importance to each of them, and ascribe the curative efficacy of a medicine to the co-operation of all these five factors. A drug ot a substance sometimes destroys or originates a deranged condition of the humours through the dynamical action of its native or inherent properties, sometimes in virtue of its specific potency and sometimes by natural taste or digestive (chemical) reaction. Digestive reaction is impossible without drug potency. There is no potency without a taste, and taste without a drug or substance is an absurdity.- Hence a substance (vegetable or otherwise) is the greatest of themall. Ataste and a substance are correlative categories from the time of their origin, like a body and an embodied self in the plane of organic existence. Since an attribute per se can not be possessed of another attribute, the eight kinds of potency (properties) can only appertain to a substance and not to a taste, which is an attribute in itself. Substances are digested in an organic body and not the six tastes simply for the reason of their being invisible and intangible in themselves. Hence a substance is the greatest of all tlie aforesaid five factors (of substance, taste, virtues, etc.) and the attributes lie inherent in the substance.",Sushruta Samhitha,1,801
What medicines should a learned physician use in the course of a medical treatment according to The Sushruta Samhita?,"drugs (medicines), which are above all rules of syllogism ; and hence drugs (medicines), which have been observed to be efficacious from time immemorial, as well as those laid down in the scriptures on medicines, should alone be used in the course of a medical treatment. A learned physician should think it a sacrilege to logically dispute the efficacy of a medicine of tested virtue, and which has been adopted after generations of careful observation and is instinc- tively pronounced by men as a beneficial remedy.  No amount of logic will alter the nature of things, nor persuade the drugs of the Amboshtha group to exercise a purgative virtue. Hence an intelligerrt physi- cian should adhere to the officinal recipes given in the books on medicine, and not introduce innovations, however logical or probable, into the realms of applied or practical Therapeutics.",Sushruta Samhitha,1,803
"What is the chapter that discusses the specific properties of drugs, including their flavors, virtues, and digestive transformation, as per SamhitS? Also, what are the five fundamental principles that determine a substance's character?","SamhitS, which deals with drugs and their flavours, virtues, and digestive (chemical) transformation. CHAPTER XLI. The five fundamental principles* such as the earth (Kshithi), water (Apa), fire (Teja), air (Marut) and Sky (Vyoraa) enter into the composition of all substances in the world, and the predominance of any of them in a particular substance determines its character.",Sushruta Samhitha,1,805
What are substances of dominant earth (Parthivam) and dominant water (Apyam'i) principles according to the Susruta Samhita?,"Substance of dominant earth (Parthivam): A thing or substance, which is thick, pithy, compact, dull, immobile, rough, heavy (hard to digest^ strong smelling and largely has a sweet taste marked by a shade of astringent. \nSuch a thing increases the firmness, strength, hardness and rotundity of the human body, and is possessed of gravity (the virtue of moving the bowels).\nA'pyam Drugs :Ã¢ÂÂSimilarly, a thing or substance, which is cold, moist, glossy, devoid of keenness, takes time to be digested, is mobile, compact, soft, * These may be translated as Solid, Liquid, Gas, Ether, and Etherioil in the parlance of modern science.\n376 THE SUSHRUTA SAMHITA. [ Chap. XLI. slimy, sappy, and is largely endued with an acid, saline or sweet taste marked by a shade of astringent, is called a substance of dominant water (Apyam'i) principle.",Sushruta Samhitha,1,807
"What are the characteristics and effects of substances of the dominant principles of fire (Taijasam), air (Vayaviyam), and sky (Akashiyam) as described in the classical Ayurveda texts?","the body, keeps it moist, favours the adhesion of its parts, and increases its liquid contents. Taijasam Drugs :ÂA thing or substance, which is heat-making, pungent and keen, subtle in its essence, permeates the minutest capillaries, andis dry, rough, light, and non-slimy in its character and hasstrong properties and a taste which is largely pungentmarked by a shade of saline, is called a substance of the dominant principle of fire (Taijasam). Such a thing naturally evinces an up-coursing tendency in the body, produces a burning sensation in its inside, helps the process of digestion and spontaneous bursting (of abscesses), increases the temperature of the body, strengthens the eyesight, improves the complexion and imparts a healthful glow to it. Varyaviyam Drugs :Ã¢ÂÂA thing or substance, which is subtle in its essence, and is dry, rough, light, cold and non-slimy, increases tactual sensation and is endued with a largely astringent taste marked by a shade of bitter, is called a substance of the dominant principle of air( Vayaviyam). Such a thing removes the slimy character of the internal organism, produces lightness, diyness and emaciation of the body, and increases the speculative or contemplative faculty of the mind. Aka'shiyam Drugs ÂA thing or sub stance, which is smooth, unctuous, and is subtle in its nature, soft or pliant in its consistency, expansive 'in the internal organism), porous, soundy and non- slimy in its character without any definite taste, is called a substance of the dominant principle of sky (Akashiyam). Such a substance produces softness, lightness and porosity of the body.",Sushruta Samhitha,1,809
What are the different aspects related to the action of a medicinal remedy according to Ayurveda?,"The time, during which a drug or a medicine exerts its curative virtues is called its Kala or the period of action. That which immediately results from the use or application of a medicinal remedy is called its Karma or physiological action. The principle, in virtue of which the action is performed, is called its potenc)' or Viryam. That, in which the action takes place, is called its receptacle or Adhikaranam. The means by which it is effected is called its agency or Upaya, while that what it accomplishes is called its therapeutic effect or Phalam.",Sushruta Samhitha,1,811
"What text discusses attributes that specifically belong to earth and water, and explains how they are heavy and naturally gravitate downward due to their heaviness?","of attiibutes which specifically belong to the earth and water. Earth and water are heavy, and naturally gravitate downward owing to their heaviness.",Sushruta Samhitha,1,813
"What are the specific attributes and elements associated with different types of drugs according to Ayurveda, and how do these attributes affect the body's humours?","endued with the specific attributes of earth and water, in virtue of which they are more strongly attracted towards the centre of the earth (gravity). Drugs endued with emetic properties are possessed of attributes which form the characteristics of fire and air. Fire and air are light, and naturally ascend upward owing to their lightness. Hence it is inferred, that emetic (Vamana) drugs are largely possessed of attributes, which are upcoursing in their nature. Drugs or substances endued with both emetic and purgative virtues are charac- terised by attributes belonging to both the aforesaid elements (earth and fire). Drugs, which soothe the deranged bodily humours, are permeated with, qualities which specifically belong to the principle of the sky. Astringent (Sangrahaka) drugs are endued with attributes, which specifically belong to the air owing to the drying character of the latter element. Appetising (Dipana) drugs are largely possessed of attributes which belong to the material principle of fire. Lekhana (Liquefacient) drugs or sub- stances are endued with attributes which belong to fire and air. Constructive or restorative (Vringhanam) drugs or substances are endued with attributes which specifically belong to earth and water. These inferences should be carefully remembered at the time of pre- scribing medicines. Authoritative verses on the sub- ject; Ã¢ÂÂThe deranged bodily Vayu readily yields to the curative efficacies of drugs possessed of attributes, specifically belonging to the earth, fire and water, while the deranged Pittam is speedily soothed or restored to its normal state by drugs having attributes, specifically belonging to the earth, water and air. Similarly, the deranged Kapham is pacified by drugs possessed of attributes which characterise the sky, fire and air.",Sushruta Samhitha,1,815
"'Doctor, I understand from the texts that using certain drugs may increase my bodily Vayu. Is this correct?'",'The bodily Vayu is increased by the use of drugs',Sushruta Samhitha,1,816
"Doctor, what should be the Pala weight of the aforesaid prepared powder?","drugs according to their taste. adhura-Groups :ÂThe drugs forming the groups known as the Kakolyadi-Gana, as well as thickened milk. Ghee, lard, marrow. Shall and Shashtika rice, Yava, Godhuma, Masha pulse, Shringataka, Kasheruka, Trapusha, Erv^ruka. Alavu, Kalaukata Ankalodya,_ Piyala, Pushkara, Vijaka, Kashmarya, Madhuka (Moula), Draksha, Kharjura, Rajadana, Tala, Narikela, modifications of the expressed Juice of Ikshu (Sugarcane), Vala, Ativala, Atmagupta, Vidari, Pyash5^a, Gokshuraka, Kshiramorata, Madhulika, and Kushmanda etc. are generally included within the Madhura gi'oup. Acid Groups :Ã¢ÂÂThe fruits known as Dadima, Araalaka, Matulanga, Amrutaka, Kapittha, Karamarda, Vadra, Kola, Prachina-Amalaka, Tintidhi, Koshamra, Bhavya, Paravata, Vetraphala, Lakucha, Amla-Vetash, Dantashatha and curd, whey, Sura, Shukta, Sauvira, Tushodaka and Dhanyamla, etc. are generally included within the acid group. Saline Group :ÂThe different kinds of salt such as, Saindhaba, Sauvarchala, Vida, Fakya, Romaka,. Samudraka, Paktrima, Yavakshara (nitrate of potash), Ushara and Suvarchika collectively form the Saline group. Pungent Group: Ã¢ÂÂThe component drugs which form the groups known as the Pippalyadi and the Surasadi-Ganas and Shigru, Madhu-sigru, Mulaka, Lashuna, Sumukha, Shitashiva (camphor, Kushtha, Devadaru, Harenuka, Valguja-phalam, Chanda, Guggula, Mustha, Langalaki, Shukanasa and Pilu etc. and the components of the group known as Salasaradi gana collectively form the pungent group. Bitter Group :Ã¢ÂÂThe component members of the groups of medicinal drugs known as the Aragva- dhadi-Gana and the Guduchyadi-Gana together with Mandukparni, Vetra-karira, Haridra, Daruharidra, Indra-yava, Varuna, Svadu-kantaka, Saptaparna, Vrihati, Kantakari, Shankhini, Dravanti, Trivrit, Kritavedhana, Karkotaka, Karavellaka, Vartaka, Karira, Karavira, Sumanah, Sankha-pushpi Apamarga, Trayamana, Ashoka, Rohini, Vaijayanti, Suvarchal^, 392 THE SUSHRUTA SAMHITA. I Chap. XUI. Punarnava, Vrishikali and Jyotishmati, etc. collectively constitute the bitter group. Astringent Group :Ã¢ÂÂThe component mem- bers of the groups known as the Nyagrodhade-Gana, the Amvashtadi-Gana, and the Priyangvadi and the Rodhradi Ganas, Triphala, Shallaki, Jambu, Amra, Vakula, Timduka fruits, Katakha fruits, Shaka fruits, Pashanabhedaka, the fruits of trees known as the Vanaspatis (lit: lords of the forest, such as the Vata, the Ashvattha etc.) and most of the component members of the group known as the Salasaradi Gana, as well as Kuruvaka, Kovidaraka, Jivanti, Chilli, Palanka and Sunishanuaka, etc. and grains and pulse of the Nevara and Mudga species, collectively form the astringent group. These .tastes, in groups of different combinations, number sixty-three in all ; as for example, fifteen, computed b}"" taking two at a time ; twenty, computed by taking three at a time ; fifteen, computed by taking four at a time ; six, computed by taking five at a time and six, being severally computed, thus making up an aggregate of sixty-three. Authoritative verse on the sub- ject: Ã¢ÂÂThe man, who gradually habituates him- self to the use of each of the six aforesaid tastes,  enjoy''s a sort of immunity from their injurious action in the same manner as, a strong man, who makes him- self successively accustomed to the action of the three deranged humours of his bod)"", is not easily affected by their pathogenetic properties. Thus ends ihe forty-second Chapter of the Sutrasthinam in the Sushruta SamhitS, which treats of the specific properties of flavours.  Xow we shall discourse on the Chapter, which treats of the mode of administering emetics (Vamana-Dravya-Vikalpa-Vijna'niya- madhya'yam). Of all emetic fruits the Madana (seeds) should be deemed as the best (most active). Madana fruits should be dried in the sun and powdered. Then a Pala weight (eight tolas'^ of the powder should be stirred in a decoction of Pratyakpushpi, Sada-Pushpi, or Nimva, and given to the patient with honey and Saindhava salt, for emesis. As an alternative, a potion consisting of the powders of raw Madana fruits, stirred in a decoction of Vakula and Ramyaka, and heated in fire, should be' administered with the addition of honey and rock-salt. A gruel, consisting of sesamum rice and powders of green Madana fruits, boiled together, should be given to the patient. Likewise matured though not ripe Madana fruits should be stored in a box made of the blades of Kusha grass. The box should be plastered over with a composition of cowdung and clay andkept buried in a bushelful of Yava, Tusha, Mudga, Masha pulse or Shali rice for eight consecutive nights. Then having extracted them, fully burst out, with the heat of the covering grain, their kernels should be separated from their seeds and dried in the sun. Then having pasted them with curd, hone}' and the levigated paste of sesamum they should be again dried in the sun, after which they should be kept in a clean vessel. A",Sushruta Samhitha,1,819
"Doctor, is this medicine an emetic that I should use specifically?","pounded in a decoction of Yastimadhu or of any of the drugs of the Kovidaradi group over night, and given to the patient on the following morning, through the medium of honey and Saindhava salt. The patient should take it looking towards the north or the east, and the following benedictory Mantra should be recited on the occasion. Metrical texts: -""May tlie gods Bramha, Daksha, Ashvis, Rudra, Indra, the earth goddess, the moon, the sun, the fire, the wind, the concourse of holy sages (Rishis) and the material elements with the curative properties of drugs they originate and nourish, preserve thee. Maythe potion prove wholesome to you, as the elixirs prove wholesome to the Rishis, the nectar to the gods, and ambrosia to the good Xagas.""",Sushruta Samhitha,1,821
"Doctor, I am experiencing symptoms that seem to be inadequate or not as expected. Could you please help me understand what might be the cause?","in cases of catarrhal fever, catarrh, and internal abscess.",Sushruta Samhitha,1,823
"Doctor, where has Pittam shifted according to my condition?","Potion with drugs like Pippali, Vacha, and a paste of Gaura-Sarsapa and Saindhava salt should be administered warm and in repeated doses. In the alternative, powders of Madana kernels soaked in their decoction and subsequently dried, milk cream boiled with jVIadana fruits, barley gruel made with milk prepared as above, or the essence (Rasam) of Madana fruit seed pulps pressed out and condensed can be used.",Sushruta Samhitha,1,825
"Doctor, can I use pulverised Jimutaka flowers?","natural seats of Kapham. Sun-dried and pulverised Madana fruits^ mixed with a decoction of Jivanti, may be administered in its stead. A decoction of the kernels of Madan seeds (Majja), saturated with powders of Pippali, Yadi or a potion consisting of the same powdermixed with a decoction of Ximva or Riipika, should be prescribed in cases of lymphatic (Kaphaja) diseases due to acts of Santarpanam (use of emollient remedies), or the emesis in such cases should be effected with a decoction of Madhuk'am, K^shmari and Draksha saturated with the aforesaid powder. Thus the emetic remedies made of Madana fruits are discharged.",Sushruta Samhitha,1,827
"What are the emetic compounds found in Dhamargava flowers, doctor?","Jimutaka fruits should be pulverised in their raw or unripe state and dried in the sun, and a gruel made with milk boiled with the same powder should be given to a patient for emesis ; or milk-cream, boiled with the powder of Jimutakafruits (lit: Ã¢ÂÂflowers*) powdered in their mature or hardened (Romesha) state, should be given; or the surface cream of milk boiled with the powders offull grown Aromasha), greenish yellow Jimutaka fruits, or a Sura (wine) made of their decoction should be prescribed.",Sushruta Samhitha,1,829
What groups of people are associated with Utpala or any other flower?,"are identical with those of the kernels of Madana fruits, the former being regarded as specifically indicated in cases of chemical poisoning, Gulma (internal gland), abdominal drops', cough, asthma, as well as in diseases due to the action of deranged Kapham (lymphatic disorders). The pulps or kernels of Kritavedhana seeds should be soaked in the expressed juice of emetic drugs and subsequently reduced to powder. The powder, so prepared, should be strewn over an",Sushruta Samhitha,1,831
What are you referring to when you mention 'Karavellika and the milky exudations of Sndha plant'?,The patient should be given a stomachful of barle}' gruel and then made to eject the contents of his stomach by causing him to smell such a medicated flower. Sternutatoric (Shiro-virechanam) or emetic or purgative drugs prove most efficacious after Chap. XLIII. ] SijTRASTHA'NAM. 399 being soaked in or saturated with the expressed juice of their own.,Sushruta Samhitha,1,833
What is a purgative remedy that consists of the sound and?,"remedies (in our pharmacy), and we shall discuss the mode of their administration in successive order.",Sushruta Samhitha,1,837
What kind of powders am I taking when they are from purgative drugs and given in adequate quantity?,"matured roots of Tri\Titam, soaked in the expressed juice of the principal purgative drugs and subsequently pulverised and mixed with a considerable quantity of Saindhava salt and powdered Magara, should be administered through the medium of curd or sour rice gruel, etc. to a patient, suffering from a disease due to the derangement of the bodil)' Vayu. The same powder mixed with modifications of sugar- cane juice (such as treacle, sugar etc.), oi with decoctions of drugs belonging to the Madhuradi group (Kakolyadi-gana), or with milk, should be prescribed for a patient laid up with Pittaja distemper.""* In diseases due to the deranged action of the Kapham the same powder should be administered with a decoction of Guduchi, Arishta or Triphala, or with the addition of pulverised Vyosha and cow's urine. Onepart of the same powder(Trivrit), mixedwith one part of old treacle and the drugs known as Trivarnaka, and Tryushana, should be administered for purgative pur- poses in a disease (due to the concerted action of the deranged Viyu and Kapham). As an alternative, a Prastha mea sure (four seers) cf the decoction of the Trivrit roots, mixed with a Kudava measure (half a seer) of their paste, and a Karsha (two tolas) weight of Saindhava salt and Xagara, and boiled together, and then formed into a condensed compound should be used ; or one part of the paste of the same roots, mixed with half a part each of rock-salt and powdered Nagara, should be administered through the vehicle of cow's urine. A compound consisting of one part of each of the following drugs viz., powdered Trivrita roots, Nagaraand Haritaki, and a half part of each of such drugs as powdered Maricha, Devadaru, Vidanga and ripe Puga nuts, mixed with rock-salt, and administered throughthe medium of cow's urine, should be considered as an effective purgative (in diseases of whatsoever type).",Sushruta Samhitha,1,839
What is the definition of a compound that consists of equal parts of sugar?,"(such as the Trivrit roots, etc.) should be boiled with four parts of their own decoction, and one part of pow- dered wheat steamed in the fumes of a separate quantity of a similar boiling decoction, should be pounded with a quantity of clarified butter boiled and prepared with * The quantity of old treacle should be equal to the aggregate weight of the other drugs in the compound under similar circumstances. Chap. XLIV. ] SUTRASTHANAM. ^O^? the same decoction. Then having cooked a quantity of thin treacle in a separate utensil, powders of wheat and purgative drugs prepared as above, should be cast into it, immediately before being completely cooked, and the vessel should be taken down from the oven and allowed to cool. Then this confection (Modaka) should be perfumed with aromatic drugs and regarded as ready for use. In short, this purgative Modaka is good food as well.",Sushruta Samhitha,1,843
"Doctor, what is the compound you are referring to in terms of its description?","powdered Ajagandha, Tvakkshiri, Vidari and Trivrit and licked with honey and clarified butter",Sushruta Samhitha,1,845
"Doctor, how much should I boil a Pala weight of sugar according to the Ayurvedic classical texts?","Tvak, Patram and Maricha, and administered with an adequate quantity of honey and sugar, should be regarded as a good purgative for delicate persons.",Sushruta Samhitha,1,848
What are the preparations you use for Purgative Asavas?,"A compound consisting of equal parts of powdered Trivrit, Shyama (Vriddha-Daraka), Yavakshara, Shunti and Pippali, and taken with honey.",Sushruta Samhitha,1,850
What are the preparations for purgative rice called Surar?,"All purgative drugs* should be duly boiled in water. Three parts of the decoction thus prepared should be mixed with two parts of cold powdered barley (Phanitam) and again boiled over a fire. Then after boiling it, it should be taken down from the oven, cooled and poured into a pitcher previously coated inside with a special plaster.t Then according to the difference of the season (cold or hot), * Several authorities exclude the plant known as Sudh^ (ManasS), while others stick to Trivrita alone in exclusion of all other drugs. t Anew earthen pitcher is first washed with water and dried in the shade. Then its inside is coated with a plaster of honey and powdered Pippali and is fumigated with the fumes of Aguru (Eagle wood).the pitcher should be kept buried in a heap of paddy for a month, or a fortnight. It should be taken out and understood to be ready for use as soon as it would emit a winy or fermented odour. Asavas (fermenting liquours) of animal urines and alkaline substances should be likewise prepared in the foregoing manner.",Sushruta Samhitha,1,852
"Doctor, after the previous treatment, was there a separate portion of Shali rice cooked by steaming?","Quantities of Masha pulse and Shali rice should be respectively first soaked and washed in a decoction of purgative roots. Then they should be dried and pounded together and made into balls, which should be subsequently dried in the sun and again pulverised.*",Sushruta Samhitha,1,854
How is the preparation of purgative Souvira-kas (Barley Wines) made according to The Susruta Samhita?,"in the vapours of the aforesaid decoction, and kept apart, should be made into cakes. Then three parts of these cakes should be mixed with one part of the aforesaid powdered ball. The compound thus obtained should be soaked in an adequate quantity of that purgative decoction previously kept apart in an earthen pitcher of the plastered type, described before. The Sura should be deemed ready for use, as soon as it would emit the peculiar honey-like smell. Suras of emetic drugs should be likewise made in the same manner. Preparations of purgative Souvira-kas (Barley Wines) ;Trivrit roots and drugs * For imparting to it liie necessary Enzyme, 4o8 THE SUSHRUTA SAMHITA. [ Chap. XLiv. belonging to the groups of Vidarigandha and major Panchamulam, as well as Murva, Sh^rngashta, Sudha, Haimavati, Triphala, Ativisha and Vacha should be mixed together and then set apart in two equal parts. A decoction should be made of one of them, while the other should be reduced to a state of powder. After that, a quantity of well thrashed and huskless barlej^ should be soaked in the aforesaid decoction for seven days, and should be subsequently dried and fried a little. Then three parts of the latter and one part of the aforesaid powder (powdered Trivrita roots etc.) should be mixed together and soak- ed in the aforesaid cold decoction of those drugs.",Sushruta Samhitha,1,855
What is draught ot vrarin water?,"draught ot vrarin water. A compound composed of Haritakis pasted with a decoction of the drugs constituting the group of Pippalyadi and a bit of Saindhava salt, exerts an instantaneous purgative action.",Sushruta Samhitha,1,871
What is the method for consuming Haritakis according to the text?,"normal condition of the bodily Vayu (laxative), in rejuvenating an used up or exhausted frame, and in soothingly in igorating the sense organs. Haritaki destroys all diseases, which are due to the use of 414 THE SUSHRUTA SAMHITA. [Chap. XLIV sweet or richly cooked dishes (Santarpanam) such as, thirst, etc. Amalakam is cooling, and refrigerent; it sub- dues Pittam and Kapham and is antifat in its virtues. Vibhitakam is cooling ; it subdues Pittam and Kapham. The-group of medicinal fruits known as the Triphala consists of Haritaki, Amalakam and Vibhitakam, which are collectively marked by an acid-astringent taste with a shade of bitter and sweet.",Sushruta Samhitha,1,872
"What is the process for extracting a good purgative for a child up to its twelfth year, as described in this text?","season, and then kept buried for a week in a bed of sand. After that, they should be unearthed and dried in the sun, and their stones or seeds (lit. marrow) should be taken out. Then the essential oil of the seeds should be extracted by pressing them in an oil-mill like the seeds of sesamum, or  boiling them with water (hot expression).",Sushruta Samhitha,1,877
"What substances can act as a good purgative according to Ayurveda, and when should they be prescribed?","consisting of Castor oil saturated with powdered Kushtha and Trikatus, acts as a good purgative. Castor oil taken with a decoction of Triphalas, double its own measure, or with milk or extract of meat, acts as a good purgative, which should be prescribed for infants, old men, or persons debilitated from the effects of ulcer cachexia, or of delicate constitution. I have finished describing the preparation and appli- cation of fruit purgatives. Now hear me, O Sushruta, discourse on similar milky exudations of plants and trees, etc. which are possessed of purgative properties.",Sushruta Samhitha,1,879
"What is the compound prescribed for purgative purposes, according to The Susruta Samhita, that includes Panchamulam and Vrihati, mixed with milky juice of Sudha plant, boiled over charcoal fire, taken with acid liquids like wine or sour rice gruel, and also includes a gruel made from rice saturated with Mahavriksha's milky exudation, among other components?","constituting the gi'oup of major Panchamulam and Vrihati, etc. should be mixed with one part of the milky juice of a Sudha plant (thus forming an eighth part of the whole compound). After having boiled it over a charcoal fire, the compound should be taken with two Tola (kola) weights of any acid liquid (such as wine, sour rice gruel, cream of curd, etc.) in the manner of Trivrit compounds. A gruel made of rice saturated with the milky exudation of a Mahavriksha, or a sweetened, porridge-like preparation of the same substance (Utka- 41 THE SUSHRUTA SAMHITA. [Chap.XLIv. rika) made with treacle, should be deemed as possessed of purgative properties.",Sushruta Samhitha,1,883
"What are the concoctions made from roots, barks, and milk exudations of plants that I might be prescribed, depending on my specific condition?","concocted with roots, barks and milk exudations of plants, etc. have been described, w-hich should be prescribed after carefully considering the nature of the case under treatment and according to their specific indications.",Sushruta Samhitha,1,885
"What is the recipe for the porridge given in Sutrasthhanam Chapter XLIV, and what are the properties of atmospheric or rain water mentioned in the Drava-Dravya-Vidhi-madhyaryam chapter?","The recipe for the porridge given in Sutrasthhanam Chapter XLIV is as follows: First the wheat should be saturated with the milky juice of a JNlaha-Vriksha and then macerated. The powder should be then cooked with milk and treacle and made into a thick porridge. It includes three Shana weights of powdered Triphala pulp, and three Shana weights of powdered Vidanga, Pippali and Yavakshara, mixed and pounded together, which should be licked with honey and clarified butter, or made into a confection with treacle for purgative purposes. The medicine does not entail any strict regimen of diet and conduct. It is one of the most effective remedies (of our pharmacopoeia) and proves curative in Gulmas, enlargement of the spleen, cough, Halimakam (chlorosis ), non-relish for food and in diseases due to the action of deranged Kapham and Vayu. A wise and intelligent physician should administer purgative medicines through the vehicles of clarified butter, oil, milk, Mad3'a (wine) cows urine, meat essence, or through the expressed juice of drugs, or through articles of food, or in forms of electuar. The six kinds of purgatives are the milky exudations,expressed juices, pastes, decoctions, cold infusions and powders of medicinal drugs or herbs, and each of these preceding factors should be deemed stronger than the one immediately following it in the order of enumeration. The Chapter XLV discusses the rules to be observed in respect of liquid substances in general (Drava-Dravya-Vidhi-madhyaryam). Water Group: Atmospheric, or rain water is possessed of a non-patent taste. It is ambrosial in its nature, pleasant and beneficial to life. It is enlivening,* invigorating or strength-giving, refrigerant, frigorific, antipyrotic_, anti-hypnotic, and conquers vertigo, drowsiness and fits of fainting. It is most wholesome to the human body. After having fallen upon the surface of the earth it acquires one of the six different tastes according to the nature of its receptacle such as, a river, or a Xada (a river with a masculine name), a pond, a tank (Vapi) i, a Kupa , a Chunti \, a fountain, an Artesian spring a Vikira 1, fallow land (Kedar), or a pond covered over with a growth of aquatic plants * Enlivens the body during fits of fainting and such like cases. + Imparts strength to the exhausted or emaciated frames.",Sushruta Samhitha,1,887
What does Sutrasthanam 419 (Palvala) mention about the taste of water and soil?,"Certain authorities maintain that heavenly or atmospheric water having fallen on a red, brown, grey, yellow, blue or white coloured soil, respectively assumes a sweet, acid, saline, pungent, bitter or an astringent taste. But the theory is not a soTind one in as much as the comparative predominance of the attributes of the five material principles in a particular soil determines the taste of the water contained therein. Water, contained or collected in a soil marked by a predominance of the attributes of earth-principle, acquires an acid and saline taste. Water, contained in a soil marked by a predominance of the attributes of fire, acquires a bitter and pungent taste. Water, contained in a soil marked by a pre-dominance of the attributes of air, acquires an astringent taste. The sky is devoid of all tastes, and hence, the water contained in a soil, which is largely possessed of the specific attributes of that element, is characterised by the absence of any taste whatever.",Sushruta Samhitha,1,889
"What are the different classes of atmospheric water mentioned in The Susruta Samhita, and which one is considered best for its lightness?","The different classes of atmospheric water mentioned in The Susruta Samhita are rain water, hail water, frost water or dew, and snow water. Of these, rain water is considered the best for its lightness.",Sushruta Samhitha,1,891
"What are the described virtues of curd and whey according to Ayurveda, including their effects on deranged  Pittam, digestion, taste, seasonal recommendations, and any other related properties?","deranged Pittam, imparts a relish to the food, and acts as a good stomachic remedy. It increases the strength and the root principle of life. The cream of curd is heavy and spermatopoietic. It subdues the deranged Vayu, impairs digestion and is phlegma-gogic and aphrodisiac. Curd made without cream is parchifying, astringent and arrests stool and urine (Vistambhi), It increases the bodily Vayu. It is appetising and is comparatively lighter, a little astringent in taste, and imparts a rehsh to food. The use of curd is generally prohibited in (Vasanta)  spring, (Grishma) summer, and (Sharat) autumn, whereas it is recommended during the rains (Varsha) and in the forepart of winter (Hemanta), and in the cold season proper (Shishira). The residuar}^ sediment of curd (Mastu) is frigorific and refrigerant, light and purifying to the internal channels of the body. It has a sweet and astringent taste and is anti-aphrodisiac. It destroys the deranged Vayu and Kapham, and is pleasant and palatable. It acts as a speedy purgative, and imparts strength to the system and relish to the food. In this group have been described the virtues of the seven kinds of curd such as, the sweet, the acid, the extremely acid, the curd of incomplete curdling, the curd of boiled milk, curd cream, and the creamless curd, as well as the residuary sediment (Mastu). The Takra Group :The Takra (whey) is sweet and acid in taste, and leaves an astringent after-taste. It is light, appetising and heat-making in its potency, and has a parchifying effect upon the organism.",Sushruta Samhitha,1,
What conditions can benefit from Kshira Ghritam as it is astringent?,"(Kshira Ghritam) is astringent, and proves beneficial in eye-diseases, hcemoptysis, epileptic fits, and vertigo.",Sushruta Samhitha,1,
"What does Jhrita-manda act as and what conditions is it recommended for, according to SUTRASTHA'NAM, Chap. XLV?","( Jhrita-manda) acts as a laxative, cures aching pain in the vagina, ears, eyes, or in the head, and is recommended to be used as an errhine, an enema or as eye-drops.",Sushruta Samhitha,1,
What are some conditions that digestion can potentially help with according to Ayurveda?,"It subdues the three deranged bodily humours, and proves curative in epileptic fits, obesity, insanity, abdominal dropsy, fever, chemical poison- ing, oedema, hysteria, and in aching pain in the vagina, ears, eyes or head. It is appetising and is recommended to be used as eye-drops and enema, and for sternutatory purposes. Authoritative verses on the sub- ject:Old or matured clarified butter proves curative ni Timira (Gutta Serena), dyspnoea, catarrh, fever, cough, epileptic fits, and Kushtam, in cases of poisoning, mental aberration, and hysteria ascribed to the influence of malignant planets.",Sushruta Samhitha,1,
What are the properties and effects of Kumbha Gritam (Pitcher clarified butter) and Agneya substances (Oils belonging to the category of fiery) as per Susruta Saahita?,"Kumbha Gritam is said to be possessed of the mystic potency of warding off' the invasions of monsters, it acts as a prophylactic against the malignant influences of all evil spirits and baneful planets, and should be taken by men in whom predominates. It subdues the deranged Kapham, and improves the strength and intellect. The Oil Group :Oils, which belong to the category of fiery (Agneya) substances, are hot or heat- making in their potencies, irritating, and sweet in taste and digestion, and are constructive (Vrinhanam), and pleasant. They expand through the entire system im-mediately after being drunk or rubbed (Vyavayi),and are subtile, clear, heavy, and laxative (Sara). They tend to expand the bone-joints and contribute to their free and easy movements . They act as spermatopoietics (Vrishyam), and purify the skin, improve the memory, and impart softness to the skin and complexion. They are flesh-making and strength-imparting, and increase the firmness of the body. They are possessed of eye- invigorating virtues, and are anuretic, liquefacient (Lekhana), bitter and stomachic . They cure  and Kapham. They are vermifuge and produce a slight Pittam, leaving an astringent after-taste. They relieve aching pain in the head, ears, and the female organs of generation (Yoni), act as purifying agents in respect of the uterus, and prove curative in urticaria.",Sushruta Samhitha,1,907
"Are there any oils that can help with cut wounds, burns, scalds, or bites from wild animals or birds, and are beneficial in baths, unguents, lubrications, snuffing, enematas (Vasti), eye-drops, ear-drops, seasoning soups, curries, cordials, etc., and can also improve memory, complexion, intellect, and purify the semen, vagina, and remove vaginal and uterine disorders?","Yes, Castor Oil is one such oil that can help with cut wounds, burns, scalds, or bites from wild animals or birds, and is beneficial in baths, unguents, lubrications, snuffing, enematas (Vasti), eye-drops, ear-drops, seasoning soups, curries, cordials, etc. It also improves the memory, complexion and intellect (of its user), subdues the bodily Vayu and Kapham, and cleanses the system from all injurious principles by inducing purging.",Sushruta Samhitha,1,909
"What are the therapeutic properties of Yavatikata-oil, oil from Ekaishika seeds, oil of mango stones, clarified butter, myosin, fat, marrow, Ghritam obtained from certain animals, and honey as per the Susruta Samhita?","ulcers, and prove curative in diseases due to the deranged  and Kapham, as well as in skin-diseases (Kushtha), and parasitic complaints. Yavatikata-oil tends to subdue all the deranged humours, is slightly bitter, and acts as a good elixir. It is appetising, acid, and liquefacient. It is holy and wholesome (Pathyam), and serves to improve the memory of its user. The 448 THE SUSHRUTA SAMHITA. [ Chap. xLv. Oil From Ekaishika seeds is sweet, and extremely cooling. It subdues the Pittam, increases the Kapham and aggravates the V^yu. The Oil of the seeds of mango stones is slightly bitter in taste, and extremely aromatic. It subdues the Va}^! and Kapham. It is parchifying, sweet and astringent, palatable, and not highly Pittam-making. The therapeutic properties of the oils from the seeds of fruits, which have not been specifically described in the present chapter, should be considered as identical with those of the fruits or seeds of which they have been so pressed out. All the vegetable oils (Sneha) described above should be regarded as possessed of the virtue of subduing the bodily Vayu, and they possess some of the properties, which specifically belong to Besainum oil. Sesamum oil is the most commendable of all oils inasmuch as the very word, which signifies oil (Tailam), is etymologically derived from Tilam (sesamum). The oil, myosin (Vasd), fat, marrow, and Ghritam obtained from animals, which live in villages (Gramya), or frequent the marshy swamps (Anupa), or are aquatic (Audoka) in their habits, are heavy, heat-making in their potency, and sweet in taste. They subdue the bodily Vayu, while those obtained from J^ngala (such as deer, etc.) or carnivorous animals, or from those possessed of unbifurcated hoofs, are light, cool in their Chap. XLV. ] SUTRASTHA'NAM. 449 potenc}', astringent in taste, and prove curative in cases of haemoptysis. The fat, marrow, etc. of animals of the Pratuda and Vishkira species (doves, pigeons^ etc.) reduce the bodily Kapham. Of clarified butter, oil, myosin (Vasa), fat and marrow of animals eacli is heavier in digestion, and possesses a greater power of subduing the bodily Vayu than the one immediately preceding it in the order of enumeration. The Honey Group: Honey is sweet, and leaves an astringent after-taste. It is parchifying, cold, stomachic, cosmetic, tonic, light, softening, palatable, liquefacient (Lekhanan), and fermenting (Sandhanam).",Sushruta Samhitha,1,910
"What are the properties and uses of alkali, different types of treacle (Matsandika, Khamda, Sharkara), and sugar (Madhu Sharkara and Yavasa Sharkara) according to Ayurveda as described in The Sushruta Samhita?","alkali. It is sweet in taste and not too cooling. It acts as a demulcent and purifier of the blood and urine. It subdues the deranged Vayu and, to a slight extent, deranges the Pittam as well. It increases fat, Kapham, and corpulency, and is possessed of tonic andspermatopoietic properties. White and purified (Shuddha) treacle is sweet in taste, and purifies the blood. It subdues the deranged Vayu and Kapham, and is one of the most wholesome diets for man. Its efficacy increases with its years. The different modifications of treacle such as, the Matsandika, Khamda, and Sharkara (sugar) which are progressivly more refined, should be deemed as gaining 456 THE SUSHRUTA SAMHITA. [ Chap, XLV. more in their cooling, demulcent and aphrodisiac pro-perties, and getting heavier in digestion in each of the successive stages of refinement. They are successively more frigorific, and beneficial in cases of ha3moptysis. lYIctrica! Texts :Ã¢ÂÂTo the properties considered as specially belonging to each of these modifications of treacle should be attributed its power of producing its own refinement and efficacy. The virtues of sugar such as, laxativeness, etc., should be regarded as proportional to its refinement, freedom from alkaline saturation, and the actual quantity of sweetening matter (lit. substance) contained in it. Sugar prepared from concentrated honey (Madhu Sharkara) is parchifying and liquefacient. It proves beneficial in cases of vomiting and dysentery, is pleasant, has a sweet and astringent taste, and is sweet in digestion. Sugar prepared from a decoction of Yavasa Sharkara (Duralabha) has a sweet andastringent taste, leaves a bitter after-taste, and is possessed of laxative properties, and subdues the deranged Kapham.",Sushruta Samhitha,1,911
What are the kinds of wine that I should always have?,"such as are thick, bad smelling, or insipid or full of worms, or heavy and acid in digestion, un- pleasant, new, strong and heat-making in their potency, or which have been preserved in an improper vessel, or which have been prepared with a comparatively lesser number of ingredients or have been iTecanted over-night, or are extremely slimy or transparent, as well as the dregs of all kinds of wine.",Sushruta Samhitha,1,932
What type of medicines should I avoid according to Ayurveda?,"number of ingredients, or that which is slimy, heavy and takes a long time to be digested, should be deemed as an agitator of the bodily Kapham.",Sushruta Samhitha,1,933
What are the effects and properties of Tushamvu and Sauvira beverages according to Ayurveda?,"the Tushamvu and Sauvira are pleasant and appetising beverages. They prove efficacious in cases of jaundice, worms in the intestines, dysentery, piles, and in diseases affecting the heart. They are possessed of purgative (Bhedi) properties.",Sushruta Samhitha,1,934
"What are the properties and uses of urine from different animals as mentioned in The Susruta Samhita, Chap. XLV?","The urine of cows, buffaloes, goats, sheep, mules, horses, and camels are commonly hot and bitter, light, used as piu-ifying agents, and will prove curative in diseases due to the derangement of Vayu or Kapham, as well as in worms in the intestines, obesity, poisoning, abdominal glands, piles, ascites, cutaneous affections, oedema, non-relish for food, and jaundice. In general they act as cardiac stimulants (Hridyam) and appetisers. They are all pungent, strong, hot, light and have a saline after-taste. They act as blood-piu-ifiers or disinfecting agents, reduce corpulency, act as vermi-, subdue the deranged Vayu and Kapham, and prove beneficial in cases of piles, ascites, abdominal tumours, oedema and non-relish for food. They prove beneficial in jaundice, and act as cardiac stimulants, and are possessed of appetising, purgative and stomachic virtues.",Sushruta Samhitha,1,935
What is the definition of the poison generated through the chemical action of two different substances in my organism?,"of poison generated through the chemical action of two different substances in the organism. It is strong and proves curative in cases of chronic d5'sentery. It is a vermifuge and subdues the Vayu and Kapham, and is appetising. The urine of a camel proves beneficial in cases of oedema, leprosy, abdominal dropsy, insanitv, worms in the intestines, piles and in diseases due to the action of the deranged Vayu. Human urine is strong anti-toxic.",Sushruta Samhitha,1,936
What does the 45th chapter of the Sutrasthanam in the Sushruta Samhitd discuss about?,It discusses about kinds of liquid food or drink. An experienced physician should prescribe them for the use of his king according to the nature of season and the country in which they are to be applied. Thus ends tlie forty-fifth Chapter of the Sutrasthanam in the Sushruta Samhitd which treats of liquids. CHAPTER XLVI.,Sushruta Samhitha,1,939
"What is the definition of the specified Ayurvedic species that cause digestion, constipation, generate Vayu, have cooling potency, sweet and astringent taste, produce parched condition, subdue Pittam and Kapham, correct deranged blood, lead to loss of virile powers, and constipate the bowels?","digestion and constipates the bowels. The species Makushthaka is vermigenous, while the species Kalaya generates Vayu copiously. The species Adhaki subdues the Pittam and Kapham, and does not excessively agitate in the organism. The species known as the Chanaka generates Vayu and is cooling in its potency. It has a sweet and astringent taste, and produces a parched condition of the body. It subdues the Pittam and Kapham, corrects the deranged blood, and tends to bring on a loss of the virile powers. The species known as Satina and Harenu are astring- ent in their virtues and tend to constipate the bowels.",Sushruta Samhitha,1,945
"Do raw and unripe pulse beans (Vaidilika Shimvi) cause a condition of extreme parchedness in the system, are long retained in the stomach, and but imper-fectly digested, making them difficult to digest and causing the stomach to distend before being digested?","Pittam. Raw and unripe pulse beans (Vaidilika Shimvi) produce a condition of extreme parchedness in the system, are long retained in the stomach and but imper-fectly digested. They are relishing but can be digested only with the greatest difficulty, causing the stomach to distend before being digested.",Sushruta Samhitha,1,949
What are the properties and effects of Linseed fAtasi and White mustard (Shveta Sarshapa) according to Ayurveda?,"Linseed fAtasi has a sweet taste, is heat-making in its potency, and pungent in digestion. It generates the Pittam and subdues the Vayu. White mustard 'Shveta Sarshapa' is pungent in taste and digestion, strong and heat-making in its potency. It gives rise to a condition of parchedness in the system, and diminishes the Vayuand the Kapham.",Sushruta Samhitha,1,951
"What conditions may bring on an attack of haemoptysis, what properties are similar between red and white mustard seeds, and how does the quality of Dhdnyam and rice vary based on growing and harvesting conditions? Also, what effects do new and matured rice have on the secretions of internal organs, and what happens when rice is threshed out of paddy which has commenced sprouting?","may bring on an attack of haemoptysis. The properties of red mustard seeds are similar to those of the white species. A crop of Dhdnyam grown in an unnatural season, or in any way diseased or blighted, or gleaned before it has ripened, as well as the one raised from a soil naturally uncongenial to its growth, or recently harvest- ed, should be deemed to be of inferior quality. 'The use of new (harvested within a year) rice tends to increase the secretions of the internal organs, while that of a year's maturity is light.* Rice threshed out of paddy, which has commenced sprouting, is heavy, and is long retained in the stomach.",Sushruta Samhitha,1,955
"Could you please explain to me about the maturity, preparations (Sanskara), and measures of corn from Shili rice to mustard seeds as described in this Chapter, the properties of different species of edible meats, and how they digest or are prepared?","the organ of vision. The maturity, preparations (Sanskara), and measures of corn from Shili rice to mustard seeds described in the present Chapter are as follows:[Rice of two years standing should be regarded as well matured in time and excellent in quality. A thing, which is hard to * Rice of more than two years standing becomes divested of all its nutritive elements. digest like Vrihi, is made light by frying. Measures for use should vary according to the keenness of one's appetite.] The meat Group :Now I shall de^-cribe the properties of the different species of edible meats.",Sushruta Samhitha,1,959
What are the properties and uses of different types of Tittiri flesh according to Ayurveda?,"humours of the body. The flesh of the Tittirs is slightly heavy, heat-making and sweet in taste. It is spermatopoietic, appetising and astringent. It improves the intellect and complexion, and subdues the three deranged humours. The flesh of the yellow (Gaura) Tittiri proves curative in hic-cough and dyspnoea, and subdues the deranged Vayu. The flesh of the Kapinjala is light and cooling, and proves curative in cases of haemoptysis, and is recommended in diseases brought about through the deranged condition of the Kaphamor V^yu (Manda-vata""",Sushruta Samhitha,1,978
What are the properties of the Mayura's flesh and the birds belonging to the Pratuda group?,"The Mayura's flesh is light, pleasant (palatable), spermatopoietic, and appetising. It subdues the Vayu and Pittam and improves the intellect. The flesh of the Mayura is astringent and saline in taste, beneficial to the skin, helps the growth of hair, improves the voice. Chap. XLVi ] SUtRASTHANAM. 4^3 intellect, appetite and relish for food, and imparts strength and vigour to the organs of sight and hearing. The flesh of a wild cock is demulcent, heat-making, and spermatopoietic. It acts as a diaphoretic, imparts tone to the voice and the organism, subdues the deranged Vayu, and is useful as a good constructive tonic. The flesh of a domesticated cock or fowl is possessed of properties similar to those of its wild prototype with the exception that it is heavy, and proves curative in rheumatism, consumption, vomiting and chronic (Vishama-Jvara) fever. Birds such as the dove, pigeon Bhringaraja, cuckoo, Koyashtica, Kulinga, the domestic Kulinga, Gokshada, Dindimanaka, Shatapatraka, Matrinindaka, Bhedashi, Shuka, Sharika, Valguli, Girisha, Alahva, Dushaka, Sugrihi, Khanjaritaka, Harita, Datyuha, etc. belong to the group known as the Pratuda. Metrical Texts :Ã¢ÂÂThe Pratudas live on fruit, and their flesh has a sweet and astringent taste.",Sushruta Samhitha,1,980
What are the properties and benefits of the flesh of the Kana Kapota (wild dove) according to The Susruta Samhita?,"The humours and to derange the three excrements of the body. The flesh of the Kana Kapota (wild dove; is heavy and has a palatable, saline and astringent taste. It proves beneficial in hasmoptysis and is sweet of digestion.",Sushruta Samhitha,1,981
"What are the benefits of eating different types of domestic animals according to Ayurveda, as described in the provided sentence?","Pittam. The flesh of the Shalyaka is tasteful, light of digestion, cooling in its potency and anti-toxic, and subdues the deranged Pittam. The flesh of the Mrigii-Priyaka proves a wholesome diet in diseases due to the action of the deranged Vayu( Vayu-Roga), while that of the Ajagara is beneficial in piles. The flesh of a Sarpa (a species other than those specifically described) is curative in piles and derange- ments of the Vayu. It is a vermifuge and anti-toxic (a neutraliser of chemical or resulting poisons). It in- vigorates the eye-sight, is appetising and sweet and improves the intellect. Of these the flesh of the Darvicara is appetising, pungent in digestion, sweet in taste, and extremely efficacious in ej^e diseases. It is laxative and diuretic, and subdues the deranged Vayu. Domestic Animal Group :Ã¢ÂÂAnimals such as horses, mules, cows, bullocks, asses, camels, goats, sheep, and Medapuchhas (fat tailed or Turkish sheep) etc., belong to the group of domestic animals (Gr^myas). IVIctrical Texts :Ã¢ÂÂThe flesh of domestic animals is possessed of constructive, tonic and appetising properties, is sweet in taste and diges- tion. It destro5's the deranged Vayu and produces the Kapham and Pittam. Of these the flesh of the goat is Chap. XLVI. ] SUTRASTHA'NAM. 487 moderately cooling in its potenc}^ does not increase the secretions of the internal organs, is heavy and demul- cent, subdues the'Pittam and the Kapham, and is bene- ficial in nasal catarrh. The flesh of sheep (mutton) is constructive, tonic and heav)', and generates the Pittam and Kapham. The flesh of the Medapuchcha is aphrodisiac and has properties similar to those of mutton. Beef is holy and refrigerant, proves curative in dyspnoea^ catarrh, cough^ chronic fever and in cases of a morbid craving for food (Atyagni), and destroys the deranged Vayu. The flesh of an animal with unbifurcated hoofs (Ekashapha such as, the horse and the mule etc.), has a slightly saline taste, and is possessed of properties similar to those of mutton. The flesh of an animal belonging to the Jangala group is said to increase the secretions of the internal organs.",Sushruta Samhitha,1,982
What are the animals that frequent marshy places called and what are their properties as per Ayurveda?,"The animals that frequent marshy places (Anupas) may be divided into five groups such as Kulacharas, Plavas, Koshastha, Fadinas, and the piscatory Matsya. The flesh of an animal from this group is spermatopoietic and destroys deranged Vayu and Kapham. It is sweet in taste and digestion, cooling, tonic, demulcent, diuretic, and increases the quantity of Kapham.",Sushruta Samhitha,1,983
"What is described above as good and whole-some, regarding the use of flesh in different species, and also about the heaviness or lightness of flesh from different body parts of an animal?","described above should be deemed as good and whole- some. The flesh of a female quadruped, or of a male bird, or of a small-bodied creature of a large-sized genus, and vice versa, is principally recommended to be used amongst quadrupeds, birds, and animals. Similarly the flesh of a small-sized creature amongst large-bodied ones of the same species should be pre-ferred as food. Chap. XLVI. ] SUTRASTHANAM. 495 Now we shall discourse on the heav}' or light character of flesh obtained from different parts of the body of anÃÂ«animal. Of the different fundamental principles of the body from the blood to the semen, each succeeding one is heavier than the one* im- mediately preceding it in the order of ennumeration. Similarly, (of the different limbs or organs of a quartered animal such as), the thighs, the shoulders, the loins, the head, the legs_, the fore-extremities, the waist, the back, the skin, the kidneys, the liver and the intestines, each succeeding one is respectively heavier than the one immediately preceding it in the order. Metrical Texts: Ã¢ÂÂThe head is heavier than the shoulders ; the shoulders, than the waist ; and the waist, than the back. Similarty, the upper parts of the Sakthi (thighs) are heavier than their lower ends.",Sushruta Samhitha,1,984
Could you please explain to me the seven fundamental principles of my organism?,"(such as the lymph chyle, blood, flesh, fat, bone, marrow, and semen) each succeeding one is heavier than the principle immediately preceding it in the order of enumeration. The trunks of all animals are heavy. The lo\k^er part of a female frame and the upper one of a male are respectively heavier [than their upper (fore) and lower (hind) parts.]",Sushruta Samhitha,1,986
"What virtue of this fruit should I be ascribing, according to Ayurveda?","to its acid taste ; its power of subduing the Pittam, to its sweetness and coolness ; and its efficacy in subduing the Kapham, to its affecting the tongue as a dr)'- astringent substance. This fruit is by far the best known fruit as possessing high therapeutic properties. The Karkandhu, lil^e the Kola or the Vadara, generates the Kapham and Pittam in its unripe or immature stage, while in its ripe or matured stage it is sweet, demulcent, purgative and subdues the Vayu and Pittam. The fruit known as the Sauvira is possessed of properties similar to those of the Vadara ; moreover it is sweet, demulcent, and subdues the ""\'ayu and Pittam. The Shimvitika-fruit is cooling, astringent and palatable and has an astringent taste. The Kapittham in its unripe stage produces hoarseness.",Sushruta Samhitha,1,987
"What are the effects of various fruits mentioned in the Susruta Samhita on a person suffering from colic pain, indigestion, constipation, poor appetite, and disorders related to Vayu and Kapha imbalance, especially when the appetite for food is lost?","An unripe Amra tends to generate Vayu and Pittam, while one with closed polleni Vaddha-keshara type generates Pittam. Ripe Amra helps the formation of fresh blood, increases the formation of semen and subdues the Vayu and Pittam. The Amratakaf Hog-apple tends to increase Kapha in the system. Lakuclia tends to destroy semen and derange the three fundamental humours of the body. Karamardakam generates Kapha, allays thirst, and subdues Pitta and Kapha. Piyalam is heavy, cooling, spermatopoietic. Bhavyamis cleanses the mouth and subdues Pitta and Kapha. It is astringent, heavy, cooling and long retained in the stomach. Pardvatam destroys Vayu and reduces a voracious appetite. Nipalike old Amalaka fruits neutralizes the effects of poisons originated through the chemical combination of incompatible substances in the organism. Unripe Tintidika subdues Vayu, generates Pitta and Kapha in the organism, while in its ripe state it is astringent, hot-making and stomachic. It destroys Vayu and Kapha and restores a relish for food.",Sushruta Samhitha,1,989
"What are the properties and effects of various fruits mentioned like Amlika, Narang'a, Jamvira, Airavata, Dantashatha, Ashvatha, Plaksha, Audumvura, Kshira-Vrikshas, Jamva, Rajadana, Todana, Tinduka, Vakula, Phanvana, Ashmantaka, Ashvakarna, Phalgu, Panishaka, Gangeruka, Pushkara, Varti, Villa and Vimvi?","identical with those of the Tamarind. The properties of a ripe .Amlika fruit are the same as those of  the latter with the exception that it further acts as a purgative. The Narang'a has a sweet and acid taste, is pleasant and refreshing, and gives a relish to food. It is heavy, difficult to digest and subdues the Vayu. The Jamvira tends to allay thirst and cures colic pain, Vater- brash, vomiting and asthma ; it subdues the action of the deranged Vayu and Kapham, removes constipation of the bowels, and helps to create a healthy secretion of the Pittam. The Airavata and Dantashatha (different varieties of Jamvira are acid and tend to bring on an attack of haemoptysis. The fruit lof such trees as the Ashvatha, the Plaksha, the Audumvura, etc., which pass by the general name) of Kshira-Vrikshas as well as those which are known as the Jamva, Rajadana, Todana, Tinduka, Vakula, Phanvana, Ashmantaka, Ashvakarna, Phalgu, Panishaka, Gangeruka, Pushkara, Varti, Villa and Vimvi, etc. are cooling, and astringent in their effect. They subdue the Pittam and Kapham, tend to produce a condition of parchedness in the system, and have a sweet and astringent taste.",Sushruta Samhitha,1,990
"Could you please explain to me the characteristics and effects on my body of the different fruits mentioned in Ayurveda, such as Kshiri-Vrikshas, Jamvava, Todana, Tinduka, Vakula, Dbanvana, xangeruka, and Ashmantaka?","genus Kshiri-Vrikshas is heavy and cooling, and is long retained in the stomach in an undigested state. It has a sweet, acid and astringent taste and does not inordinatel}' derange the Vayu. The fruit  known as the Jamvava generates the Vayii. It is astringent, and subdues the Pittam and Kapham, while the Rajadanais demulcent, sweet, astringent and heav}'. The Todana is acid, astringent, and sweet in its taste and is parchifying and subdues the Pittam and Vayu. It is (heat-making) in its potency, easily digestible (light of digestion), astringent, demulcent and appetising and further generates the Pittam. Unripe Tinduka fruit is astringent, and heavy in digestion and produces Vayu in the organism, while in its ripe or fully matured stage it is sweet, and subdues the Kapham and Pittam. The Vakula fruit has a sweet and astrin- gent taste, is demulcent and astringent in its proper- ties, imparts a greater firmness to the teeth, and removes the viscid condition of the membranes. The fruit of the Dbanvana has an astringent taste, and is cooling and palatable and subdues the Vayu and Kapham. The fruit of the |xangeruka and Ashmantaka is possessed of similar properties as the preceding ones.",Sushruta Samhitha,1,991
"Doctor, could you explain to me what is described as an undigested state, sweet-tasting, heavy to digest, refreshing, and demulcent in its effects?","an undigested state, has a sweet taste, and is heavv of digestion, refreshing, and demulcent in its effect.",Sushruta Samhitha,1,992
"Can you explain the properties of the Pushkara and Vilva fruits, and also if the Vimvi fruit and Ashva karna are galactagogic?","taste with a shade of the sweet, leases an astringent after-taste, is light of digestion, generates the Pittam, and subdues the Kapham; while in its ripe state it is sweet in taste, subdues the Vayu and Pittam, is sweet in digestion and coohng in its potency and proves curative in cases of haemoptysis. The Pushkara fruit is sweet, and is long retained in the stomach in ^n undigested state. It produces the Kapham and is tonic, and heavy of digestion (hard to digest). Raw and tender Vilva fruit subdues the Vayu and Kapham. It is keen, demulcent astringent, and appetising, has a pungent, bitter and astringent taste, and is heat-making in its potency, while in its ripe state it leaves a sweet after-taste. Further it is heavy of digestion, can be but incompletely digested, and is long retained in the stomach, causing it thus to distend and producing the emission of a fetid-smelling flatus. The Vimvi fruit, as well as that known as the Ashva karna, is galactagoguic.",Sushruta Samhitha,1,994
"Which fruits are beneficial for cases of thirst, burning sensation of the skin, fever, hgemoptysis, cough, asthma, and consumption, and act as constructive tonics while subduing Vayu and Pittam?","The fruits such as, the Tala, Narikela, Panasa and Maucba, etc. are sweet in taste and of digestion, and subdue the Vayu and Pittam. They are cooling in their potencies, and act as constructive tonics.",Sushruta Samhitha,1,995
What are some properties and effects described in the Ayurvedic text regarding certain fruits and Bhallataka tree stems?,"shghtly bitter in taste, improves a rehsh for food, and is pleasant, aromatic and refreshing to the whole system. It subdues the Kapham and Pittam. The fruits such as the Vasiram, and the Shitapakyam, as well as the stems of Bhallataka trees, are hard to digest and are long retained in the stomach in an undigested condition. They tend to produce a state of dryness in the organism, derange the Vayu, are cooling in their potency, sweet of digestion, and prove curative in cases of heemoptysis. The fruits known as the Aii'avata and the",Sushruta Samhitha,1,996
"What are the properties, uses, and effects of urine, Chitraka, Tilaparni, Varshabhu, Mulaka-Potika, and raw or immature Mulaka of larger species in Ayurveda?","urine, produce a state of dryness in the organism, are sharp and heat-making in their potency, and serv^e to derange the three fundamental humours ofthe body. The herbs called Chitraka and Tilaparni are light (of diges- tion), and subdue the Kapham and oedema. The herb known as the Varshabhu subdues the Vayu and Kapham. It proves beneficial in cases of oedema, abdominal dropsy and piles. The Mulaka-Potika has a pungent bitter taste. It is pleasant, appetising, light and throat-cleansing, tends to impart a greater relish to food, and subdues the action of all kinds of deranged humours. Raw or immature Mulaka of the larger species is heavy in digestion and long retained in the stomach in an undigested state. It is irritating and lends to produce a derangement of tlie three humours of the body, while boiled with oil or butter it acts as a denmlcent and subdues the ^'ayu, Pittam and Kapham.",Sushruta Samhitha,1,997
"What are deranged humours, if they are anti-toxic, light for digestion, and all dried herbs except for the preceding one produce Vayu and take a long time to get digested?",It is anti-toxic and light (of digestion). All dried herbs with the exception of the preceding one generate the Vayu and take a long time to be digested.,Sushruta Samhitha,1,998
"What are some conditions that can be attributed to Mulaka flowers, Rasona, Palandu, Kshira-Paldndu, Kalaya, Chuchchu, Jivanti, Vrikshadani, Phanji leaves, leaves of trees or plants belonging to the Kshira-Vriksa or to the Utpala group, Punarnava, Varuna, Tarkari, Uruvuka (white castor), Vatsadani, and Vilva etc. according to Susruta Samhita?","Mulaka flowers subdue Pittam and Kapham while their fruit subdues the Vayu and Kapham. Rasona is demulcent, heat-making, sharp, pungent, slimy, heavy and laxative, palatable taste and is tonic, spermatopoietic, improves voice, intellect*, complexion and adhesion of fractured bones, alleiviates heart-disease, indigestion, fever, Vivandha, Kukshi-Shula, Gulma, non-relish for food, cough, asthma, piles, Kushtha, dulness of appetite, swelling (Shopha), worms and diseases due to the Vayu and Kapham. Palandu is not excessively heat-making in its potency, has a pungent taste, is heavy, tonic and appetising, slightly generates the Pittam and Kapham, subdues the Vayu. The species known as the Kshira-Paldndu is demulcent, cooling in its potency, relishing, imparts steadiness to the fundamental principles of the body, is tonic, promotes the growth of flesh, improves the intellect and increases the Kapham, palatable, heav'', slimy and proves beneficial in cases of haemoptysis. Kalaya subdue Pittam and Kapham, generate Vayu, are heavy and sweet in digestion, leave an astringent after-taste in the mouth. The leaves of plants and trees known as the Chap. XLVI. SUTRASTHANAM subdue the Kapham, generate the Vayu and are astringent in their action and light of digestion. Of these, the Chuchchu is light of digestion, acts as a vermifuge, slimy, proves beneficial to ulcers, is sweet and astringent in taste and action, subdues the action of the three deranged humours (Tridosha). The Jivanti herb is beneficial to the eyes and subdues all kinds of deranged humours. The leaves of the Vrikshadani plant subdue the Vayu. Phanji leaves are slightly tonic. The leaves of trees or plants belonging to the Kshira-Vriksa or to the Utpala group are cooling in their potency, astringent in taste and action, prove beneficial in dysentery, (intestinal haemorrhage) and haemoptysis. The leaves of the Punarnava, Varuna, Tarkari, Uruvuka (white castor), Vatsadani, and Vilva etc., are heat-making in their potency, have a sweet and bitter taste, pacify the deranged Vayu.",Sushruta Samhitha,1,1000
"What Ayurvedic herbs are laxative, diuretic, sweet, alkaline, slightly generate Vayu and Kapha, cure hemoptysis, and have properties similar to Chilli or Palankya as mentioned in the Susruta Samhita?","The Ayurvedic herbs are Ashvavala, Chilli, Palankya, and Vastuka etc., as mentioned in the Susruta Samhita.",Sushruta Samhitha,1,1002
"What are some potherbs that are light and palatable, prove curative for various conditions such as haemoptysis, Kushtha, Meha, fever, dyspnoea, cough, create a relish for food, and have properties to subdue the deranged bodily humours?","The potherbs (leaves of edible plants) such as the Mandukaparni, Saptala, Siinishannaka, Suvarchala, Brahma-siivarch?lla, Pippali, Gudiichi, Gojihva, Kaka- machi; Prapunnada, Avalguja, Satina, Vrihati-phala, Kantak^rika-phala, Patola, Vartaku, Kararellaka, Katukika, Kevuka, Uruvuka, Parpataka, Kiratatikta, Karkotaka, Arishta, Koshataki, A'etra, Karira, Ataru- shaka, Arkapushpi, etc., are those.",Sushruta Samhitha,1,1003
"What are the described properties of deranged Kapham that give rise to dryness, lighten digestion, cool the system, enrage/agitate the bodily Vayu and Pittam, and belong to a category of potherbs?","deranged Kapham and give rise to a condition of dryness in the system. They are light of digestion, cooling in their potency, and tend to enrage or agitate the bodily Vayu and Pittam.",Sushruta Samhitha,1,1005
"What substances have specific properties as described in Chap. XLVI.] StJTRASTHANAM. 519, and how do they affect the organism?","Kaushumbha has a sweet taste, produces dryness, is heat-making, light of digestion, and subdues deranged Kapham. Xalika-shakam has a sweet taste, generates Vayu, and subdues Pittam. Changeri has an acid, astrigent and sweet taste, is appetising, heat-making, beneficial for deranged Vayu and Kapham, curative in cases of mesenteric disorders (Grahani) and piles. Lonika, Jatuka, Triparnika, Pattura, Jivaka, Suvarchala, Kurmaka, Kathinjara, Kuntalika, Kurantika etc., are sweet in taste and digestion, cooling in potency, subdue Kapham, do not inordinately generate Pittam, leave a saline after-taste, produce dryness, are alkaline, laxative, and generate Vayu.",Sushruta Samhitha,1,1006
What are the properties and benefits of the flesh of the Kana Kapota (wild dove) according to The Susruta Samhita?,"The humours and to derange the three excrements of the body. The flesh of the Kana Kapota (wild dove; is heavy and has a palatable, saline and astringent taste. It proves beneficial in hasmoptysis and is sweet of digestion.",Sushruta Samhitha,1,999
What are the benefits of eating different types of domestic animals according to Ayurveda?,"Pittam. The flesh of the Shalyaka is tasteful, light of digestion, cooling in its potency and anti-toxic, and subdues the deranged Pittam. The flesh of the Mrigii-Priyaka proves a wholesome diet in diseases due to the action of the deranged Vayu( Vayu-Roga), while that of the Ajagara is beneficial in piles. The flesh of a Sarpa (a species other than those specifically described) is curative in piles and derange- ments of the Vayu. It is a vermifuge and anti-toxic (a neutraliser of chemical or resulting poisons). It in- vigorates the eye-sight, is appetising and sweet and improves the intellect. Of these the flesh of the Darvicara is appetising, pungent in digestion, sweet in taste, and extremely efficacious in ej^e diseases. It is laxative and diuretic, and subdues the deranged Vayu. Domestic Animal Group :âAnimals such as horses, mules, cows, bullocks, asses, camels, goats, sheep, and Medapuchhas (fat tailed or Turkish sheep) etc., belong to the group of domestic animals (Gr^myas). IVIctrical Texts :âThe flesh of domestic animals is possessed of constructive, tonic and appetising properties, is sweet in taste and diges- tion. It destro5's the deranged Vayu and produces the Kapham and Pittam. Of these the flesh of the goat is Chap. XLVI. ] SUTRASTHA'NAM. 487 moderately cooling in its potenc}^ does not increase the secretions of the internal organs, is heavy and demul- cent, subdues the'Pittam and the Kapham, and is bene- ficial in nasal catarrh. The flesh of sheep (mutton) is constructive, tonic and heav)', and generates the Pittam and Kapham. The flesh of the Medapuchcha is aphrodisiac and has properties similar to those of mutton. Beef is holy and refrigerant, proves curative in dyspnoea^ catarrh, cough^ chronic fever and in cases of a morbid craving for food (Atyagni), and destroys the deranged Vayu. The flesh of an animal with unbifurcated hoofs (Ekashapha such as, the horse and the mule etc.), has a slightly saline taste, and is possessed of properties similar to those of mutton. The flesh of an animal belonging to the Jangala group is said to increase the secretions of the internal organs.",Sushruta Samhitha,1,1001
What are the animals that frequent marshy places called and what are their properties as per Ayurveda?,"The animals that frequent marshy places (Anupas) may be divided into five groups such as Kulacharas, Plavas, Koshastha, Fadinas, and the piscatory Matsya. The flesh of an animal from this group is spermatopoietic and destroys deranged Vayu and Kapham. It is sweet in taste and digestion, cooling, tonic, demulcent, diuretic, and increases the quantity of Kapham.",Sushruta Samhitha,1,1003
"What is described above as good and whole-some, regarding the use of flesh in different species, and also about the heaviness or lightness of flesh from different body parts of an animal?"," The flesh of a female quadruped, or of a male bird, or of a small-bodied creature of a large-sized genus, and vice versa, is principally recommended to be used amongst quadrupeds, birds, and animals. Similarly the flesh of a small-sized creature amongst large-bodied ones of the same species should be pre-ferred as food. Now we shall discourse on the heav}' or light character of flesh obtained from different parts of the body of anÂ«animal. Of the different fundamental principles of the body from the blood to the semen, each succeeding one is heavier than the one* im- mediately preceding it in the order of ennumeration. Similarly, (of the different limbs or organs of a quartered animal such as), the thighs, the shoulders, the loins, the head, the legs_, the fore-extremities, the waist, the back, the skin, the kidneys, the liver and the intestines, each succeeding one is respectively heavier than the one immediately preceding it in the order. Metrical Texts: âThe head is heavier than the shoulders ; the shoulders, than the waist ; and the waist, than the back. Similarty, the upper parts of the Sakthi (thighs) are heavier than their lower ends.",Sushruta Samhitha,1,1007
Could you please explain to me the seven fundamental principles of my organism?,Ofthe seven fundamental principles of the organism,Sushruta Samhitha,1,1008
"What are the properties of a fruit-eating bird's flesh, a carnivorous bird's flesh, fish-eating bird's flesh, paddy-eating bird's flesh, and other animals' flesh mentioned in the text?","The flesh of a fruit-eating ^bird produces a state of extreme parchedness in the organism (of a person using k as food,) while that of a carnivorous one acts as a good constructive tonic. The flesh of a bird, vrhich Hves on 'fish, produces Pittam, while that of one, which lives on paddy (Dhan3^a), subdues the V^yu. Ofthe animals, that live in dry land or frequent marshy places, as well as of those which are domesticated, or are carnivorous in their habits, or are possessed of unbifurcated hoofs, or live by darting on their preys, or dwell in holes, or are possessed of long legs, or eat by pricking, or are in the habit of first scattering their food with their claws, the flesh of each preceding one is lighter and tends to give rise to a lesser secretion from the internal organs than the one immediately following it in the order of enumeration. Of animals belonging to the same genus, the flesh of one, which attains to an abnormally large size, should be rejected as inferior in pith or substance, and heavy as regards digestion. The flesh about the region of the liver of all animals should be regarded as the very best in respect of its dietic proper- ties, in absence whereof the flesh of a young animal not at all used up, or afllicted with any disease and just quartered that day, should be regarded as coming next best.",Sushruta Samhitha,1,1011
"What virtue of this fruit should I be ascribing, according to Ayurveda?",The Vataghna virtue of this fruit should be ascribed,Sushruta Samhitha,1,1012
What are the properties and benefits of Matulunga fruit?," It proves beneficial in cough and asthma, brings on a relish for food*, allays thirst and cleanses the throat. The rind of a Matulunga is a bitter vermifuge and is difficult to digest; it subdues the Vayu and Kapham. The layer of skin (lit. flesh), immediately underlying the rind of the Matulunga, is palatable, cooling in its potency, demulcent and heav}' of digestion, and also subdues the Vayu and Pittam. The membranous or cellular covering, which envelops its seeds, is light, stomac'nic, astringent and palatable. It produces Kapham and proves curative in cases of piles, abdominal glands (Gulma) and vomiting.",Sushruta Samhitha,1,1015
"What are the effects of various fruits mentioned in the Susruta Samhita on a person suffering from colic pain, indigestion, constipation, poor appetite, and disorders related to Vayu and Kapha imbalance, especially when the appetite for food is lost?","An unripe Amra tends to generate Vayu and Pittam, while one with closed polleni Vaddha-keshara type generates Pittam. Ripe Amra helps the formation of fresh blood, increases the formation of semen and subdues the Vayu and Pittam. The Amratakaf Hog-apple tends to increase Kapha in the system. Lakuclia tends to destroy semen and derange the three fundamental humours of the body. Karamardakam generates Kapha, allays thirst, and subdues Pitta and Kapha. Piyalam is heavy, cooling, spermatopoietic. Bhavyamis cleanses the mouth and subdues Pitta and Kapha. It is astringent, heavy, cooling and long retained in the stomach. Pardvatam destroys Vayu and reduces a voracious appetite. Nipalike old Amalaka fruits neutralizes the effects of poisons originated through the chemical combination of incompatible substances in the organism. Unripe Tintidika subdues Vayu, generates Pitta and Kapha in the organism, while in its ripe state it is astringent, hot-making and stomachic. It destroys Vayu and Kapha and restores a relish for food.",Sushruta Samhitha,1,1017
"Could you please explain to me the characteristics and effects on my body of the different fruits mentioned in Ayurveda, such as Kshiri-Vrikshas, Jamvava, Todana, Tinduka, Vakula, Dbanvana, xangeruka, and Ashmantaka?","genus Kshiri-Vrikshas is heavy and cooling, and is long retained in the stomach in an undigested state. It has a sweet, acid and astringent taste and does not inordinatel}' derange the Vayu. The fruit known as the Jamvava generates the Vayii. It is astringent, and subdues the Pittam and Kapham, while the Rajadanais demulcent, sweet, astringent and heav}'. The Todana is acid, astringent, and sweet in its taste and is parchifying and subdues the Pittam and Vayu. It is (heat-making) in its potency, easily digestible (light of digestion), astringent, demulcent and appetising and further generates the Pittam. Unripe Tinduka fruit is astringent, and heavy in digestion and produces Vayu in the organism, while in its ripe or fully matured stage it is sweet, and subdues the Kapham and Pittam. The Vakula fruit has a sweet and astrin- gent taste, is demulcent and astringent in its proper- ties, imparts a greater firmness to the teeth, and removes the viscid condition of the membranes. The fruit of the Dbanvana has an astringent taste, and is cooling and palatable and subdues the Vayu and Kapham. The fruit of the |xangeruka and Ashmantaka is possessed of similar properties as the preceding ones.",Sushruta Samhitha,1,1021
"Can you explain the properties of the Pushkara and Vilva fruits, and also if the Vimvi fruit and Ashva karna are galactagogic?","taste with a shade of the sweet, leases an astringent after-taste, is light of digestion, generates the Pittam, and subdues the Kapham; while in its ripe state it is sweet in taste, subdues the Vayu and Pittam, is sweet in digestion and coohng in its. ^O^ potency and proves curative in cases of haemoptysis. The Pushkara fruit is sweet, and is long retained in the stomach in ^n undigested state. It produces the Kapham and is tonic, and heavy of digestion (hard to digest). Raw and tender Vilva fruit subdues the Vayu and Kapham. It is keen, demulcent astringent, and appetising, has a pungent, bitter and astringent taste, and is heat-making in its potency, while in its ripe state it leaves a sweet after-taste. Further it is heavy of digestion, can be but incompletely digested, and is long retained in the stomach, causing it thus to distend and producing the emission of a fetid-smelling flatus. The Vimvi fruit, as well as that known as the Ashva karna, is galactagoguic.",Sushruta Samhitha,1,1025
What are those things that destroy the Pittam and Kapham in my body?,They destroy the Pittam and Kapham and prove,Sushruta Samhitha,1,1026
"Which fruits are beneficial for cases of thirst, burning sensation of the skin, fever, hgemoptysis, cough, asthma, and consumption, and act as constructive tonics while subduing Vayu and Pittam?","The fruits such as, the Tala, Narikela, Panasa and Maucba, etc. are sweet in taste and of digestion, and subdue the Vayu and Pittam. They are cooling in their potencies, and act as constructive tonics.",Sushruta Samhitha,1,1027
What are some properties and effects described in the Ayurvedic text regarding certain fruits and Bhallataka tree stems?,"shghtly bitter in taste, improves a rehsh for food, and is pleasant, aromatic and refreshing to the whole system. It subdues the Kapham and Pittam. The fruits such as the Vasiram, and the Shitapakyam, as well as the stems of Bhallataka trees, are hard to digest and are long retained in the stomach in an undigested condition. They tend to produce a state of dryness in the organism, derange the Vayu, are cooling in their potency, sweet of digestion, and prove curative in cases of heemoptysis. The fruits known as the Aii'avata and the",Sushruta Samhitha,1,1029
"What are the properties, uses, and effects of urine, Chitraka, Tilaparni, Varshabhu, Mulaka-Potika, and raw or immature Mulaka of larger species in Ayurveda?","urine, produce a state of dryness in the organism, are sharp and heat-making in their potency, and serv^e to derange the three fundamental humours ofthe body. The herbs called Chitraka and Tilaparni are light (of diges- tion), and subdue the Kapham and oedema. The herb known as the Varshabhu subdues the Vayu and Kapham. It proves beneficial in cases of oedema, abdominal dropsy and piles. The Mulaka-Potika has a pungent bitter taste. It is pleasant, appetising, light and throat-cleansing, tends to impart a greater relish to food, and subdues the action of all kinds of deranged humours. Raw or immature Mulaka of the larger species is heavy in digestion and long retained in the stomach in an undigested state. It is irritating and lends to produce a derangement of tlie three humours of the body, while boiled with oil or butter it acts as a denmlcent and subdues the ^'ayu, Pittam and Kapham.",Sushruta Samhitha,1,1033
"What are some conditions that can be attributed to Mulaka flowers, Rasona, Palandu, Kshira-Paldndu, Kalaya, Chuchchu, Jivanti, Vrikshadani, Phanji leaves, leaves of trees or plants belonging to the Kshira-Vriksa or to the Utpala group, Punarnava, Varuna, Tarkari, Uruvuka (white castor), Vatsadani, and Vilva etc. according to Susruta Samhita?","Mulaka flowers subdue Pittam and Kapham while their fruit subdues the Vayu and Kapham. Rasona is demulcent, heat-making, sharp, pungent, slimy, heavy and laxative, palatable taste and is tonic, spermatopoietic, improves voice, intellect*, complexion and adhesion of fractured bones, alleiviates heart-disease, indigestion, fever, Vivandha, Kukshi-Shula, Gulma, non-relish for food, cough, asthma, piles, Kushtha, dulness of appetite, swelling (Shopha), worms and diseases due to the Vayu and Kapham. Palandu is not excessively heat-making in its potency, has a pungent taste, is heavy, tonic and appetising, slightly generates the Pittam and Kapham, subdues the Vayu. The species known as the Kshira-Paldndu is demulcent, cooling in its potency, relishing, imparts steadiness to the fundamental principles of the body, is tonic, promotes the growth of flesh, improves the intellect and increases the Kapham, palatable, heav'', slimy and proves beneficial in cases of haemoptysis. Kalaya subdue Pittam and Kapham, generate Vayu, are heavy and sweet in digestion, leave an astringent after-taste in the mouth. The leaves of plants and trees known as the Chap. XLVI. SUTRASTHANAM subdue the Kapham, generate the Vayu and are astringent in their action and light of digestion. Of these, the Chuchchu is light of digestion, acts as a vermifuge, slimy, proves beneficial to ulcers, is sweet and astringent in taste and action, subdues the action of the three deranged humours (Tridosha). The Jivanti herb is beneficial to the eyes and subdues all kinds of deranged humours. The leaves of the Vrikshadani plant subdue the Vayu. Phanji leaves are slightly tonic. The leaves of trees or plants belonging to the Kshira-Vriksa or to the Utpala group are cooling in their potency, astringent in taste and action, prove beneficial in dysentery, (intestinal haemorrhage) and haemoptysis. The leaves of the Punarnava, Varuna, Tarkari, Uruvuka (white castor), Vatsadani, and Vilva etc., are heat-making in their potency, have a sweet and bitter taste, pacify the deranged Vayu.",Sushruta Samhitha,1,1038
"What Ayurvedic herbs are laxative, diuretic, sweet, alkaline, slightly generate Vayu and Kapha, cure hemoptysis, and have properties similar to Chilli or Palankya as mentioned in the Susruta Samhita?","The Ayurvedic herbs are Ashvavala, Chilli, Palankya, and Vastuka etc., as mentioned in the Susruta Samhita.",Sushruta Samhitha,1,1040
"What are some potherbs that are light and palatable, prove curative for various conditions such as haemoptysis, Kushtha, Meha, fever, dyspnoea, cough, create a relish for food, and have properties to subdue the deranged bodily humours?","The potherbs (leaves of edible plants) such as the Mandukaparni, Saptala, Siinishannaka, Suvarchala, Brahma-siivarch?lla, Pippali, Gudiichi, Gojihva, Kaka- machi; Prapunnada, Avalguja, Satina, Vrihati-phala, Kantak^rika-phala, Patola, Vartaku, Kararellaka, Katukika, Kevuka, Uruvuka, Parpataka, Kiratatikta, Karkotaka, Arishta, Koshataki, A'etra, Karira, Ataru- shaka, Arkapushpi, etc., are those.",Sushruta Samhitha,1,1042
"What are the described properties of deranged Kapham that give rise to dryness, lighten digestion, cool the system, enrage/agitate the bodily Vayu and Pittam, and belong to a category of potherbs?","deranged Kapham and give rise to a condition of dryness in the system. They are light of digestion, cooling in their potency, and tend to enrage or agitate the bodily Vayu and Pittam. The potherbs known as",Sushruta Samhitha,1,1044
Can you explain to me about the properties and effects of different herbs according to the description in the Susruta Samhita?,"bitter taste. The species Kurantika has an as|;ringent taste. The species called the Rajakshavak-Shakam, as well as the one called Sathi-Shakam, is astringent in its property, cooling in its potency, easily digestible and is not hostile to (does not enrage or aggravate), (subdues D.R.) the humours. The species known as the Harimanthajam is sweet in taste and diges- 5-20 THE SUSHRUTA SAMHITA. [ Chap. XLVi. tion but is difficult to digest. The species known as Knlayani (leaves of the Matara pulse; is purgative and sweet in taste. It produces a state of dryness in the organism and extremely generates the' Vayu. It tends t(i dislodge the deranged humours from their loca- tions in the upper part of the body Sramsanam). The Putikaranjas are heat-making in their potency and alleviate oedema and anasarca. They are pungent in digestion, easily digestible and subdue the Vayu and the Kapham. The leaves of the Tamvula are sharp, heat-making (in their potency; and bitter, astringent and pungent in taste. They tend to aggravate the Pittam, are aromatic, prove beneficial to the voice, and remove viscidness in the organism. They pacify the Kapham and Vayu in the system, are appetising, pun- gent in digestion and deodorant, and tend to remoAe the fetid smell in the mouth, cleanse it of all impurities and alleviate all itchinf^ sensations experienced inside its cavity. This ends the description of potherbs. The Flower Croup :âThe flowers of such trees as.the Kovidara, Shana, and Shalmali are sweet in taste and digestion and prove curative in cases oi haemoptysis The flowers of the Vrisha and Agastya have a bitter taste, are pungent in digestion and alleviate a wasting cough (Phthisis). The flowers of the Madhu-shigru and Karira are pungent in digestion.",Sushruta Samhitha,1,1048
"What properties do Vakulas, Xagam, Champakam, and Kinshukam have according to the Susruta Samhita, and what conditions do they treat?","Vakulas are sweet smelling and pleasant, permeating the whole system instantaneously. The Xagam is antitoxic and subdues Pittam and Kapham. Champakam is curative in cases of haemoptysis, both cooling and heat-making in its potency and subdues deranged Kapham. Kinshukam, like the Kurantakam, subdues Kapham and Pittam.",Sushruta Samhitha,1,1052
"What properties do various plants or mushrooms have according to their growth location and taste, as described in Ayurvedic texts?","the same properties which are natural to the tree or plant on which it grows. The (tehder stem) of the Madhu-Shigru is pungent in taste and subdues the deranged Kapham. The Kshavaka, the Kulechara, and the tender sprouts of Vansha^ etc., generate the deranged Kapham, and tend to increase the discharge of stool and urine. Metrical Texts: âThe Kshavakam helps the germination of worms in the intestines. It is slimy and sweet in taste, and tends to increase the secretions of the internal organs. It generates the Vfiyu and does not inordinately increase the Pittam and Kapham in the body. The tender sprouts of Venu generate Kapham and are sweet in taste and digestion. They can be but imperfectly digested and produce the Vayu in the organism. They have a slightly astringent taste and tend to produce a state of extreme parchedness in the system. The Udbhida Group :âMushrooms are generally found to grow on stacks of straw (Paiala), or are seen vegetating on the stems of bamboo (^Venu) or sugar-cane (Ikshu, or as sprouting up from beneath tlie surface of the ground (Udbhida), or growing on a heap of decomposed cow-dung (Karisha.) Of these, those which grow on stacks of (decomposed) straw Chap. XLVI. ] SUTRASTHANAM. ^23 (Palalam) are sweet in taste and digestion and tend to produce a state of dryness in the organism. They subdue the three'deranged humours of the body. Those which vegetate on the stems of sugar-canes (Ikshujam) have a sweet pungent taste. They leave an asti'ingent after-taste in the mouth and are cooh'ng in their potency. Mushrooms growing on decomposed cow- dung (Karisha) should be regarded as possessed of properties similar to those of the preceding class. They aggravate the Vayu, are heat-making in their potency, and have an astringent taste. Those which vegetate on the stems of bamboos (Venuja) have an astringent taste and tend to enrage or aggravate the bodily Vaj^u. ^Mushrooms which grow on the ground (Bhumija) are heav}' of digestion and do not inordinately generate the V^yu, their tastes varying according to the soil they grow on. â¢ Pinya'ka Group: âThe* Pinyaka {levigated pov,'deror cake of linseed or mustard pressed in an oil-mill), the Tilakalka (the levigated powder of sesamum of which the oil has been similarly pressed out), and the Sthunika-shuska-Shaka (leaves and stems of plants pasted and made into pills or balls) tend to enrage all the deranged humours. IVIctrical Texts:âSthunika balls are long retained in the stomach in an undigested state, thus giving rise to a distension of that organ, and ^24 '^HP: SUSHRUTA SAMHITA. [Chap. xlm. tend to enrage or aggravate the bodily Vayu. Moist Sindakis are the (leaves and stems of the Mulaka, etc. slightly boiled and pasted with pungent and aromatic spices and then made into balls.) There' are two kinds of Sindakis the dr}-- and the moist. They generate the Ysiyu and are appetising, and tend to impart a greater relish to food. All sweet or palatable potherbs are purgative and heavy of digestion, produce a state of dryness in the organism, are generally indigestible and long retained in the stomach in an undigested state, causing it to distend.",Sushruta Samhitha,1,1054
"Do different parts of a plant like flowers, leaves, fruits, stems, and bulbs follow an order where each subsequent one is easier to digest compared to the one before?","their taste. or flowers, leaves, fruits, stems and bulbs, each succeeding one is hea^ ier (of digestion) than the one immediately preceding it in the order of enumeration.",Sushruta Samhitha,1,1056
"What are the different types of salt described in the Sushruta Samhita, along with their properties?","The Sushruta Samhita describes several types of salt: 
1. Saindhava salt: It is beneficial to the eyes, palatable, relishing, light, appetising, demulcent, slightly sweet in digestion, spermatopoietic and cooling in its potency.
2. Samudra salt: It is sweet in digestion, not inordinately heat-making, purgative, slightly demulcent, and does not inordinately generate the Pittam.
3. Vida salt: It is a little alkaline, appetising, tends to produce dryness in the organism, beneficial in colic pain and diseases affecting the heart.
4. Sauvarchala salt: Light of digestion, heat-making, pungent taste, removes viscid-ness from the internal organism, curative for abdominal glands, colic pain, and incarceration of scybala in the bowels.
5. Romaka salt: Sharp and intensely heat-making, subdues the Vayu, increases secretion of internal organs, purgative and diuretic.
6. Audbhidam salt: Light, sharp, heat-making, acts as a moistener to internal organs, has a pungent bitter taste, restores deranged Vayu to its normal condition.
7. Gutika salt: Destroys the deranged Vayu and K^pham, vermifugal, appetising, digestant and purgative.
8. Shailamulaja (salt from a salt mine at the foot of a hill), Valukelam (from sandy soil) or Ushakshara (alkali) salt: Has a pungent taste, helps disintegrate Kapham, known as Katu salt.
The group of alkalis includes Javakshara (Carbonate of potash), Svarjikakshara, Pakima, and Tankana. These are known to have digestant or stomachic properties, reduce Vibondha (suppression of stool etc.), piles, abdominal glands, and are curative in cases of enlarged spleen.
Usharaksliara is heat-making, subdues the deranged Vayu, increases shmy (mucous secretions), detrimental to body strength. P^kima reduces obesity, causes a free and increased discharge of urine, known as bladder-cleanser.
Tankanakshdra generates dryness in the organism, generates Vayu, subdues Kapham, appetising, vermifugal.
Gold, silver, copper, Indian bell metal (Kansya), zinc, lead, pearls, corals, diamonds, sapphires, lapis lazuli, crystals are also mentioned for their properties.",Sushruta Samhitha,1,1062
"Doctor, among all fruits, which ones are considered the best according to Ayurveda?",Dhdtri and Dddhnva fruit are the best of all,Sushruta Samhitha,1,1063
"What are the acid kinds among pungent vegetables, the bitter ones among vegetables, and the highest ranked items in the list of sweet articles according to Ayurveda?","Pippali and Ndgara of all pungent, Patola and Vdrtdkam of all bitter vegetable substances. Honey and clarified butter occupy the highest place in the list of all sweet articles.",Sushruta Samhitha,1,1064
What are considered as the best according to Ayurveda?,Pugaphalam and Parushakam are the best of all,Sushruta Samhitha,1,1065
What foods are considered the best of their respective kinds according to this text?,"astringent fruit, sugar (pre-eminently the best of all the modifications of the sugar-cane juice), Madvirka and Asava (grape-juice), corn (lit: paddy) of a year's standing or matured for a year after being harvested, flesh of a young animal, well-cooked rice prepared that day, fully ripe fruit, fresh and tender potherbs should be deemed as the best of their respective kinds.",Sushruta Samhitha,1,1066
"What foods are considered very wholesome but might be heavy on digestion, and possess relishing, strength-giving, and tissue-building properties?","gloss and strength to the system. Moreover, that which has been cooked and prepared with clarified butter, curd, sour gruel (Kanjika), acid fruits (as the pomegranate etc.) pungent and some aromatic condiment, (as black pepper, etc.) should be considered as a very wholesome diet, though heavy of digestion. It is possessed of relishing, strength-giving and tissue- building properties.",Sushruta Samhitha,1,1068
"What are the properties of meat that has been cooked and prepared in various ways like Parishushka-Mansa, Ullupta-Mansam, Bharjita, Pishta, Pratapta, Kandupachita, Pradigdha, and Shulyam (cabob), as described in The Susruta Samhita?","meat, thickened with milk curd and clarified butter, and seasoned and cooked with such aromatic condi- ments (as black pepper, asafoetida, etc.), tends to aggravate the Pittam and Kapham, and acts as an appetising, constructive tonic. The meat, which has been several times fried with clarified butter and then boiled in warm water and afterwards prepared dry with such condiments as Jiraka, etc. (so as to have all the butter and seasonings fully absorbed in its body âParishushka-Mansa) should be considered as a tooth- some, exhilarating, emulcentfood, though heavy ofdiges- tion. It imparts firmness to the limbs and increases a relish for food, improves the appetite and intellect, 536 THE SUSHRUTA SAMHITA. [ Chap. XLVI. builds up fresh tissues, gives rotundity to the frame, and produces an increased quantity of semen and (ojas) albumen in the organism. Tue meat cooked and prepared in the foregoing manner, when minced and made into cakes, is called Ullupta-Mansam, which resembles the above-said Parishushka-Mansam in its properties, though it is lighter than the latter owing to the fact of its having been cooked over a charcoal fire. The same meat, cooked on an iron rod over a charcoal fire, becomes a little heavier as far as digestion is concerned, inasmuch as it is roasted with clarified butter, etc. The varieties of cooked meat such as, the Ullupta (minced meat), the Bharjita (fried), the Pishta (made into balls or cakes), the Pratapta (roasted with clarified butter over a charcoal fire), the Kandupachita (dipped in mustard oil and powdered aroiuatic condiments and roasted and done to a honey colour over a charcoal fire), the Parishuska and the Pradigdha go by the general name of Shulyam (cabob). Of the varieties of Shulyam, those which are boiled with oil should be considered as heat-making in their potency, heavy of digestion and as generating the Pittam, Avhile those, which have been fried with clarified butter, should be regarded as light, appetising, agreeable, relishing, beneficial to the eyes, and cooling in their potenc}'.",Sushruta Samhitha,1,1070
What is the definition of a tbin meat soup according to SUTRASTHANAM?," A tbin meat soup is a pleasant tonic, and proves beneficial in cases of dyspnoea, cough, and consumption. It subdues the Pittam and Kapham, destroys the V^yu, and has an agreeable taste. It is wholesome to persons of weak memory and reduced semen, as well as to those suffering from cachexia peculiar to chronic fever, from general emaciation of the body, from ulcerative endo- carditis (Urakshata;, or from diseases affecting the voice or the albumen (ojas). It is known to bring about an adhesion and reduction of fractured and dislocated bones, and increases the quantity of semen and oja (albumen) in subjects found wanting in those two important principles of hfe. Meat-soup, prepared with the juice of the Dadima, etc., and seasoned with pungent condiments, increases the quantity of semen and tends to subdue the action of all the three deranged humours of the body.",Sushruta Samhitha,1,1072
What are Kshira Bhakshyas according to Ayurveda?,"Kshira Bhakshyas (flour dissolved and stirred in n'ilk with sugar, etc.) is a term used in Ayurveda. It refers to confectionary which are prepared according to their tastes, potencies, and digestive reactions. This type of confectionary made with modifications of milk is known as Kshira Bhakshyas. They are tonic, spermatopoietic, agreeable, appetising and aromatic, and tend to impart rotundity to the frame.",Sushruta Samhitha,1,1082
"What are the articles of food that impart a relish to the food, are heavy in respect of digestion, extremely palatable and strength-giving?","Sattakas (curd cream saturated with unrefined sugar and powdered Trikatus, and then filtered through a piece of clean linen, and seasoned with camphor and pomegranate seeds)",Sushruta Samhitha,1,1086
"Doctor, I have been experiencing a taste that is naturally acidic in my mouth. Could this be something you can help me understand?",Certain people oppressed with an acid taste naturally,Sushruta Samhitha,1,1089
What foods or drinks can I benefit from if I have a craving for sweets after a full meal according to Ayurveda?,"Cold water and warm water> Asava( wine), Madya (spirits), the soup of Mudga pulse etc., the juice of acid fruits, sour paddy gruel, milk and essence of meat are generally used as drinks after a full meal. Of these, that alone which would prove beneficial to a person should be given him in an adequate quantity.",Sushruta Samhitha,1,1090
"What is the requirement for a potion to be consumed, considering my current health condition, the time of year, and the characteristics of any solid I might consume?","after-drink (potion) required in each case after taking into consideration the nature of the disease under treatment, the season of the year, and the properties of the solid or",Sushruta Samhitha,1,1092
"What is the sequence for taking Chuchchu, potherbs etc., Triphala wine and Kusumbha potherbs' Asava (wine), according to the text?","Chuchchu, potherbs etc. Triphala wine should be taken after the Jivanti, potherbs, etc., and the same rule should be observed in respect of Kusumbha potherbs. The Asava (wine) of the drugs known as the Mahd",Sushruta Samhitha,1,1096
What are the recommendations for after-drinks in Ayurveda according to the Susruta Samhita?,"Wines of acid fruit should be taken after the pitli or marrow of such trees as the Date-pahn, Tala, etc. The wine known as the Surasava, or fermented rice gruel should he taken after an excess of Saindhava salt, etc. Water may be* taken in absence of the proper after-drink in all cases.",Sushruta Samhitha,1,1098
What does the text say about consuming food and drinks during meals and afterwards?,"meal tends to produce a gradual emaciation of the frame; the one taken during the course of a meal guards against both its thinning and corpulency, while the one drunk at the close of a meal serves to greath' add to its growth and rotundity. Hence, drinking at meals should be most judiciously determined and taken with the greatest forethought and discretion. Thefood carried down into the stomach of a person unused to such liquids long retains undigested and resists being con- verted into chyme or being digested, and becomes a positive source ofdiscomfort. Hence, the use of an after- potion is imperatively obligatory on all human beings, except those suffering from dyspnoea, cough, ulcerative endocarditis ( Urahkshata), ptyalism, aphonia, and from diseases affecting the part of the body situated above the clavicles. After the use of an after-potion, a long walk, a lengthy conversation, singing, sleeping and reading should be refrained from, in order that the im.bibed potion may not affect the stomach, and (aggravate the bodily humours) which taking lodgment about the regions of the throat and chest may give rise to a secretion of mucous, impair the appetite, develop such distressing symptomsas vomiting etc., and produce many other distempers as well.",Sushruta Samhitha,1,1100
What factors have a greater impact on the properties of certain substances ?,"The properties depend more upon the mode of cooking or preparing them, the quantity in which they are taken, the food itself (especially boiled rice), the quantity of its use, and the time (of its maturity) than upon the nature of the substances themselves.",Sushruta Samhitha,1,1102
What are the rules to be observed in connection with eating according to the Sushkuta Samhita?,"The kitchen should be made spacious and kept clean and pure, and none but the trusted ones should have access thereto. The physician should get the food or diet prepared by experienced cooks (so as to impart to it the taste and the colour he desires), and have it kept at a clean and pure spot, concealed from the view of the public. After that, the food having been made innocuous by the admixture of anti-toxic medicines, and freed from all poison by reciting (an Arthavan) mantra over it, and having been besprinkled with the water of mystic incantation, should be served (to the king). Serving of a meal: âNow I shall describe the mode of serving out the different dishes. Clarified butter should be served out in a vessel of steel (Kanta-Loha); Peya, in a silver bowl ; and all kinds of fruit and confectionary (such as the Laddukas), on leaves.",Sushruta Samhitha,1,1104
"Doctor, when food is consumed with a good appetite, does it taste pleasant?",Food eaten with a good appetite tastes pleasant,Sushruta Samhitha,1,1109
What does Ayurveda say about food and digestion?,"and relishing. The food which is congenial to one's temperament begets no discomfort after the eating. Light food is soon digested. Emollient food gives tone and vigour to the system. Warm food improves the appetite. Food eaten neither too slowlv nor too hurriedly is uniformly digested. Food abounding in Chap. Xl.VI.j SUTRASTHAXAM. 559 fluid components is not iniperfecth' digested, nor is attended by any acid reaction. Moderation in food leads to a happy and perfect digestion and tends to maintain the fundamental ]irinciples of the bodv in tlieir normal state. * During the cold months, when the nights are longer, substances, which tend to subdue the bodily humours which are naturally deranged during that season, should be eaten in the morning, while during the seasons, when the days are inordinately long, things which are congenial in those seasons should be eaten in the afternoon. (In spring and autumn ) when days and nights are equal, the meal should be taken just at the middle part of the day and night.*",Sushruta Samhitha,1,1110
"What are the consequences of eating at an improper time or before my appetite is fully come, according to Susruta Samhita?","Eating at an improper time and before the system feels light and free brings on a large number of diseases, and may ultimately lead to death. A meal eaten at an hour long after the appointed time tends to aggravate the bodily Vayu, which affects digestion. The food thus digested with difficulty in the stomach creates discomforts and destroys all desire for a second meal. Insufficient diet gives but inadequate satisfaction, and tends to weaken the body.",Sushruta Samhitha,1,1112
"'Doctor, according to Ayurveda texts, how should food that sticks to my teeth be handled?'",'Food adhering to the teeth should be gently drawn',Sushruta Samhitha,1,1115
"What are the ways to subdue Kapham after a meal as mentioned in Susruta Samhita, and how should an intelligent eater rest afterwards?","digestion, the Pittam, during the continuance of the process, while the Kapham is increased immediately after the act of eating. Hence, the Kaphamis to be subdued after the close of a meal, and the intelli- gent eater should attain that end by partaking fruit 71 562 THE SUSHRUTA SAMHITA. [ Chap. XLVi. of an astringent, pungent, or bitter taste, or by chewing a betel leaf prepared with broken areca nut, camphor, nutmeg, clove, etc., or by smoking, or by means of anything that instantaneously removes the viscidity Mn the cavity of the mouth, and permeates it with Its own essence. Then the eater should take rest, like a king, till the sense of drowsiness incidental to eating is removed.",Sushruta Samhitha,1,1118
What are the recommendations for a man after eating a meal according to Ayurveda?,"After eating, a man should enjoy soft sounds, pleasant sights and tastes, sweet per- fumes, soft and velvety touch, in short anything that ravishes the soul and enwraps the mind with raptures of joy, since such pleasurable sensations greatly help the process of digestion. Sounds, which are harsh and grating, sights, M'hich are abominable, touches, that are hard and unpleasant, smells, which are fetid and dis- agreeable, encountered after a meal, or the eating of impure and execrable boiled rice, or a loud side- splitting laugh after a meal is followed by vomiting. The after-meal siesta should not be long and continuous ; basking before a fire, exposure to the sun, travelling, driving in a carriage, swimming, bathing etc., should be avoided just after the close of a full and hearty meal. A diet which abounds in fluid courses should be refrained from. Only a single taste should not be enjoyed in the course of a meal.  Cooked potherbs, boiled rice of inferior quality, and a course of diet abounding in acid taste should be avoided. Articles of one taste should not be eaten in large quantities at a time, nor articles of various tastes should be constantly indulged in. A second meal should not be eaten on the same da}' in the event of the appetite having become dulled by a previous meal.",Sushruta Samhitha,1,1120
What are the dietary recommendations for a person with impaired digestive functions and dull appetite?,"seriously impairs the digestive functions. A man of dull or impaired appetite should refrain from eating heavy articles of food, as well as from partaking of large quantities of light substances. Cakes should never be eaten, and a double quantitiy of water should be taken if they are eaten at all out of hunger, by which their safe digestion would be ensured. Of drinks, lambatives and confectionary (solid food), each succeeding one is heavier than the one im-mediately preceding *it in the order of enumeration.",Sushruta Samhitha,1,1122
What are the factors that interfere with proper digestion of food and develop symptoms of indigestion according to Susruta Samhita?,"Drinking of an abnormal quantity of water, irregular eating, voluntary suppression of any natural urging of the body, sleep in the day, keeping of late hours in the night, partaking of a light food with a strong appetite are the factors which interfere with the proper digestion of food and develop symptoms of indigestion.",Sushruta Samhitha,1,1124
"Doctor, I have a condition where there are no acid or sour burps and I don't feel like eating even though my burps seem normal, if any.","is characterised by the absence of any acid or sour eructations, but the patient feels no inclination for food inspite of the normal character of the eructations, if any.",Sushruta Samhitha,1,1126
What are the unfavorable symptoms of various types of indigestion according to Ayurveda and what remedies are recommended for each?,"region of the heart, and water-brash. The unfavourable symptoms of indigestion are sudden loss of conscious- ness, delirium, vomiting, water-brash, languor with a gone-feeling in the limbs, and v^tigo, etc., which may end in death. Fasting is beneficial in a case of Amajirnam indiges- tion. Ejection of the contents of the stomach giv^s relief in a case of Vidagdha indigestion. Fomentation will alleviate a case of Vishtavdha indigestion, while in an indigestion of unassimilated chyle, the patient should be confined to bed and fomentations and digestive medicines should be administered as well.",Sushruta Samhitha,1,1128
"What are the different properties described in Ayurveda, their actions, and any related effects?","matter with their specific actions. Fluidity is moisten- ing. Compactness is thickening and obstructive. Humidity is like shminesS. Roughness is like absorp- tion. Odoriferousness is pleasurable, subtile, mild and relishing. Fetidness [s the opposite of -odoriferousness, produces nausea, and brings on a non-rehsh for food.",Sushruta Samhitha,1,1132
"What are the twenty qualities or virtues that have been described, as per SutraSthanam. 569, Chapter XLVL, in relation to the root principles of the body and their ability to affect a substance's instantaneous permeation and penetration into the organism?","humours. Narcotism changes the condition of vitality. Expansiveness (like that of wine) is the property in virtue of which a drug or a substance instantaneously permeates the whole organism and is subsequently digested. Evolution or Emanativeness is somewhat identical in its virtue with expansiveness with the exception that it permeates the organism in its undigested state, aud tends to disintegrate the J Chap. XLVL] SUTRASTHANAM. 569 root prfhciples of the body. Instantaneoiisness, like the expansion of a drop of oil cast into a bowl of water, helps to permeate the whole organism simultaneously with the use of a drug. Subtility is the quality in virtue of which a thing can penetrate into the smallest capillaries and channels of the body.",Sushruta Samhitha,1,1134
Is Kaphftm the excreted part of the lymph?,Kaphftm is the excreted portion of the lymph,Sushruta Samhitha,1,1137
"What are the excreted portions of flesh, fat, bones, and marrow according to Ayurveda as mentioned in the Sutrastharnam of Sushruta Samhita?","chyle, the Pittam is that of the blood, the waxy impurities found in the tympanum, etc., are the excreted portions of flesh. Perspiration is the excreted matter of fat. Nails and hair are the excreted portions of the bones. The waxy deposits found in the corners of the e3'es, and the oily secretions which sometimes mark the skin are the excreted por- tions of marrow.",Sushruta Samhitha,1,1138
